竣工时,图片,前型,现状,满载排水量,简介,制造厂,续航距离,水上排水量,主炮,型宽,改装前,次型,潜航深度,大类,类型,编制,舰长,产国,活动范围,航速,同型,名称,建造时间,_id,关注度,下水时间,满排吨位,服役时间,装备
NULL,NULL,NULL,退役,31900吨,NULL,NULL,NULL,NULL,NULL,29米,NULL,NULL,NULL,舰船舰艇,战列舰,NULL,182米,苏/俄,NULL,21节,NULL,尼古拉一世级 战列舰,1915年,{'$oid': '5cc9318b831b973d657f1525'},NULL,1916年,10000-50000吨,NULL,NULL
NULL,http://images.huanqiu.com/sarons/2014/02/32ee90a5efc1ac453fe8216f0677fde1.jpg,NULL,NULL,40605吨,NULL,NULL,6070海里/12节(现代化改装后7310海里/18节),NULL,NULL,32.4米,NULL,NULL,NULL,舰船舰艇,战列舰,1300人,185.3米,美国,NULL,21节,NULL,宾夕法尼亚级,1913年,{'$oid': '5cc9318b831b973d657f1526'},NULL,1915年,10000-50000吨,1916年,NULL
NULL,http://images.huanqiu.com/sarons/2014/01/b93e52e3de55b4a10651b325b80988ce.jpg,NULL,除籍,11565吨,"
亚拉巴马号战列舰（舷号BB-8）是一艘隶属于美国海军的战列舰，为伊利诺伊级战列舰的二号舰。她是美军第四艘以亚拉巴马州为名的军舰。
",纽波特纽斯造船厂 ,4190海里/10节,NULL,NULL,21.69米,NULL,NULL,NULL,舰船舰艇,战列舰,496人,112.62米,美国,NULL,17.45节,NULL,BB-8/亚拉巴马号/Alabama战列舰,1896年12月1日,{'$oid': '5cc9318b831b973d657f1527'},NULL,1898年5月18日,10000-50000吨,1900年10月16日,NULL
NULL,http://images.huanqiu.com/sarons/2014/01/448338ce74e461c190148c26b666b212.jpg,NULL,NULL,7355吨,"
定远号是清朝海军舰队北洋水师的战舰之一，其同型舰（定远级铁甲舰）为镇远号。与镇远号一样，定远号同为清廷向德国订购的战舰之一，于什切青的伏尔铿造船厂建造，为大清国北洋舰队的主力舰。
",德国伏尔铿造船厂 ,1 214.9海里/10节,NULL,NULL,18.4米,NULL,NULL,NULL,舰船舰艇,战列舰,363人,94.5米,德国,NULL,14.5节,NULL,定远舰战列舰,1881年3月31日 ,{'$oid': '5cc9318b831b973d657f1528'},(4.2分),1881年12月28日 ,5000-10000吨,1885年10月29日 ,NULL
NULL,NULL,NULL,退役,33500吨,NULL,朴茨茅斯造船厂,7500海里/12.5节，2400海里/21节,NULL,NULL,27米,NULL,NULL,NULL,舰船舰艇,战列舰,940人,190.3米,苏/俄,NULL,21.5节,NULL,阿尔汉格尔斯克号战列舰,1914年,{'$oid': '5cc9318b831b973d657f1529'},NULL,1915年,10000-50000吨,NULL,NULL
NULL,NULL,NULL,退役,24000吨,NULL,NULL,3000海里/16节,NULL,NULL,27.33米,NULL,NULL,NULL,舰船舰艇,战列舰,1252人,168米,苏/俄,NULL,21节,NULL,玛丽皇后级 战列舰,1911年,{'$oid': '5cc9318b831b973d657f152a'},NULL,1913年,10000-50000吨,NULL,NULL
NULL,NULL,NULL,退役,25850吨,NULL,NULL,5000海里/10节，4000海里/16节，900海里/23节,NULL,NULL,26米,NULL,NULL,NULL,舰船舰艇,战列舰,1250人,181.2米,苏/俄,NULL,24.6节,NULL,塞瓦斯托波尔级/甘古特级战列舰,1909年,{'$oid': '5cc9318b831b973d657f152b'},NULL,1910年,10000-50000吨,1911年,NULL
NULL,http://images.huanqiu.com/sarons/2014/01/1ed84b735d4433cce346051da5ac5342.jpg,NULL,除籍,11540吨,"
肯塔基号战列舰（舷号BB-6）是一艘隶属于美国海军的战列舰，为奇沙治级战列舰的首舰。
",纽波特纽斯造船厂,5070海里/10节,NULL,NULL,21.69米,NULL,NULL,NULL,舰船舰艇,战列舰,513人,112.62米,美国,NULL,16.82节,NULL,BB-6/肯塔基号/Kentucky 战列舰,1896年6月30日,{'$oid': '5cc9318b831b973d657f152c'},NULL,1898年3月24日,10000-50000吨,1900年5月16日,NULL
NULL,http://images.huanqiu.com/sarons/2013/12/ba98426f9722249d9a127b803ed7deea.jpg,NULL,NULL,38536吨,"
日本战列舰——扶桑号（Fuso） 早期线形 现代化改造后 扶桑号（ふそう）战列舰是日本海军扶桑级战列舰1号舰。由日本独自设计的第一只超弩级战舰。扶桑号(Fuso)，建于吴县海军造船厂，1912年3月11日开工，1914年3月28日下水，1915年11月18日竣工。
",吴县海军造船厂,8000海里/14节，改装后续航力11800海里/16节,NULL,NULL,28.65米,NULL,NULL,NULL,舰船舰艇,战列舰,1447人,205米,日本,NULL,24.7节,NULL,扶桑号/Fuso战列舰,1912年3月11日,{'$oid': '5cc9318c831b973d657f152d'},NULL,1914年3月28日,10000-50000吨,1915年11月18日,NULL
NULL,NULL,NULL,NULL,65150吨,NULL,苏联第四设计局,1890海里/28节，4300海里/21节，6300海里/14.5节,NULL,NULL,38.9米,NULL,NULL,NULL,舰船舰艇,战列舰,2230人,269.4米,苏/俄,NULL,29节,NULL,23型/苏联级 战列舰,1938年,{'$oid': '5cc9318c831b973d657f152e'},NULL,NULL,10000-50000吨,NULL,NULL
NULL,NULL,NULL,NULL,44800吨,NULL,NULL,16320海里/15节， 5740海里/25节,NULL,NULL,32.98米,NULL,NULL,NULL,舰船舰艇,战列舰,1880人,222米,美国,NULL,27节,NULL,北卡罗来纳级 ,1937年,{'$oid': '5cc9318c831b973d657f152f'},NULL,1941年,10000-50000吨,NULL,NULL
NULL,http://images.huanqiu.com/sarons/2013/12/423fba274eb6227f635cc0639f95e5e8.jpg,NULL,1945年8月31日除籍,72809吨,"
武藏（日语：武蔵、むさし）是第二次世界大战中建造的日本海军大和级战列舰的二号舰。当时是以武藏为名字。武藏是日本古国名，即日本东海道的武藏国。
",长崎市三菱造船所,7200海里/16节 ,NULL,NULL,38.9米,NULL,NULL,NULL,舰船舰艇,战列舰,3300人,263米,日本,NULL,27节,NULL,武藏号/Musashi 战列舰,1938年3月29日,{'$oid': '5cc9318c831b973d657f1530'},NULL,1940年11月1日,50000吨以上,1942年8月5日,NULL
NULL,http://images.huanqiu.com/sarons/2013/12/fd3e679841f27b845dde2d99d666eb4f.jpg,NULL,1914年7月21日除籍,13000吨,NULL,克雷普父子造船厂,5800海里/10节,NULL,NULL,23米,NULL,NULL,NULL,舰船舰艇,战列舰,744人,116米,美国,NULL,17节,NULL,BB-23/密西西比号战列舰,1904年5月12日,{'$oid': '5cc9318c831b973d657f1531'},NULL,1905年9月30日,10000-50000吨,1908年2月1日,NULL
NULL,http://images.huanqiu.com/sarons/2013/12/ffa10bdb3c25c16e2948213755cc270d.jpg,NULL,1948年7月31日作靶舰击沉,28400吨,"
内华达号战列舰（舷号BB-36）是一艘隶属于美国海军的战列舰，为内华达级战列舰的首舰。她是美军第二艘以内华达州为名的军舰，亦是美国首批超级无畏舰。内华达号在1912年于霍河造船厂建造，于1914年下水，在1916年服役。其时第一次世界大战已经爆发，内华达号一直留在近海训练。美国参战后，内华达号被派到英国海域，加入英国本土舰队，主要负责护航任务。
",霍河造船厂,8000海里/10节,NULL,NULL,29米,NULL,NULL,NULL,舰船舰艇,战列舰,809人,178米,美国,NULL,20.9节,NULL,内华达号战列舰,1912年11月4日,{'$oid': '5cc9318c831b973d657f1532'},NULL,1914年7月11日,10000-50000吨,1916年3月11日,NULL
NULL,http://images.huanqiu.com/sarons/2013/12/b22935d3da24ec87d44a3e42c65c5606.jpg,NULL,取消建造,NULL,"
南达科他级战列舰（South Dakota Class）是美国海军在第一次世界大战后的“三年造舰计划”中，计划建造的最高级别的战列舰，在1920年时起造。该级战列舰在1922年华盛顿海军条约签订后（即“海军假日”时期）取消建造。
",NULL,NULL,NULL,NULL,NULL,NULL,NULL,NULL,舰船舰艇,战列舰,NULL,NULL,美国,NULL,NULL,NULL,南达科他级战列舰(1920年) ,1920年,{'$oid': '5cc9318c831b973d657f1533'},NULL,NULL,NULL,NULL,NULL
NULL,http://images.huanqiu.com/sarons/2013/12/a705c2c2af318137c152fff623cf419f.jpg,北卡罗莱纳级,退役,45200吨,"
南达科他级战列舰（South Dakota class battleship）是美国海军在北卡罗莱纳级战列舰基础上改进设计的一种战列舰。南达科他级战列舰是美国海军1939年始建的一级战列舰，也是美国海军目前为止倒数第二级战列舰(衣阿华级的前一级)。这一级战列舰在太平洋战争中发挥着重要作用，是美国二战期间战列舰兵力的中坚。
",NULL,17000海里/15节,NULL,NULL,33米,NULL,爱荷华级,NULL,舰船舰艇,战列舰,1793人,207.4米,美国,NULL,27节,南达科他号（BB-57）、印第安那号（BB-58）、马萨诸塞号（BB-59）、亚拉巴马号（BB-60）,南达科他级战列舰(1941年),1939年,{'$oid': '5cc9318d831b973d657f1534'},NULL,NULL,10000-50000吨,1941年,NULL
NULL,http://images.huanqiu.com/sarons/2013/12/aa3055cb189f1f86df55233cc917dca7.jpg,依阿华级,退役,70500吨,"
蒙大拿级战列舰（Montana class battleship，首舰蒙大拿号 USS Montana BB-67）是美国海军在第二次世界大战期间计划建造、但从未实际建造的一艘战列舰。是美国海军设计的最高级别的战列舰。
",NULL,15000海里/15节,NULL,NULL,36.9米,NULL,NULL,NULL,舰船舰艇,战列舰,2355人,280.9米,美国,NULL,28节,蒙大拿(BB-67)/俄亥俄(BB-68)/缅因(BB-69)/新罕布什尔(BB-70)/路易斯安娜(BB-71),蒙大拿级战列舰/Montana ,第二次世界大战期间,{'$oid': '5cc9318d831b973d657f1535'},NULL,NULL,50000吨以上,NULL,NULL
NULL,http://images.huanqiu.com/sarons/2013/12/64bfb1ac3558284f63403699ca491e16.jpg,奇沙治级,NULL,46000吨,"
美国海军首批仿照欧洲海军建造的前无畏舰，并装设有重型装甲及舰炮。海军一共建造了三艘印第安纳级战列舰。
",克雷普父子造船厂,5640海哩/10节,NULL,"2门13吋/35双联装火炮副炮",32.9米,NULL,NULL,NULL,舰船舰艇,战列舰,441人,207.3米,美国,NULL,15节,改良,印第安纳级战列舰/Indiana,NULL,{'$oid': '5cc9318d831b973d657f1536'},NULL,NULL,10000-50000吨,1895年—1919年,NULL
NULL,http://images.huanqiu.com/sarons/2013/12/75864cb6cad0bfeee422eaae5168f9bf.jpg,NULL,退役,44800吨,华盛顿号战列舰（USS WashingtonBB-56）是一艘隶属于美国海军的战列舰，为北卡罗来纳级战列舰的二号舰。她是美军第三艘以华盛顿州为名的军舰。华盛顿号战列舰于1938年6月14日在费城海军港开工建造，1941年5月15日开始服役。1941年12月，华盛顿号成为威尔考克斯海军少将的旗舰，指挥第六战列舰分舰队和大西洋战列舰编队。1942年4月4日，华盛顿号加入英国本土舰队，与英国战舰一起护送船队，将战争物资送往摩尔曼斯克。,费城造船厂,15000海里/15节,NULL,NULL,33米,NULL,NULL,NULL,舰船舰艇,战列舰,2134人,222.2米,美国,NULL,27节,NULL,BB-56/华盛顿号战列舰/Washington,1938年6月14日,{'$oid': '5cc9318d831b973d657f1537'},NULL,1940年6月1日,10000-50000吨,1941年5月15日,NULL
NULL,http://images.huanqiu.com/sarons/2013/12/ab9958236c47d827c9b214b984b6c111.jpg,NULL,NULL,56270吨,"
艾奥瓦号战列舰（舷号BB-61）是一艘隶属于美国海军的战列舰，为艾奥瓦级战列舰的首舰。她是美军第四艘以艾奥瓦州为名的军舰。艾奥瓦号在1940年按照第二次文森法案（Second Vinson Act），于布鲁克林造船厂开始建造，在1942年下水，并在1943年服役，1949年第一次退役。
",布鲁克林造船厂,20150海里/15节,NULL,NULL,32.97米,NULL,NULL,NULL,舰船舰艇,战列舰,1512人,270.433米,美国,NULL,33节,NULL,BB-61/艾奥瓦号/Iowa战列舰,1940年6月27日,{'$oid': '5cc9318d831b973d657f1538'},NULL,1942年8月27日,50000吨以上,1943年2月22日,NULL
NULL,http://images.huanqiu.com/sarons/2013/12/58bd3e1131534c2532e685fe0bceb0ce.jpg,NULL,1923年11月10日除籍,17700吨,"
新罕布什尔号战列舰（舷号BB-25）是一艘隶属于美国海军的战列舰，为康涅狄格级战列舰的六号舰。她是美军第二艘以新罕布什尔州为名的军舰，亦是美国最后一艘建成的前无畏舰。
",纽约造船厂,6620海里/10节,NULL,NULL,23米,NULL,NULL,NULL,舰船舰艇,战列舰,827人,139米,美国,NULL,18节,NULL,BB-25/新罕布什尔号,1905年5月1日,{'$oid': '5cc9318e831b973d657f1539'},NULL,1906年6月30日,10000-50000吨,1908年3月19日,NULL
NULL,http://images.huanqiu.com/sarons/2013/12/f4dd394345438bb0eeb5a16b218fcd01.jpg,印第安纳级,NULL,11540吨,"
奇沙治号战列舰(舷号BB-5)是一艘隶属于美国海军的战列舰，为奇沙治级战列舰的首舰。她是美军第二艘以奇沙治为名的军舰，以继承南北战争中北军的一艘同名单桅纵帆船。由于该帆船的战绩彪炳，美军特意将新一艘战列舰继承其舰名，而非按传统以美国州份命名。
",NULL,5070海里/10节,NULL,"2门13吋/35双联装火炮副炮",22.02米,NULL,伊利诺伊级,NULL,舰船舰艇,战列舰,553人,125米,美国,NULL,16节,NULL,BB-5/奇沙治号战列舰,1896年,{'$oid': '5cc9318e831b973d657f153a'},NULL,1898年,10000-50000吨,1900年,NULL
NULL,NULL,NULL,退役,37500吨,NULL,NULL,20500海里/10节，9700海里/18节,NULL,NULL,29.7米,NULL,NULL,NULL,舰船舰艇,战列舰,2100人,190.2米,美国,NULL,21节,NULL,科罗拉多级,1919年,{'$oid': '5cc9318f831b973d657f153b'},NULL,1921年,10000-50000吨,1923年,NULL
NULL,http://images.huanqiu.com/sarons/2013/12/e5621dc9b2dd41cec457f07d38ddfb36.jpg,NULL,退役,17700吨,康涅狄格号战列舰（舷号BB-18）是一艘隶属于美国海军的战列舰，为康涅狄格级战列舰的首舰。她是美军第四艘以康涅狄格州为名的军舰。康涅狄格号在1903年于纽约布鲁克林造船厂开始建造，并在1904年下水，最终在1906年服役。,布鲁克林造船厂,6620海里/10节,NULL,NULL,23.42米,NULL,NULL,NULL,舰船舰艇,战列舰,785人,152米,美国,NULL,18节,NULL,BB-18/康涅狄格号战列舰/Connecticut ,1903年3月10日,{'$oid': '5cc9318f831b973d657f153c'},NULL,1904年9月29日,10000-50000吨,1906年9月29日,NULL
NULL,NULL,南达科他级,NULL,58000吨,NULL,NULL,16600海里/15节，9600海里/25节,NULL,NULL,32.92米,NULL,蒙大拿级,NULL,舰船舰艇,战列舰,58000人,270.4米,美国,NULL,31节,衣阿华号（BB61)新泽西号（BB62）密苏里号（BB63)威斯康星号（BB64）伊利诺伊号（BB65）肯塔基号（BB66）,衣阿华级战列舰,1943年,{'$oid': '5cc9318f831b973d657f153d'},NULL,NULL,50000吨以上,1990年,NULL
NULL,http://images.huanqiu.com/sarons/2013/12/47797dc0e23955faf5da639eb1f71412.jpg,NULL,NULL,70965吨,NULL,NULL,15000海浬/15节,NULL,NULL,37米,NULL,NULL,NULL,舰船舰艇,战列舰,2240人,280.3米,美国,NULL,28节,NULL,BB-51/蒙大拿号战列舰/Montana ,1920年9月1日,{'$oid': '5cc9318f831b973d657f153e'},NULL,NULL,50000吨以上,NULL,NULL
NULL,NULL,NULL,退役,33590吨,"
西弗吉尼亚号战列舰（USS West VirginiaBB-48）是一艘隶属于美国海军的战列舰，为科罗拉多级战列舰的三号舰。她是美军第二艘以西弗吉尼亚州为名的军舰，亦是美国在1934年文森-特里梅法案（Vinson-Tramell Act）通过前最后一艘建成的战列舰。
",纽波特纽斯造船厂,8000海里/10节,NULL,NULL,29.75米,NULL,NULL,NULL,舰船舰艇,战列舰,1305人,190.2米,美国,NULL,21节,NULL,BB-48/西弗吉尼亚号/West Virginia ,1920年4月12日,{'$oid': '5cc9318f831b973d657f153f'},NULL,1921年11月19日,10000-50000吨,1923年12月1日,NULL
NULL,http://images.huanqiu.com/sarons/2013/12/ccb10e67d252c68f4f3d107859f097d0.jpg,NULL,退役,56270吨,"
密苏里号战列舰（USS Missouri BB-63）是一艘隶属于美国海军的战列舰，为艾奥瓦级战列舰的三号舰。她是美军第三艘以密苏里州为名的军舰，亦是美国海军最后一艘建成的战列舰。是美国二战最后一艘退役的战列舰，也因于二战结束时被指派为受降舰而闻名于世。
",布鲁克林造船厂,20150海里/15节,NULL,NULL,32.969米,NULL,NULL,NULL,舰船舰艇,战列舰,1512人,270.433米,美国,NULL,33节,NULL,BB-63/密苏里号/Missouri,1941年1月6日,{'$oid': '5cc9318f831b973d657f1540'},NULL,1944年1月29日,50000吨以上,1944年6月11日,NULL
NULL,http://images.huanqiu.com/sarons/2013/12/27df2bf7bd74d00abd46a3f7b3f4cabd.jpg,NULL,1947年1月退出现役,46000吨,NULL,NULL,14000海里/15节，4400海里/25节,NULL,NULL,32.9米,NULL,NULL,NULL,舰船舰艇,战列舰,2346人,207.3米,美国,NULL,27节,NULL,BB-49/南达科他号战列舰,NULL,{'$oid': '5cc93190831b973d657f1541'},NULL,NULL,10000-50000吨,NULL,NULL
NULL,http://images.huanqiu.com/sarons/2013/12/f439db89a4c30319903196d02313f4a2.jpg,NULL,退役,NULL,"
南卡罗来纳号战列舰（舷号BB-26）是一艘隶属于美国海军的战列舰，为南卡罗来纳级战列舰的首舰。她是美军第四艘以南卡罗来纳州为名的军舰，亦是美国首批设计的无畏舰，并采用全重炮设计。
",克雷普父子造船厂,NULL,16000吨,NULL,NULL,NULL,NULL,NULL,舰船舰艇,战列舰,818人,NULL,美国,NULL,18节,NULL,BB-26/南卡罗来纳号战列舰,1906年12月18日,{'$oid': '5cc93190831b973d657f1542'},NULL,1908年7月25日,NULL,1910年3月1日,NULL
NULL,http://images.huanqiu.com/sarons/2013/12/7d04dc8a09d742b1124c30dc3a9180b5.jpg,NULL,退役,22325吨,"
特拉华号战列舰（舷号BB-28)是一艘隶属于美国海军的战列舰，为特拉华级战列舰的首舰。她是美军第六艘以特拉华州为名的军舰。
",纽波特纽斯造船厂,6560海里/10节,NULL,NULL,25.97米,NULL,NULL,NULL,舰船舰艇,战列舰,933人,158.12米,美国,NULL,21节,NULL,BB-28/特拉华级战列舰/Delaware,1907年11月11日,{'$oid': '5cc93190831b973d657f1543'},NULL,1909年2月6日,10000-50000吨,1910年4月4日,NULL
NULL,http://images.huanqiu.com/sarons/2013/12/5367d905fd5955ae17cf7fd6ec9d1967.jpg,NULL,NULL,33901吨,"
内华达级战列舰是美国建造的一种战列舰。采用了当时颇具争议的被称为“All or Nothing Armor Scheme”的装甲防护设计（称为“重点防护”），因为美国海军认为战列舰传统防护体系的中等厚度装甲无法防御无畏型战列舰不断加大口径的主炮穿甲弹。这是美国海军战列舰防护设计上的重大革新。其设计思想被其他各国海军所借鉴。安装10门14英寸口径主炮，双联装和三联装主炮炮塔各两座，采用艏艉对称的布置形式。 同级舰两艘，首舰内华达号（BB-36）1916年3月服役。另一艘是俄克拉荷马号（BB-37）。
",NULL,15700海里/10节 ,NULL,NULL,29.6米,NULL,NULL,NULL,舰船舰艇,战列舰,1374人,177.7米,美国,NULL,20.5节,NULL,内华达级,1912年12月,{'$oid': '5cc93190831b973d657f1544'},NULL,1914年7月,10000-50000吨,1916年3月,NULL
NULL,http://images.huanqiu.com/sarons/2013/12/90e7f4468ecac9a66ca606ff2d295f4c.jpg,NULL,NULL,22325吨,"
特拉华级战列舰是美国海军建造的一型战列舰。
",NULL,6560海里/10节,NULL,NULL,25.98米,NULL,NULL,NULL,舰船舰艇,战列舰,933人,158.16米,美国,NULL,21节,NULL,特拉华级战列舰,NULL,{'$oid': '5cc93190831b973d657f1545'},NULL,NULL,10000-50000吨,NULL,NULL
NULL,NULL,NULL,NULL,44800吨,NULL,NULL,16320海里/15节， 5740海里/25节,NULL,NULL,32.98米,NULL,NULL,NULL,舰船舰艇,战列舰,2339人,222米,美国,NULL,28节,NULL,BB-52/北卡罗来纳号,NULL,{'$oid': '5cc93190831b973d657f1546'},NULL,NULL,10000-50000吨,NULL,NULL
NULL,NULL,NULL,NULL,40181吨,"
新墨西哥级战列舰于1914年开始动工建造，该级战舰新设计的“飞剪”型舰艏，以提高在恶劣海况中行驶时的稳定性，这种舰艏成为美国海军后继主力舰的一种特征。新墨西哥级战列舰同级舰三艘：新墨西哥号(New Mexico，BB-40)、密西西比号(Mississippi，BB-41)、爱达荷号(Idaho，BB-42)。
",NULL,6400海里/12节（改装后12750海里/18节）,NULL,NULL,29.6米,NULL,NULL,NULL,舰船舰艇,战列舰,1930人,190.3米,美国,NULL,22节,新墨西哥号(New Mexico，BB-40)、密西西比号(Mississippi，BB-41)、爱达荷号(Idaho，BB-42)。,新墨西哥级,1914年,{'$oid': '5cc93190831b973d657f1547'},NULL,NULL,10000-50000吨,NULL,NULL
NULL,http://images.huanqiu.com/sarons/2013/12/319a98bcaf18a1debd95138ae6931bf8.jpg,NULL,NULL,16000吨,"
南卡罗来那级战列舰是美国海军建造的战列舰。1904年美国海军曾要求美国国会拨款建造“南卡罗来纳”级战列舰。1905年国会终于批准建造预算。南卡罗来那级战列舰是美国海军率先采用“全重型火炮(All-Big-Gun)”概念的第一型无畏舰。虽然因预算被搁置而开工较英国的无畏号战列舰晚，但实际上是最早采用此概念设计的战列舰之一。
",NULL,6950海里/10节,NULL,NULL,24.46米,NULL,NULL,NULL,舰船舰艇,战列舰,869人,138米,美国,NULL,18.5节,NULL,南卡罗来纳级战列舰,1904年,{'$oid': '5cc93190831b973d657f1548'},NULL,NULL,10000-50000吨,NULL,NULL
NULL,http://images.huanqiu.com/sarons/2013/12/68f592e2ff0bb4e38cb113930d0c2f51.jpg,新墨西哥级,退役,36455吨,"
田纳西级战列舰是美国建造的一种战列舰，是新墨西哥级战列舰的改进型，1917年开工。根据日德兰海战的经验，舰体划分多层隔舱，水下防御性能比美国海军以往建造的战列舰有很大改进，并加强了舰体水平防御装甲。该级舰采用与新墨西哥级相同的电气推进动力系统。提高主炮仰角，延长了射程。在其前后主桅上架设安装大型火控设施的桅楼（部分前期建造的战列舰也实施了此项改装）。
",NULL,5240海里/12节（现代化改装后9700海里/18节）,NULL,NULL,29.7米,NULL,科罗拉多级,9.2米,舰船舰艇,战列舰,2200人,190.3米,美国,NULL,21节,田纳西号(BB43)、加利福尼亚号(BB44),田纳西级战列舰,1917年,{'$oid': '5cc93191831b973d657f1549'},NULL,NULL,10000-50000吨,NULL,NULL
NULL,NULL,NULL,退役,27240吨,"
怀俄明号战列舰1910年2月9日开工，1911年5月25日下水，1912年9月25日完工。1927年接收了现代化改造。1931年“怀俄明”号按照伦敦海军条约的规定解除武装，1931年5月成为一艘训练舰。

随着日益空中威胁，海军在1941年11月拆除了部分“怀俄明”号的305mm主炮（后主炮），加装了防空火力，“怀俄明”改成为一艘防空训练舰。在珍珠港事件爆发时，“怀俄明”并不在珍珠港，而在本土。作为防空训练舰使用（AG-17)，在整个太平洋战争年代里，“怀俄明”号并无参加战斗，却它为整个海军舰队培训了无数名高炮射手，为正个战争做出了巨大贡献。战后1947年8月，“怀俄明”号退出现役，并以废铁的形式卖给造船厂拆毁。
",NULL,6860海里/10节,NULL,NULL,28.4米,NULL,NULL,NULL,舰船舰艇,战列舰,1063人,171.29米,美国,NULL,20.5节,NULL,BB-32/怀俄明号/Wyoming 战列舰,1910年,{'$oid': '5cc93191831b973d657f154a'},NULL,1911年,10000-50000吨,1912年,NULL
NULL,http://images.huanqiu.com/sarons/2013/12/9bbc727811f8fe01ff8c01ce8848865e.jpg,NULL,退役,20000吨,"
特拉华号战列舰（舷号BB-28）是一艘隶属于美国海军的战列舰，为特拉华级战列舰的首舰。她是美军第六艘以特拉华州为名的军舰。特拉华号在1907年于纽波特纽斯造船厂开始建造，并在1909年下水，最终在1910年服役。
",纽波特纽斯造船厂 ,6560海里/10节,NULL,NULL,25.97米,NULL,NULL,NULL,舰船舰艇,战列舰,878人,158.12米,美国,NULL,21节,NULL,BB-28/特拉华号/Delaware 战列舰,1907年11月11日,{'$oid': '5cc93191831b973d657f154b'},NULL,1909年2月6日,10000-50000吨,1910年4月4日,NULL
NULL,NULL,NULL,退役,23033吨,"
佛罗里达号战列舰（舷号BB-30）是一艘隶属于美国海军的战列舰，为佛罗里达级战列舰的首舰。她是美军第五艘以佛罗里达州为名的军舰。佛罗里达号在1909年于布鲁克林造船厂开始建造，并在1910年下水，最终在1911年服役。
",布鲁克林造船厂 ,6860海里/10节,NULL,NULL,26.89米,NULL,NULL,NULL,舰船舰艇,战列舰,941人,158.95米,美国,NULL,21.04节,NULL,BB-30/佛罗里达号/Florida 战列舰,1909年3月9日,{'$oid': '5cc93191831b973d657f154c'},NULL,1910年5月12日,10000-50000吨,1911年9月15日,NULL
NULL,NULL,NULL,退役,70500吨,NULL,费城海军船厂,15000海里/15节 ,NULL,NULL,37米,NULL,NULL,NULL,舰船舰艇,战列舰,2978人,281.9米,美国,NULL,28节,NULL,BB-67/蒙大拿号/Montana　战列舰,1940年,{'$oid': '5cc93191831b973d657f154d'},NULL,NULL,50000吨以上,NULL,NULL
NULL,http://images.huanqiu.com/sarons/2013/12/187233c6d14c5572a65a66c9dd93791f.jpg,NULL,退役,23033吨,"
佛罗里达级战列舰为特拉华级战列舰的渐改型，两级舰外形相似，仅将后部主桅变换到后烟囱之后。同级舰两艘：佛罗里达号(Florida，BB-30)、犹他号(Utah，BB-31)。按照1930年签订的伦敦海军条约的规定，予以退役处理，作为训练舰使用，并用于新武器测试。犹他号在1941年日本海军偷袭珍珠港时倾覆沉没，战后成为一艘纪念舰水下舰体保存至今。
",纽约海军造船厂,6860海里/10节，16500海里/10节,NULL,NULL,26.88米,NULL,NULL,NULL,舰船舰艇,战列舰,1171人,158.98米,美国,NULL,33节,NULL,佛罗里达级战列舰,1909年3月9日,{'$oid': '5cc93191831b973d657f154e'},NULL,1910年5月12日,10000-50000吨,1911年9月15日,NULL
NULL,NULL,NULL,退役,27000吨,"
纽约号战列舰（舷号BB-34）是一艘隶属于美国海军的战列舰，为纽约级战列舰的首舰。她是美军第五艘以纽约州为名的军舰。纽约号在1911年于布鲁克林造船厂建造，于1912年下水，在1914年服役。接着纽约号支援美国在坦皮科事件后入侵韦拉克鲁斯。美国参与第一次世界大战后，纽约号被派到英国海域，加入英国本土舰队，主要负责护航任务。
",布鲁克林造船厂,7060海里/10节,NULL,NULL,29.03米,NULL,NULL,NULL,舰船舰艇,战列舰,944人,174.65米,美国,NULL,21节,NULL,BB-34/纽约号/New York 战列舰,1911年,{'$oid': '5cc93192831b973d657f154f'},NULL,1912年,10000-50000吨,1914年,NULL
NULL,NULL,NULL,退役,42782吨,NULL,霍河造船厂,15000海里/15节,NULL,NULL,32.9米,NULL,NULL,NULL,舰船舰艇,战列舰,2112人,207.3米,美国,NULL,27.5节,NULL,BB-59/马萨诸塞号/Massachusetts 战列舰,1939年,{'$oid': '5cc93192831b973d657f1550'},NULL,1941年,10000-50000吨,1942年,NULL
NULL,http://images.huanqiu.com/sarons/2013/12/6214a0b9cbaf1f59857549eec8a3c86c.jpg,NULL,NULL,28367吨,"
纽约级战列舰是美国海军建造的一型战列舰。纽约级战列舰是怀俄明级战列舰的改进型，主要强化了火力。
",NULL,9605海里/12节,NULL,NULL,32.4米,NULL,“纽约”号(BB-34 New York)，“得克萨斯”号(BB-35 Texas),NULL,舰船舰艇,战列舰,1314人,172.21米,美国,NULL,21节,NULL,纽约级战列舰,NULL,{'$oid': '5cc93193831b973d657f1551'},NULL,NULL,10000-50000吨,NULL,NULL
NULL,NULL,NULL,退役,NULL,"
密歇根号战列舰（舷号BB-27）是一艘隶属于美国海军的战列舰，为南卡罗来纳级战列舰的二号舰。她是美军第二艘以密歇根州为名的军舰，亦是美国第一艘下水服役的无畏舰，采用全重炮设计。
",纽约造船厂 ,6950海里/10节,NULL,NULL,24.45米,NULL,NULL,NULL,舰船舰艇,战列舰,818人,138米,美国,NULL,18节,NULL,BB-27/密歇根号/Michigan 战列舰,1906年12月17日,{'$oid': '5cc93193831b973d657f1552'},NULL,1908年7月11日,NULL,1910年1月4日,NULL
NULL,NULL,NULL,退役,46000吨,"
麻萨诸塞号战列舰（舷号BB-2）是一艘隶属于美国海军的战列舰，为印第安纳级战列舰的二号舰。她是美军第一艘以马萨诸塞州为名的军舰。
",克雷普父子造船厂,NULL,NULL,NULL,32.9米,NULL,NULL,NULL,舰船舰艇,战列舰,441人,207.3米,美国,NULL,15节,NULL,BB-2/麻萨诸塞号战列舰/Massachusetts,1891年6月25日,{'$oid': '5cc93193831b973d657f1553'},NULL,1893年6月10日,10000-50000吨,1896年6月10日,NULL
NULL,NULL,NULL,退役,44800吨,"
北卡罗来纳号战列舰（舷号BB-55）是一艘隶属于美国海军的战列舰，为北卡罗来纳级战列舰的首舰。她是美军第四艘以北卡罗来纳州为名的军舰，亦是美国自1922年华盛顿海军条约签订以来第一艘建造的战列舰，同时是美国建造的首批快速战列舰。
",纽波特纽斯造船厂 ,15000海里/15节,NULL,NULL,33.02米,NULL,NULL,NULL,舰船舰艇,战列舰,2035人,243.03米,美国,NULL,26.15节,NULL,BB-55/北卡罗来纳号/North Carolina 战列舰,1937年10月27日,{'$oid': '5cc93193831b973d657f1554'},NULL,1940年6月13日,10000-50000吨,1941年4月9日,NULL
NULL,http://images.huanqiu.com/sarons/2013/12/97534048b6154b705def2b3ccbdcb3a2.jpg,NULL,NULL,17700吨,"
康涅狄格级战列舰是美国历史上最强的前无畏战列舰，在世界前无畏战列舰的综合实力上也是数一数二的，其吨位甚至超过了一开始的美国无畏舰。
",NULL,6620海里/10节,NULL,NULL,23.37米,NULL,NULL,NULL,舰船舰艇,战列舰,827人,139.07米,美国,NULL,18节,NULL,康涅狄格级战列舰,NULL,{'$oid': '5cc93193831b973d657f1555'},NULL,NULL,10000-50000吨,NULL,NULL
NULL,http://images.huanqiu.com/sarons/2013/12/1c44b3013df327e35b823799a68bbf37.jpg,NULL,NULL,11565吨,"
一艘隶属于美国海军的战列舰，有BB-7，BB-65。以伊利诺伊州为名的军舰。首舰（BB-7）于1897年于纽波特纽斯造船厂开始建造，并在1898年下水，最终在1901年服役。曾参与第一次世界大战。
",纽波特纽斯造船厂, 4190海里/10节,NULL,4门13吋/35单装火炮副炮,22.021米,NULL,NULL,NULL,舰船舰艇,战列舰,496人,114.4米,美国,NULL,16节,NULL,伊利诺伊级,1897年2月10日,{'$oid': '5cc93194831b973d657f1556'},NULL,1898年10月4日,10000-50000吨,1901年9月16日,NULL
NULL,http://images.huanqiu.com/sarons/2013/12/3c49043551b33483508e2f09c41e8b39.jpg,NULL,NULL,13500吨,"
缅因级是隶属于美国海军的一艘战列舰，是美军以缅因州为名的军舰。包括缅因号战列舰(舷号BB-10)，缅因号战列舰 (BB-69)，缅因号战列舰 (ACR-1)。参与第一次世界大战，在海外训练。
",NULL,5660海里/10节,NULL,NULL,22.02米,NULL,NULL,NULL,舰船舰艇,战列舰,561人,120米,美国,NULL,18节,NULL,缅因级战列舰,1888年,{'$oid': '5cc93194831b973d657f1557'},NULL,1890年,10000-50000吨,1895,NULL
NULL,NULL,NULL,退役,32440吨,"
宾夕法尼亚号战列舰（USS Pennsylvania BB-38）是一艘隶属于美国海军的战列舰，为宾夕法尼亚级战列舰的首舰。她是美军第三艘以宾夕法尼亚州为名的军舰。宾夕法尼亚号在1913年于纽波特纽斯造船厂建造，于1915年下水，在1916年服役。其时第一次世界大战已经爆发，宾夕法尼亚号一直留在近海训练。美国参战后，宾夕法尼亚号亦没有派往英国。
",纽波特纽斯造船厂,8000海里/10节,NULL,NULL,29.019米,NULL,NULL,NULL,舰船舰艇,战列舰,915人,185.318米,美国,NULL,21节,NULL,BB-38/宾夕法尼亚号/Pennsylvania,1913年10月27日,{'$oid': '5cc93194831b973d657f1558'},NULL,1915年4月16日,10000-50000吨,1916年6月12日,NULL
NULL,NULL,NULL,NULL,70500吨,"
缅因号战列舰 (BB-69)：蒙大拿级战列舰，没有建造。
",NULL,15000海里/15节,NULL,NULL,36.9米,NULL,NULL,NULL,舰船舰艇,战列舰,2789人,280.9米,美国,NULL,28节,NULL,BB-69/缅因号/Maine,NULL,{'$oid': '5cc93194831b973d657f1559'},NULL,NULL,50000吨以上,NULL,NULL
NULL,http://images.huanqiu.com/sarons/2013/12/fff500d0921355e42169a0bcd8c9dc4b.jpg,NULL,NULL,32500吨,"
西弗吉尼亚号参加了随后的硫磺岛和冲绳岛的两栖作战。
",NULL,8000海里/10节,NULL,NULL,29.75米,NULL,NULL,NULL,舰船舰艇,战列舰,1500人,190.2米,美国,NULL,21节,NULL,弗吉尼亚级,1920年4月,{'$oid': '5cc93194831b973d657f155a'},NULL,1921年7月,10000-50000吨,1923年12月,NULL
NULL,http://images.huanqiu.com/sarons/2013/12/869b82f41aac0a21a691e778d4fddb39.jpg,NULL,已退役,11410吨,NULL,克雷普父子造船厂（William Cramp & Sons Ship & Engine Building Co.）,5140海里/10节,NULL,NULL,24米,NULL,NULL,NULL,舰船舰艇,战列舰,450人,120.82米,美国,美洲,16节,NULL,BB-4 艾奥瓦/衣阿华号战列舰,1893年8月5日,{'$oid': '5cc93195831b973d657f155b'},NULL,1896年3月28日,10000-50000吨,1897年6月16日,NULL
NULL,http://images.huanqiu.com/sarons/2013/12/07d2100d508747d7c05e902fdf945824.jpg,NULL,退役,NULL,"
俄勒冈号战列舰（舷号BB-3）是一艘隶属于美国海军的战列舰，为印第安纳级战列舰的三号舰。她是美军第二艘以俄勒冈州为名的军舰。俄勒冈号在1891年在旧金山的联合钢铁造船厂（Union Iron Works）开始建造，在1893年下水，最终在1896年服役。
",联合钢铁造船厂,5640海里/10节,NULL,NULL,21.11米,NULL,NULL,NULL,舰船舰艇,战列舰,473人,117.03米,美国,NULL,15节,NULL,BB-3/俄勒冈号/Oregon,1891年11月19日,{'$oid': '5cc93195831b973d657f155c'},NULL,1893年10月26日,NULL,1896年7月15日,NULL
NULL,http://images.huanqiu.com/sarons/2013/12/50fd77d1d44e44d84fe6a461af69b6da.jpg,NULL,退役,42782吨,印第安纳号战舰（舷号BB-58）是一艘隶属于美国海军的战舰，为南达科他级战舰 (1941年)的二号舰。她是美军第四艘以印第安纳州为名的军舰。印第安纳号在1939年按照第二次文森法案（Second Vinson Act）开始建造，于1941年下水，并在1942年服役。,纽波特纽斯造船厂,15000海里/15节,NULL,NULL,32.969米,NULL,NULL,NULL,舰船舰艇,战列舰,2257人,207.264米,美国,NULL,27.5节,NULL,BB-58 印第安纳号,1939年11月20日,{'$oid': '5cc93195831b973d657f155d'},NULL,1941年11月21日,10000-50000吨,1942年4月30日,NULL
NULL,http://images.huanqiu.com/sarons/2013/12/73d4134859b82f6d36e1cfc180fa3c4f.jpg,NULL,NULL,27240吨,"
怀俄明级战列舰同级两艘：怀俄明号(Wyoming，BB-32)、阿肯色号(Arkansas，BB-33)。怀俄明级是第二次世界大战中美国海军现役最老旧的一级战列舰（训练舰除外）。
",NULL,6860海里/10节，改造后14000海里/10节 ,NULL,NULL,28.4米,NULL,NULL,NULL,舰船舰艇,战列舰,1100人,171.29米,美国,NULL,20.5节,NULL,怀俄明级战列舰,1910年2月9日,{'$oid': '5cc93195831b973d657f155e'},NULL,1911年5月25日,10000-50000吨,NULL,NULL
NULL,http://images.huanqiu.com/sarons/2013/12/90ec860226df713fa1356f4273a4efb0.jpg,NULL,2000年改装为博物馆舰,58000吨,NULL,费城造船厂,16600海里/15节， 9600海里/25节,NULL,NULL,32.92米,NULL,NULL,NULL,舰船舰艇,战列舰,2700人,270.4米,美国,太平洋,31节,NULL,BB-62 新泽西号 New Jersey,1940年9月16日,{'$oid': '5cc93195831b973d657f155f'},NULL,1942年12月7日,50000吨以上,1943年5月23日,NULL
NULL,NULL,NULL,退役,33590吨,NULL,纽约造船厂,8000海里/10节,NULL,NULL,29.75米,NULL,NULL,NULL,舰船舰艇,战列舰,1241人,190.2米,美国,NULL,21节,NULL,BB-45/科罗拉多号/Colorado 战列舰,1919年,{'$oid': '5cc93195831b973d657f1560'},NULL,1921年,10000-50000吨,1923年,NULL
NULL,NULL,NULL,除籍,23033吨,"
犹他号战列舰（舷号BB-31）是一艘隶属于美国海军的战列舰，为佛罗里达级战列舰的二号舰。犹他号在1909年于纽约造船厂建造并下水，在1911年服役。接着犹他号主要在大西洋执勤，并在1914年支援美国在坦皮科事件侵入侵韦拉克鲁斯。
",纽约造船厂 ,6860海里/10节,NULL,NULL,26.475米,NULL,NULL,NULL,舰船舰艇,战列舰,1001人,156.48米,美国,NULL,21.04节,NULL,BB-31/犹他号/Utah 战列舰,1909年3月15日,{'$oid': '5cc93196831b973d657f1561'},NULL,1909年12月23日,10000-50000吨,1911年8月31日,NULL
NULL,http://images.huanqiu.com/sarons/2014/01/1647e30de71d80da46394188103690f0.jpg,NULL,除籍,17700吨,"
明尼苏达号战列舰（舷号BB-22）是一艘隶属于美国海军的战列舰，为康涅狄格级战列舰的五号舰。她是美军第二艘以明尼苏达州为名的军舰。明尼苏达号在1903年于纽波特纽斯造船厂开始建造，并在1905年下水，最终在1907年服役。
",纽波特纽斯造船厂 ,6620海里/10节,NULL,NULL,22.83米,NULL,NULL,NULL,舰船舰艇,战列舰,827人,136.92米,美国,NULL,18.82节,NULL,BB-22/明尼苏达号/Minnesota 战列舰,1903年10月7日,{'$oid': '5cc93196831b973d657f1562'},NULL,1905年4月8日,10000-50000吨,1907年3月9日,NULL
NULL,http://images.huanqiu.com/sarons/2014/01/09d053b7d25357a443beb4a1ed86b139.jpg,NULL,退役,12846吨,"
密苏里号战列舰（舷号BB-11）是一艘隶属于美国海军的战列舰，为缅因级战列舰的二号舰。她是美军第二艘以密苏里州为名的军舰。密苏里号在1900年于纽波特纽斯造船厂开始建造，并在1901年下水，最终在1903年服役。
",纽波特纽斯造船厂 ,5660海里/10节,NULL,NULL,21.69米,NULL,NULL,NULL,舰船舰艇,战列舰,561人,117.933米,美国,NULL,18.15节,NULL,BB-11/密苏里号/Missouri 战列舰,1900年2月7日,{'$oid': '5cc93196831b973d657f1563'},NULL,1901年12月28日,10000-50000吨,1903年12月1日,NULL
NULL,http://images.huanqiu.com/sarons/2014/01/6df84856907b7aeadccb154141ca8b8d.jpg,NULL,除籍,17700吨,"
路易斯安那号战列舰（舷号BB-19）是一艘隶属于美国海军的战列舰，为康涅狄格级战列舰的二号舰。她是美军第三艘以路易斯安那州为名的军舰。路易斯安那号在1903年于纽波特纽斯造船厂开始建造，并在1904年下水，最终在1906年服役。
",纽波特纽斯造船厂 ,6620海里/10节,NULL,NULL,22.83米,NULL,NULL,NULL,舰船舰艇,战列舰,827人,136.92米,美国,NULL,18.82节,NULL,BB-19/路易斯安那号/Louisiana 战列舰,1903年2月7日,{'$oid': '5cc93196831b973d657f1564'},NULL,1904年8月27日,10000-50000吨,1906年6月2日,NULL
NULL,NULL,NULL,1923年11月1日出售拆解,17700吨,路易斯安那号战列舰（舷号BB-19）是一艘隶属于美国海军的战列舰，为康涅狄格级战列舰的二号舰。她是美军第三艘以路易斯安那州为名的军舰。路易斯安那号在1903年于纽波特纽斯造船厂开始建造，并在1904年下水，最终在1906年服役。,NULL,6620海里/10节,NULL,NULL,25.56米,NULL,NULL,NULL,舰船舰艇,战列舰,827人,152米,美国,美洲,18节,NULL,BB-71 路易斯安那号,1903年2月7日,{'$oid': '5cc93196831b973d657f1565'},NULL,1904年8月27日,10000-50000吨,1906年6月2日,NULL
NULL,NULL,NULL,NULL,33950吨,"
建于那不勒斯卡斯特拉马尔的迪斯塔比亚造船厂，1914年10月16日铺设龙骨，1916年停止建造，1919年重新启动，1920年5月12日下水，1920年10月取消建造工作并出售，1921年拆毁。
",迪斯塔比亚造船厂,8000海里/10节,NULL,NULL,29.6米,NULL,NULL,NULL,舰船舰艇,战列舰,1480人,212米,意大利,NULL,29节,NULL,弗朗切斯科·卡拉乔洛级 战列舰,1914年,{'$oid': '5cc93196831b973d657f1566'},NULL,1920年,10000-50000吨,NULL,NULL
NULL,http://images.huanqiu.com/sarons/2013/12/184eb8c82f5186f1e3805c80634aa76b.jpg,NULL,1955年8月9日出售拆解,12950吨,"
奇沙治号战列舰（舷号BB-5）是一艘隶属于美国海军的战列舰，为奇沙治级战列舰的首舰。她是美军第二艘以奇沙治为名的军舰，以继承南北战争中北军的一艘同名单桅纵帆船。由于该帆船的战绩彪炳，美军特意将新一艘战列舰继承其舰名，而非按传统以美国州份命名。
",纽波特纽斯造船厂,5070海里/10节,NULL,NULL,24米,NULL,NULL,NULL,舰船舰艇,战列舰,553人,125米,美国,美洲,16节,NULL,BB-5/奇沙治号 ,1896年6月30日,{'$oid': '5cc93197831b973d657f1567'},NULL,1898年3月24日,10000-50000吨,1900年5月10日,NULL
NULL,http://images.huanqiu.com/sarons/2014/01/fb497cca22c794c2529c338dda62e1dd.jpg,NULL,退役,26000吨,"
阿肯色号战列舰（舷号BB-33）是一艘隶属于美国海军的战列舰，为怀俄明级战列舰的二号舰。她是美军第三艘以阿肯色州为名的军舰。阿肯色号主要在大西洋执勤，并在1914年支援美国在坦皮科事件后入侵韦拉克鲁斯。
",纽约造船厂 ,6860海里/10节,NULL,NULL,27.9米,NULL,NULL,NULL,舰船舰艇,战列舰,1063人,168.6米,美国,NULL,21.22节,NULL,BB-33/阿肯色号/Arkansas 战列舰,1910年1月25日,{'$oid': '5cc93197831b973d657f1568'},NULL,1911年1月14日,10000-50000吨,1912年9月17日,NULL
NULL,http://images.huanqiu.com/sarons/2014/01/aba2f10c8ac453ba28be2b4004ce6ddb.jpg,NULL,除籍,13000吨,"
爱达荷号战列舰（舷号BB-24）是一艘隶属于美国海军的战列舰，为密西西比级战列舰的二号舰。她是美军第二艘以爱达荷州为名的军舰。在美国海军服役期间，爱达荷主要用作训练舰，并在美国入侵韦拉克鲁斯前夕短暂到墨西哥外海戒备。
",克雷普父子造船厂 ,5800海里/10节,NULL,NULL,23.1米,NULL,NULL,NULL,舰船舰艇,战列舰,744人,114.6米,美国,NULL,17.11节,NULL,BB-24/爱达荷号/Idaho 战列舰,1904年5月12日,{'$oid': '5cc93197831b973d657f1569'},NULL,1905年12月9日,10000-50000吨,1908年4月1日,NULL
NULL,http://images.huanqiu.com/sarons/2013/12/3719cdf0c33b6efd96a833c4a1b24a8f.jpg,NULL,1920年11月1日作靶舰击沉残骸于1924年3月19日出售拆解,46000吨,"
印第安纳号战列舰（舷号BB-1）是一艘隶属于美国海军的战列舰，为印第安纳级战列舰的首舰。她是美军第一艘以印第安纳州为名的军舰。印第安纳号在1891年在费城的克雷普父子造船厂（William Cramp & Sons Ship & Engine Building Co.）开始建造，并在1893年下水，最终在1895年服役。
",克雷普父子造船厂,5640海里/10节,NULL,NULL,21.11米,NULL,NULL,NULL,舰船舰艇,战列舰,473人,106.96米,美国,北美洲,28节,NULL,BB-1/印第安纳号/Indiana,1891年5月7日,{'$oid': '5cc93197831b973d657f156a'},NULL,1893年2月28日,10000-50000吨,1895年11月20日,NULL
NULL,NULL,NULL,除籍,14948吨,"
内布拉斯加号战列舰（舷号BB-14）是一艘隶属于美国海军的战列舰，为弗吉尼亚级战列舰的二号舰。内布拉斯加号在1902年于西雅图莫兰兄弟造船厂（Moran Brothers Shipyard）开始建造，并在1904年下水，最终在1907年服役。
",莫兰兄弟造船厂 ,3825海里/10节,NULL,NULL,22.89米,NULL,NULL,NULL,舰船舰艇,战列舰,812人,132.39米,美国,NULL,19.18节,NULL,BB-14/内布拉斯加号/Nebraska 战列舰,1902年7月4日,{'$oid': '5cc93197831b973d657f156b'},NULL,1904年10月7日,10000-50000吨,1907年7月1日,NULL
NULL,http://images.huanqiu.com/sarons/2014/01/9c40d6ddca93bab872e74a0673eec7f0.jpg,NULL,除籍,14948吨,"
罗德岛号战列舰（舷号BB-17）是一艘隶属于美国海军的战列舰，为弗吉尼亚级战列舰的五号舰。她是美军第二艘以罗德岛州为名的军舰。罗德岛号在1902年于昆西霍河造船厂（Fore River Shipbuilding）开始建造，并在1904年下水，最终在1906年服役。
",霍河造船厂 ,3825海里/10节,NULL,NULL,22.89米,NULL,NULL,NULL,舰船舰艇,战列舰,812人,132.39米,美国,NULL,19.18节,NULL,BB-17/罗德岛号/Rhode Island 战列舰,1902年5月1日,{'$oid': '5cc93198831b973d657f156c'},NULL,1904年5月17日,10000-50000吨,1906年2月19日,NULL
NULL,NULL,NULL,退役,12846吨,"
是一艘隶属于美国海军的战列舰，为缅因级战列舰的三号舰。她是美军第三艘以俄亥俄州为名的军舰。俄亥俄号在1898年于旧金山的联合钢铁造船厂开始建造，并在1901年下水，最终在1904年服役。
",联合钢铁造船厂,5660海里/10节,NULL,NULL,22.02米,NULL,NULL,NULL,舰船舰艇,战列舰,561人,131.37米,美国,NULL,18节,NULL,BB-12/俄亥俄号/Ohio 战列舰,1898年,{'$oid': '5cc93198831b973d657f156d'},NULL,1901年,10000-50000吨,1904年,NULL
NULL,NULL,NULL,退役,36500吨,NULL,布鲁克林造船厂,8000海里/10节,NULL,NULL,32.4米,NULL,NULL,NULL,舰船舰艇,战列舰,860人,185.32米,美国,NULL,21节,NULL,BB-39/亚利桑那号/Arizona 战列舰,1914年,{'$oid': '5cc93198831b973d657f156e'},NULL,1915年,10000-50000吨,1916年,NULL
NULL,http://images.huanqiu.com/sarons/2013/12/d8c38e82cb1992a38b855a69f2a7bfad.jpg,NULL,2000年改装为博物馆舰,56270吨,新泽西号战列舰（舷号BB-62）是一艘隶属于美国海军的战列舰，为艾奥瓦级战列舰的二号舰。她是美军第二艘以新泽西州为名的军舰。新泽西号在1940年按照第二次文森法案（Second Vinson Act），于费城造船厂开始建造，在1942年下水，并在1943年服役。,费城造船厂,NULL,NULL,NULL,36米,NULL,NULL,NULL,舰船舰艇,战列舰,NULL,295.66米,美国,北美洲，亚洲,NULL,NULL,BB-16/新泽西号 ,1940年9月16日,{'$oid': '5cc93198831b973d657f156f'},NULL,1942年12月7日,50000吨以上,1943年5月23日,NULL
NULL,NULL,NULL,退役,25216吨,NULL,拉斯佩齐亚船厂,4250海里/12节,NULL,NULL,28米,NULL,NULL,NULL,舰船舰艇,战列舰,1485人,176.1米,意大利,NULL,27节,NULL,安德烈亚·多里亚级战列舰,1912年,{'$oid': '5cc93198831b973d657f1570'},NULL,1913年,10000-50000吨,1916年,NULL
NULL,http://images.huanqiu.com/sarons/2013/12/1bd055c88e086d06d584a4061972d3a5.jpg,NULL,1923年11月1日出售拆解,17700吨,"
（蒙大拿级下）新罕布什尔号战列舰 舷号BB-70（康涅狄格级下有BB-25 New Hampshire 新罕布什尔号）是一艘隶属于美国海军的战列舰，为康涅狄格级战列舰的六号舰。她是美军第二艘以新罕布什尔州为名的军舰，亦是美国最后一艘建成的前无畏舰。
",纽约造船厂,6620海里/10节,NULL,NULL,25.59米,NULL,NULL,NULL,舰船舰艇,战列舰,827人,152米,美国,北美洲,NULL,NULL,BB-70/新罕布什尔号 ,1905年5月1日,{'$oid': '5cc93199831b973d657f1571'},NULL,1906年6月30日,10000-50000吨,1908年3月19日,NULL
NULL,http://images.huanqiu.com/sarons/2013/12/7c9fcb46f8eee7bb51e225484be1ca4c.jpg,NULL,923年3月24日出售拆解,NULL,"
俄亥俄号战列舰（舷号BB-12）是一艘隶属于美国海军的战列舰，为缅因级战列舰的三号舰。她是美军第三艘以俄亥俄州为名的军舰。俄亥俄号在1898年于旧金山的联合钢铁造船厂开始建造，并在1901年下水，最终在1904年服役。
",纽波特纽斯造船厂,5660海里/10节,NULL,NULL,24米,NULL,NULL,NULL,舰船舰艇,战列舰,561人,131米,美国,北美洲,18节,NULL,BB-68/Ohio/俄亥俄号 ,898年4月22日,{'$oid': '5cc93199831b973d657f1572'},NULL,1901年5月18日,NULL,1904年10月4日,NULL
NULL,http://images.huanqiu.com/sarons/2013/12/d0ab169ab9ebe38615309f9280f7427b.jpg,NULL,1947年11月9日出售拆解,33000吨,"
新墨西哥号战列舰（舷号BB-40）是一艘隶属于美国海军的战列舰，为新墨西哥级战列舰的首舰。她是美军第一艘以新墨西哥州为名的军舰。新墨西哥号在1915年于布鲁克林造船厂建造，于1917年下水，在1918年服役，其时第一次世界大战已即将结束。
",布鲁克林造船厂,8000海里/10节,NULL,NULL,31.66米,NULL,NULL,NULL,舰船舰艇,战列舰,1084人,208米,美国,北美洲,22节,NULL,BB-40/新墨西哥号,1915年10月14日,{'$oid': '5cc93199831b973d657f1573'},NULL,1917年4月23日,10000-50000吨,1918年5月20日,NULL
NULL,NULL,NULL,923年9月5日在威廉·米切尔的空中轰炸实验中击沉,38400吨,"
弗吉尼亚号战列舰（舷号BB-13）是一艘隶属于美国海军的战列舰，为弗吉尼亚级战列舰的首号舰。她是美军第五艘以弗吉尼亚州为名的军舰。弗吉尼亚号在1902年于纽波特纽斯造船厂开始建造，并在1904年下水，最终在1906年服役。
",纽波特纽斯造船厂,3825海里/10节,NULL,NULL,25.33米,NULL,NULL,NULL,舰船舰艇,战列舰,812人,147米,美国,北美洲,21节,NULL,BB-13/弗吉尼亚号,1902年5月21日,{'$oid': '5cc93199831b973d657f1574'},NULL,1904年4月6日,10000-50000吨,1906年5月7日,NULL
NULL,http://images.huanqiu.com/sarons/2013/12/61ec24c00a5456ac4fdd2114ac78e957.jpg,NULL,1956年3月26日出售拆解,NULL,"
伊利诺伊号战列舰（舷号BB-7）是一艘隶属于美国海军的战列舰，为伊利诺伊级战列舰的首舰。她是美军第二艘以伊利诺伊州为名的军舰。伊利诺伊号在1897年于纽波特纽斯造船厂开始建造，并在1898年下水，最终在1901年服役。
",纽波特纽斯造船厂,4190海里/10节,NULL,NULL,24米,NULL,NULL,NULL,舰船舰艇,战列舰,496人,125米,美国,北美洲,NULL,NULL,BB-7/伊利诺伊号,1897年2月10日,{'$oid': '5cc93199831b973d657f1575'},NULL,1898年10月4日,NULL,1901年9月16日,NULL
NULL,NULL,NULL,退役,33590吨,NULL,纽波特纽斯造船厂,8000海里/10节,NULL,NULL,29.75米,NULL,NULL,NULL,舰船舰艇,战列舰,1305人,190.2米,美国,NULL,21节,NULL,BB-46/马里兰号/Maryland 战列舰,1917年,{'$oid': '5cc93199831b973d657f1576'},NULL,1920年,10000-50000吨,1921年,NULL
NULL,NULL,NULL,NULL,11565吨,"
BB-9/威斯康辛号是一艘隶属于美国海军的战列舰，为伊利诺伊级战列舰的三号舰。她是美军第二艘以威斯康辛州为名的军舰。威斯康辛号在1897年于旧金山联合钢铁造船厂（Union Iron Works）开始建造，并在1898年下水，最终在1901年服役。
",旧金山联合钢铁造船厂,4190海里/10节,NULL,NULL,22.02米,NULL,NULL,NULL,舰船舰艇,战列舰,536人,114.4米,美国,NULL,16节,NULL,BB-9/威斯康辛号/Wisconsin,1897年,{'$oid': '5cc93199831b973d657f1577'},NULL,1898年,10000-50000吨,1901年,NULL
NULL,NULL,NULL,退役,28400吨,NULL,纽约造船厂,NULL,NULL,NULL,NULL,NULL,NULL,NULL,舰船舰艇,战列舰,809人,NULL,美国,NULL,NULL,NULL,BB-37/俄克拉何马号/Oklahoma 战列舰,1912年,{'$oid': '5cc9319a831b973d657f1578'},NULL,1914年,10000-50000吨,1916年,NULL
NULL,http://images.huanqiu.com/sarons/2013/12/bfa3fdbc5dd0c35f4fe1044f8b46f5bc.jpg,NULL,1922年1月23日出售拆解,NULL,缅因号战列舰（舷号BB-10）是一艘隶属于美国海军的战列舰，为缅因级战列舰的首舰。她是美军第二艘以缅因州为名的军舰。缅因号在1898年于费城的克雷普父子造船厂（William Cramp & Sons Ship & Engine Building Co.）开始建造，并在1901年下水，最终在1902年服役。,克雷普父子造船厂,5660海里/10节,NULL,NULL,24米,NULL,NULL,NULL,舰船舰艇,战列舰,521人,131米,美国,北美洲,18节,NULL,BB-10/缅因号/Maine ,1898年2月15日,{'$oid': '5cc9319a831b973d657f1579'},NULL,1901年7月27日,NULL,1902年12月29日,NULL
NULL,http://images.huanqiu.com/sarons/2013/12/4d35f5370c7ab6fe9f723e81a1a0f1e2.jpg,NULL,1923年11月30日出售拆解,17700吨,"
堪萨斯号战列舰（舷号BB-21）是一艘隶属于美国海军的战列舰，为康涅狄格级战列舰的四号舰。她是美军第二艘以堪萨斯州为名的军舰。堪萨斯号在1904年于纽约造船厂开始建造，并在1905年下水，最终在1907年服役。
",纽约造船厂,6620海里/10节,NULL,NULL,25.63米,NULL,NULL,NULL,舰船舰艇,战列舰,827人,152米,美国,北美洲,18节,NULL,BB-21/堪萨斯号,1904年2月10日,{'$oid': '5cc9319a831b973d657f157a'},NULL,1905年8月12日,10000-50000吨,1907年4月18日,NULL
NULL,http://images.huanqiu.com/sarons/2013/12/2392944b323b0d420bbde4831d20e853.jpg,NULL,1965年1月9日改装为博物馆舰,42782吨,"
亚拉巴马号战列舰（舷号BB-60）是一艘隶属于美国海军的战列舰，为南达科他级战列舰 (1941年)的四号舰。她是美军第六艘以亚拉巴马州为名的军舰。亚拉巴马号在1940年按照第二次文森法案（Second Vinson Act）开始建造，于1942年下水服役，其时美国已正式参与第二次世界大战。
",诺福克造船厂,15000海里/15节,NULL,NULL,36.06米,NULL,NULL,NULL,舰船舰艇,战列舰,2257人,226.66米,美国,亚洲、北美洲,27.5节,NULL,BB-60/亚拉巴马号 ,1940年2月1日,{'$oid': '5cc9319a831b973d657f157b'},NULL,1942年2月16日,10000-50000吨,1942年8月16日,NULL
NULL,NULL,NULL,NULL,33000吨,"
爱达荷号战列舰（舷号BB-42）是一艘隶属于美国海军的战列舰，为新墨西哥级战列舰的三号舰。她是美军第四艘以爱达荷州为名的军舰。爱达荷号在1915年于纽约造船厂建造，于1917年下水，在1919年服役，其时第一次世界大战已经结束。接着爱达荷号以训练为主，并参与多次舰队解难演习（Fleet Problems），又曾在1933年进行现代化改建。1941年爱达荷号在大西洋进行中立巡航，避过珍珠港事件一劫。接着爱达荷号回到太平洋舰队，并先后参与阿留申群岛战役、吉尔伯特及马绍尔群岛战事、马里亚纳群岛及帕劳战事、莱特湾海战、仁牙因湾战役及硫磺岛战役。冲绳战役期间，爱达荷号曾遭神风特攻队自杀飞机攻击，但受损轻微。1945年爱达荷号参与盟军占领日本，并在东京湾见证日本投降签字仪式。1946年爱达荷号退役，并在1947年除籍出售拆解。其在二战共获得七枚战斗之星。
",纽约造船厂,8000海里/10节,NULL,NULL,29.6米,NULL,NULL,NULL,舰船舰艇,战列舰,1084人,109.3米,美国,NULL,21节,NULL,BB-42/爱达荷号/Idaho 战列舰,1915年,{'$oid': '5cc9319a831b973d657f157c'},NULL,1917年,10000-50000吨,1919年,NULL
NULL,NULL,NULL,退役,27000吨,NULL,纽波特纽斯造船厂,7060海里/10节,NULL,NULL,29.03米,NULL,NULL,NULL,舰船舰艇,战列舰,1025人,172.2米,美国,NULL,21节,NULL,BB-35/得克萨斯号/Texas 战列舰,1911年,{'$oid': '5cc9319a831b973d657f157d'},NULL,1912年,10000-50000吨,1914年,NULL
NULL,http://images.huanqiu.com/sarons/2013/12/24fb8d85b40b487337a57e3567884989.jpg,NULL,1944年沉没,33901吨,NULL,NULL,15700海里/10节,NULL,NULL,32.9米,NULL,NULL,NULL,舰船舰艇,战列舰,1300人,117.8米,美国,太平洋,20.5节,NULL,BB-37/俄克拉荷马号,1912年10月,{'$oid': '5cc9319a831b973d657f157e'},NULL,1914年3月,10000-50000吨,1916年5月,NULL
NULL,NULL,NULL,退役,24800吨,NULL,NULL,16500海里/10节 ,NULL,NULL,NULL,NULL,NULL,NULL,舰船舰艇,战列舰,1171人,521.6米,美国,NULL,33节,NULL,BB-31/AG-16/犹他号/Utah 战列舰,1909年,{'$oid': '5cc9319a831b973d657f157f'},NULL,1909年,10000-50000吨,1911年,NULL
NULL,http://images.huanqiu.com/sarons/2013/12/bd9a345b286d9eb4a2e2445e214ed3b7.jpg,NULL,1959年7月8日出售拆解,33590吨,NULL,纽波特纽斯造船厂,8000海里/10节,NULL,NULL,29.7米,NULL,NULL,11.58米,舰船舰艇,战列舰,1241人,190米,美国,NULL,21节,NULL,BB-46/马里兰号战列舰,1917年4月24日,{'$oid': '5cc9319b831b973d657f1580'},NULL,1920年2月20日,10000-50000吨,1921年7月21日,NULL
NULL,NULL,NULL,退役,55710吨,NULL,纽波特纽斯造船厂,20150海里/14节，15900海里/17节,NULL,NULL,33米,NULL,NULL,NULL,舰船舰艇,战列舰,1851人,270.4米,美国,NULL,31节,NULL,BB-66/肯塔基号/Kentucky 战列舰,1896年,{'$oid': '5cc9319b831b973d657f1581'},NULL,1898年,50000吨以上,1900年,NULL
NULL,http://images.huanqiu.com/sarons/2013/12/3b8cc451e6f318662b6aaf123ac14aac.jpg,NULL,1956年退役，并出售拆解。,33000吨,密西西比号战列舰（USS MississippiBB-41）是一艘隶属于美国海军的战列舰，为新墨西哥级战列舰的二号舰。她是美军第三艘以密西西比州为名的军舰。,纽波特纽斯造船厂,8000海里/10节,NULL,NULL,29米,NULL,NULL,9.1米,舰船舰艇,战列舰,1026人,182.88米,美国,太平洋,21.08节,NULL,BB-41/密西西比号战列舰,1915年4月5日,{'$oid': '5cc9319b831b973d657f1582'},NULL,1917年1月25日,10000-50000吨,1917年12月18日,NULL
NULL,http://images.huanqiu.com/sarons/2013/12/b139e27d43e9a59241bf174e06d6c195.jpg,NULL,1959年7月10日出售拆解,33190吨,加利福尼亚号战列舰（USS CaliforniaBB-44）是一艘隶属于美国海军的战列舰，为田纳西级战列舰的二号舰。她是美军第五艘以加利福尼亚州为名的军舰。,马尔岛海军造船厂,8000海里/10节,NULL,NULL,29.7米,NULL,NULL,NULL,舰船舰艇,战列舰,1026人,90米,美国,NULL,21节,NULL,BB-44/加利福尼亚号战列舰,1916年10月25日,{'$oid': '5cc9319b831b973d657f1583'},NULL,1919年11月20日,10000-50000吨,1921年8月10日,NULL
NULL,http://images.huanqiu.com/sarons/2013/12/5e56b36fbe3a71f963d1c738c8922343.jpg,NULL,1959年7月出售拆解,33190吨,田纳西号战列舰（USS TennesseeBB-43）是一艘隶属于美国海军的战列舰，为田纳西级战列舰的首舰。她是美军第三艘以田纳西州为名的军舰。田纳西号在1917年于布鲁克林造船厂建造，于1919年下水，在1920年服役。,布鲁克林造船厂,8000海里/10节,NULL,NULL,32.43米,NULL,NULL,NULL,舰船舰艇,战列舰,1083人,208米,美国,北美洲、亚洲,21节,NULL,BB-43/田纳西号 ,1917年5月14日,{'$oid': '5cc9319b831b973d657f1584'},NULL,1919年4月30日,10000-50000吨,1920年6月3日,NULL
NULL,NULL,NULL,1924年11月25日作靶舰击沉,38400吨,华盛顿号战列舰（USS WashingtonBB-47）是一艘美国海军未建成的战列舰，原为科罗拉多级战列舰的三号舰。她是美军第二艘以华盛顿州为名的军舰。,纽约造船厂,8000海里/10节， 5200海里/12节,NULL,NULL,29.7米,NULL,NULL,NULL,舰船舰艇,战列舰,1354人,190米,美国,太平洋,21节,NULL,BB-47/华盛顿号战列舰,1919年6月30日,{'$oid': '5cc9319c831b973d657f1585'},NULL,1921年9月1日,10000-50000吨,NULL,NULL
NULL,http://images.huanqiu.com/sarons/2013/12/aebd2d4d65fe117c92c3e5d070d05303.jpg,NULL,1946年被打捞解体。,10822吨,NULL,三菱长崎造船厂,8200海里/14节,NULL,NULL,16.93米,NULL,NULL,NULL,舰船舰艇,战列舰,657人,183.7米,日本,太平洋,33.4节,衣笠号（Kinugasa）,青叶号/Aoba,1924年1月23日,{'$oid': '5cc9319c831b973d657f1586'},NULL,1926年9月25日,10000-50000吨,1927年,NULL
NULL,http://images.huanqiu.com/sarons/2013/12/8d71b1eb90cb75620fe100369bd3c710.jpg,金刚级,1944年10月25日，两舰同日在苏里高海峡被击沉。,38536吨,NULL,吴海军工厂(扶桑号), 8000海里/14节,NULL,NULL,33米,(1)6台二连装35.6厘米45倍径主炮；(2)16门15.2厘米50倍径副炮；(3)4门7.6厘米高射炮；改装后,伊势级,NULL,舰船舰艇,战列舰,1396人,213米,日本,NULL,24.7节,扶桑，山城,扶桑级/Fuso战列舰,1912年3月(扶桑号),{'$oid': '5cc9319c831b973d657f1587'},NULL,NULL,10000-50000吨,1915年11月(扶桑号),NULL
NULL,http://images.huanqiu.com/sarons/2013/12/9c2ca99506ba512f189481f3fb90620f.jpg,伊势级,1946年7月29日核试中沉没（长门）；1943年6月8日原因不明爆沉（陆奥）。,39130吨,NULL,吴市吴海军工厂（长门号）,5500海里/16节，改装后10600海里/16节,NULL,NULL,28.96米,NULL,大和级,NULL,舰船舰艇,战列舰,1368人,215.8米,日本,NULL,26.5节,长门、陆奥,长门级/Nagato 战列舰,1917年8月28日（长门号）,{'$oid': '5cc9319c831b973d657f1588'},NULL,NULL,10000-50000吨,1920年11月15日（长门号）,NULL
NULL,http://images.huanqiu.com/sarons/2013/12/b5fce24f9087ae0a3cba34761f89c85d.jpg,河内级战列舰,1944年11月21日被击沉（金刚号战列舰）,36600吨,NULL,英国维克斯船厂（金刚号战列舰）,8000海里/14节，改装后9800海里/18节,NULL,NULL,31.02米,NULL,扶桑级战列舰,NULL,舰船舰艇,战列舰,1221人,219.4米,日本,太平洋,30节,金刚，比睿，榛名，雾岛,金刚级/Kongo战列舰,1911年1月17日（金刚号战列舰）,{'$oid': '5cc9319c831b973d657f1589'},NULL,NULL,10000-50000吨,1913年8月16日（金刚号战列舰）,NULL
NULL,NULL,NULL,NULL,38600吨,"
伊势（いせ）是日本海军的战列舰。伊势级的1号舰。当初本来预定建造为扶桑型战列舰的3号舰，但由于扶桑级于舰炮威力及防御力上发生不少问题，因此进行再设计，成为新舰型伊势级的一号舰并建造。山口多闻及古贺峰一等均曾担任该舰舰长，在他们后亦为著名指挥官辈出。1915年5月10日，于川崎重工业神户造船所动工建造。1916年11月12日下水，1917年12月1日就役。1945年7月被击沉，1947年解体拆除。
",川崎重工业神户造船所,9680海里/14节，1937年改装后7870海里/16节，1943年改装后9000海里/16节,NULL,NULL,28.65米,NULL,NULL,NULL,舰船舰艇,战列舰,1460人,208.18米,日本,NULL,23节,NULL,伊势号/Ise,1915年5月10日,{'$oid': '5cc9319c831b973d657f158a'},NULL,1916年11月12日,10000-50000吨,1917年12月1日,NULL
"6座二连装35.6厘米45倍径主炮，16门14厘米50倍径副炮，4门7.6厘米40倍径高射炮；6座53.3厘米鱼雷发射管；改装后",http://images.huanqiu.com/sarons/2013/12/8c1e8034a694b1a829257ead314973b8.jpg,扶桑级,同在1945年7月28日于吴港内被炸沉。,35800吨,NULL,川崎重工神户造船所(伊势号战列舰）,9680海里/14节，1937年改装后7870海里/16节，1943年改装后9000海里/16节,NULL,NULL,33.9米,NULL,长门级,NULL,舰船舰艇,战列舰,1463人,213.4米,日本,NULL,25.4节,伊势、日向,伊势级/Ise,1915年,{'$oid': '5cc9319c831b973d657f158b'},NULL,NULL,10000-50000吨,NULL,NULL
NULL,NULL,NULL,退役,47000吨,NULL,横须贺海军工厂,8000海里/14节,NULL,NULL,30.8米,NULL,NULL,NULL,舰船舰艇,战列舰,1600人,251.8米,日本,NULL,14节,NULL,天城级/Amagi 战列舰,1920年,{'$oid': '5cc9319c831b973d657f158c'},NULL,1921年,10000-50000吨,1922年,NULL
NULL,http://images.huanqiu.com/sarons/2013/12/2dd19211221e97324326e4e2acd61051.jpg,NULL,1942年11月15日被击沉，1942年12月20日除籍。,39141吨,NULL,长崎市三菱造船所,10000海里／18节,NULL,NULL,31米,NULL,NULL,NULL,舰船舰艇,战列舰,1360人,222米,日本,印度洋,29.8节,金刚，比睿，榛名,雾岛号/Kirishima,1912年3月17日,{'$oid': '5cc9319c831b973d657f158d'},NULL,1913年12月1日,10000-50000吨,1915年4月19日,NULL
NULL,http://images.huanqiu.com/sarons/2014/01/57fcc515c41e6c99f149132fbc27b63c.jpg,NULL,1923年11月30日出售拆解,17700吨,"
佛蒙特号战列舰（舷号BB-20）是一艘隶属于美国海军的战列舰，为康涅狄格级战列舰的三号舰。她是美军第二艘以佛蒙特州为名的军舰。
",霍河造船厂,6620海里/10节,NULL,NULL,25.33米,NULL,NULL,NULL,舰船舰艇,战列舰,785人,152.13米,美国,太平洋,18节,NULL,BB-20/佛蒙特号战列舰,1904年5月21日,{'$oid': '5cc9319c831b973d657f158e'},NULL,1905年8月31日,10000-50000吨,1907年3月4日,NULL
NULL,http://images.huanqiu.com/sarons/2013/12/8675da1f8ae17b82ed44e8c7fcb8a1ba.jpg,NULL,1923年11月1日出售拆解,38400吨,佐治亚号战列舰（舷号BB-15）是一艘隶属于美国海军的战列舰，为弗吉尼亚级战列舰的三号舰。她是美军第一艘以佐治亚州为名的军舰。,巴斯钢铁厂,3825海里/10节,NULL,NULL,25.36米,NULL,NULL,NULL,舰船舰艇,战列舰,772人,147.1米,美国,太平洋,19节,NULL,BB-15/佐治亚号战列舰 ,1901年8月31日,{'$oid': '5cc9319d831b973d657f158f'},NULL,1904年10月11日,10000-50000吨,1906年9月24日,NULL
NULL,http://images.huanqiu.com/sarons/2013/12/7b5b85b6a653d5e641a48ebf03459495.jpg,长门级,1945年4月7日被击沉（大和），1944年10月24日被击沉（武藏），1944年11月29日被击沉（信浓）。,72810吨,NULL,吴市吴海军工厂（大和号）,NULL,NULL,NULL,38.9米,NULL,超大和级战列舰,NULL,舰船舰艇,战列舰,2300人,263米,日本,NULL,28节,武藏号、信浓号,大和级/Yamato战列舰,1941年12月16日（大和）,{'$oid': '5cc9319d831b973d657f1590'},NULL,1941年12月16日（大和）,50000吨以上,1941年12月16日（大和）,NULL
NULL,NULL,NULL,1943年6月8日不明原因爆炸沉没,42750吨,"
陆奥号战列舰是日本海军长门级战列舰的第二艘，舰名源于日本古代的令制国陆奥。在大和级战列舰服役前是日本海军最强大的战列舰，也是同期世界上战斗力最强的战列舰之一。

陆奥号作为八八舰队计划的一部分，1921年10月24日陆奥号与姊妹舰长门号成为日本力量的象征而受到国民的喜爱，学校的教科书上曾将两舰描绘为男子汉的形象。第二次世界大战中，陆奥号得以残存到战争后期，但于1943年6月8日因原因不明的爆炸事故在柱岛附近的海上沉没。1970年，舰体的大部分被打捞，遗物在日本各地展示。与其他战后被打捞、拆卸的日本军舰不同，陆奥号的舰体仍有一部分残留在沉没处。
",横须贺海军工厂,5500海里16节，改造后8650海里/16节,NULL,NULL,33米,NULL,NULL,NULL,舰船舰艇,战列舰,1368人,224.9米,日本,太平洋,26.5节,长门、陆奥,陆奥号/Mutsu ,1918年6月1日,{'$oid': '5cc9319d831b973d657f1591'},NULL,1920年5月31日,10000-50000吨,NULL,NULL
NULL,http://images.huanqiu.com/sarons/2013/12/f8d50f46cdc1ac6ee2e90010c04349a2.jpg,NULL,NULL,31720吨,"
在太平洋战争爆发时日本海军所拥有的十二艘战舰中，金刚号是最老的一艘.而且是最后一艘由英国建造的军舰。和比叡，榛名，雾岛一样，金刚号完成时是一艘巡洋战舰，以上四艘称为金刚级。其实是模仿英国海军狮级巡洋战舰的设计，是日本最先装备360毫米大口径主炮的巡洋战舰。金刚号可说是所谓巨舰大炮时代的第一艘日本军舰。
",NULL, 6000海里/20节,NULL,NULL,31.04米,NULL,NULL,NULL,舰船舰艇,战列舰,300人,219.34米,英国,NULL,30节,NULL,金刚号/Kongo战列舰,NULL,{'$oid': '5cc9319d831b973d657f1592'},NULL,NULL,10000-50000吨,NULL,NULL
NULL,http://images.huanqiu.com/sarons/2013/12/f826a995b6661dd155519b8d0b6da64b.jpg,NULL,1945年11月20日除籍,35350吨,"
日向（ひゅうが，当时由于使用旧假名遣，所以舰名的表示为ひうが）是日本海军的战列舰，伊势型战列舰2号舰。于太平洋战争中期，改造成航空战列舰，“航空战列舰”只是因方便上的称呼，于正式的舰籍中仍为战列舰。舰名的来源为日本宫崎县的旧国名，因此舰内神社所供奉的是来自宫崎神宫的分神。该舰名在日本海军只有1代，于战后由海上自卫队的护卫舰“日向（ひゅうが）”所继承。
",三菱重工长崎造船所,9449海里/16节,NULL,NULL,33.9米,NULL,NULL,NULL,舰船舰艇,战列舰,1463人,219.62米,日本,NULL,25.3节,NULL,日向号/Hyuga ,1915年5月6日,{'$oid': '5cc9319d831b973d657f1593'},NULL,1917年1月21日,10000-50000吨,1918年4月30日,NULL
NULL,http://images.huanqiu.com/sarons/2013/12/d1faf8542760fd8a28c7d8d12e28b7b6.jpg,敦刻尔克级,NULL,47548吨,"
20世纪30年代中期法国为对抗德国和意大利扩充海军的威胁，为保持地中海和东大西洋的海上优势，法国海军开始设计建造新型战列舰。同级舰：黎赛留号(Richelieu)、让·巴尔号(Jean Bart)、克莱蒙梭号(Clemenceau)(未完工)。
",NULL,5000海里/18节,NULL,NULL,33米,NULL,阿尔萨斯级（未动工）,NULL,舰船舰艇,战列舰,1670人,247.9米,法国,NULL,30节,黎赛留，让·巴尔，克莱蒙梭，加斯科涅,黎赛留级战列舰/Richelieu,NULL,{'$oid': '5cc9319d831b973d657f1594'},NULL,NULL,10000-50000吨,NULL,NULL
NULL,http://images.huanqiu.com/sarons/2013/12/b831c811156cdc6f2e618f7b795db9c0.jpg,NULL,NULL,72808吨,"
从1913年到1942年的29年里，日本海军共建成战列舰12艘。其中“大和”号（还有同型的“武藏”号）舰龄最短（1941年建成），排水量最大，火力最强，装甲最厚，被誉为无坚不摧、固若金汤的海洋钢铁城堡。因此，迷信大舰巨炮制胜论的日本海军对它的期望值很大，认为凭借象“大和”号这样的单舰威力就可驰骋太平洋，与美舰队抗衡了。然而，在美航母特混舰队的打击下，“大和”号几乎无所作为。
",吴海军工厂造船船坞,1 943.84海里/16节,NULL,NULL,28.9米,NULL,NULL,NULL,舰船舰艇,战列舰,2400人,263米,日本,NULL,27.5节,NULL,大和号/Yamato战列舰,1937年11月4日,{'$oid': '5cc9319d831b973d657f1595'},NULL,1940年8月8日,50000吨以上,NULL,NULL
NULL,http://images.huanqiu.com/sarons/2013/12/e11fc48dcfb9dd410fc3b7c2337f2868.jpg,NULL,NULL,39700吨,"
长门号（ながと）战列舰是日本帝国海军的战列舰，属长门级战列舰的1号舰。按照日本海军的命名惯例，长门号的命名取自旧长门国。由于在第二次世界大战中的大和号战舰在建造期间与战时均采取了严格的保密措施，因此在战时及战后初期，长门号与同型姊妹舰陆奥号（むつ）仍然是当时日本国民熟知的代表日本海军的战舰。在日本投降时，是日本海军唯一具备航行能力的战列舰。1946年7月被注销船籍，被作为战争赔偿移交给美国。在比基尼环礁原子弹试验中成为靶舰，受损沉没。
",NULL,5500海里/16节，改装后10600海里/16节,NULL,NULL,28.96米,NULL,NULL,NULL,舰船舰艇,战列舰,1333人,215.8米,日本,NULL,26节,陆奥号,长门号/Nagato 战列舰,1916年,{'$oid': '5cc9319d831b973d657f1596'},NULL,1919年11月9日,10000-50000吨,NULL,NULL
NULL,http://images.huanqiu.com/sarons/2013/12/9c1d3851137bf600ba52fde4a840dab5.jpg,布列塔尼级,NULL,35500吨,"
敦刻尔克号1931年12月开工，1937年4月完工。斯特拉斯堡号1934年11月开工，1938年12月完工。第二次世界大战中法国战败后，英国为了防止法国舰队被轴心国利用，对法国舰队发动攻击。1940年7月在阿尔及利亚的米尔斯克比尔港，敦刻尔克号被英国海军重创并搁浅在港内，斯特拉斯堡号则躲过英国海军的攻击，逃抵法国土伦港。经过维修敦刻尔克号于1941年2月返回土伦港。1942年11月27日，敦刻尔克号与斯特拉斯堡号为避免被德国占领军俘获，全部在土伦港内自沉。
",NULL,7500海里/15节 ，3600海里/31节,NULL,NULL,33米,NULL,黎赛留级,NULL,舰船舰艇,战列舰,1430人,214米,法国,NULL,31节,敦刻尔克，斯特拉斯堡,敦刻尔克级/Dunkerque战列舰,1931年12月,{'$oid': '5cc9319e831b973d657f1597'},NULL,NULL,10000-50000吨,NULL,NULL
NULL,http://images.huanqiu.com/sarons/2014/01/05d8b5a26dcfa397ad9ade2fe3f14e9e.jpg,NULL,NULL,6550吨,"
比睿号是金刚级的第二号舰。金刚号是最后的英制军舰，而比睿号是第一艘国产36厘米炮巡洋战舰，是日本的造舰技术脱离模仿西方路线独立成长的里程碑，但是，在尚未能完全成长独立之前，性能及要目仍是参考英制舰金刚号，只有在外观上于烟囱处和金刚号有所差别。
",横须贺海军工厂,7000海里/20节,NULL,NULL,31.97米,NULL,NULL,NULL,舰船舰艇,战列舰,370人,221.78米,日本,太平洋,29.7节,NULL,比睿号/Hiei巡洋战舰,1911年11月4日,{'$oid': '5cc9319e831b973d657f1598'},NULL,NULL,10000-50000吨,NULL,NULL
NULL,http://images.huanqiu.com/sarons/2013/12/043be9af4248f0c10acee3cd0cc49348.jpg,NULL,1946年7月4日完成拆解,6850吨,榛名（はるな）是大日本帝国海军战列舰，金刚型战列舰3号舰。舰名的来源，为取自群马县上毛三山之一的榛名山。不像其他战列舰使用旧国名而是山岳名的原因，是因为包括“榛名”在内的金刚型战列舰，在最初期的计划中是“装甲巡洋舰”，所以跟从一等巡洋舰的命名惯例。,神户市川崎造船所,2 159.83海里/14节,NULL,NULL,31.02米,NULL,NULL,NULL,舰船舰艇,战列舰,370人,222.05米,日本,太平洋,27.5节,金刚 [II]比睿 [II]雾岛,榛名号/Haruna,1912年3月16日,{'$oid': '5cc9319e831b973d657f1599'},NULL,1913年12月14日,10000-50000吨,1915年4月19日,NULL
NULL,NULL,NULL,退役,46215吨,NULL,亚德里亚海联合造船厂,4580海里/16节,NULL,NULL,32.9米,NULL,NULL,NULL,舰船舰艇,战列舰,1800人,240.7米,意大利,NULL,30节,NULL,维托里奥·维内托级 战列舰,1934年,{'$oid': '5cc9319e831b973d657f159a'},NULL,1937年,10000-50000吨,1940年,NULL
NULL,NULL,但丁·阿利格伊切里号战列舰,退役,23500吨,NULL,拉斯佩齐亚船厂,4800海里/10节,NULL,NULL,28米,NULL,安德烈亚·多里亚级战列舰,NULL,舰船舰艇,战列舰,1000人,176米,意大利,NULL,21.5节,加富尔伯爵号，朱利奥·凯撒号，莱昂纳多·达·芬奇号,加富尔伯爵级战列舰,1910年,{'$oid': '5cc9319e831b973d657f159b'},NULL,1911年,10000-50000吨,1915年,NULL
NULL,http://images.huanqiu.com/sarons/2013/12/ba91d3de28bbc90cb57ceeb79bd0ce6a.jpg,NULL,NULL,38536吨,NULL,横须贺工厂, 8000海里/14节,NULL,NULL,30米,NULL,NULL,NULL,舰船舰艇,战列舰,1396人,202.69米,日本,太平洋,24.7节,NULL,山城号/Yamashiro,1913年11月11日,{'$oid': '5cc9319f831b973d657f159c'},NULL,1915年11月3日,10000-50000吨,NULL,NULL
NULL,NULL,丹东级战列舰,孤拔号（Courbet）1944年6月作为阻塞船凿沉在诺曼底。,25579吨,NULL,NULL,NULL,NULL,NULL,27米,NULL,布列塔尼级战列舰,NULL,舰船舰艇,战列舰,1187人,116米,法国,NULL,10节,孤拔号，法兰西号，让·巴尔号，巴黎号,孤拔级/科尔贝级战列舰,1909年,{'$oid': '5cc9319f831b973d657f159d'},NULL,NULL,10000-50000吨,NULL,NULL
NULL,http://images.huanqiu.com/sarons/2013/12/be12a6ff73c61a77636b10a048d44323.jpg,NULL,除籍,7220吨,"
镇远是中国清朝海军于德国的伏尔铿造船厂订购及建造的炮塔铁甲舰，定远级铁甲舰。甲午战争期间被日本海军虏获，战后以战利舰的身份编入日本海军。
",德国伏尔铿造船厂,4500海里/10节,NULL,NULL,18.3米,NULL,NULL,NULL,舰船舰艇,战列舰,407人,91米,德国,NULL,15.4节,NULL,镇远舰 铁甲舰,1881年 ,{'$oid': '5cc9319f831b973d657f159e'},NULL,1882年11月18日 ,5000-10000吨,1885年,NULL
NULL,http://images.huanqiu.com/sarons/2013/12/91097cca9659ca7d33d8db852c8dfc9e.jpg,纳尔逊级战列舰,威尔士亲王号战沉，其余各舰退役解体。,40580吨,NULL,维克斯·阿姆斯特朗船厂（英王乔治五世号）,15000海里/10节,NULL,NULL,31.4米,NULL,狮级战列舰,NULL,舰船舰艇,战列舰,1631人,227米,英国,NULL,29节,英王乔治五世号，威尔士亲王号，约克公爵号，安森号，豪号,英王乔治五世级战列舰 (1936年) ,1937年1月1日（英王乔治五世号）,{'$oid': '5cc9319f831b973d657f159f'},NULL,1939年2月21日（英王乔治五世号）,10000-50000吨,1940年12月11日（英王乔治五世号）,NULL
NULL,NULL,NULL,NULL,29100吨,"
朱利奥凯撒号战列舰战斗中被英国海军厌战号战列舰发射的一枚15英寸炮弹击中，受伤后撤出战斗。1940年8月底与其他战列舰一起前往截击负责掩护驶往马耳他的护航运输队的英国皇家海军“H”编队和“F”编队，但双方没有交火。1940年11月27日参加特乌拉达角海战。1941年1月8日至9日在那不勒斯被英国飞机投下的3颗炸弹炸伤，此后，该舰即转移至拉斯佩齐亚港。1941年2月参与截击袭击热那亚的英国海军“H”编队，但未交火。1943年9月9日驶往由盟军控制的马耳他，随后被扣留。二战结束后该舰曾重新命名为“Z11”号，并于1948年12月15日作为战争赔偿交给苏联，苏联将其改名为新罗西斯克号（Novorossiysk），苏联海军还曾于1955年对其主机和射击指挥装置进行改良。1955年10月29日该舰在塞瓦斯托波尔停泊时发生猛烈爆炸并翻沉，当时一般认为爆炸物是扫海后漏网的水雷，但真正的爆炸原因至今可能仍是个迷。本级舰还有一艘莱昂纳多_达_芬奇号（LeonardoDaVinci），建于热那亚谢斯特里波内提的奥德罗造船厂，1910年7月18日铺设龙骨，1911年10月14日下水，1913年5月17日完成，1916年8月2日由于爆炸事故沉于塔兰托，1919年9月17日重新捞起，1923年3月26日拆毁。
",奥德罗造船厂,3100海里/20节，4800海里/10节,NULL,NULL,28米,NULL,NULL,NULL,舰船舰艇,战列舰,1236人,186.4米,意大利,太平洋、大西洋、印度洋,28节,NULL,朱利奥·凯撒号,NULL,{'$oid': '5cc9319f831b973d657f15a0'},NULL,1911年10月15日,10000-50000吨,NULL,NULL
NULL,http://images.huanqiu.com/sarons/2014/07/3fbe334a5107d6cfe53cc2b20c314392.jpg,NULL,沉没,50405吨,NULL,汉堡布洛姆·福斯船厂,8525海里,NULL,NULL,36米,NULL,NULL,NULL,舰船舰艇,战列舰,2092人,250.5米,德国,大西洋,19节,NULL,俾斯麦号战列舰,1936年7月1日,{'$oid': '5cc9319f831b973d657f15a1'},NULL,1939年2月14日,5000-10000吨,1940年8月24日,NULL
NULL,NULL,NULL,NULL,21060吨,"
无畏舰为20世纪初各海军强国竞相建造的一类先进的主力战舰的统称。无畏舰的分类来源于英国海军于1906年开始建造的“无畏”号战列舰（HMSDreadnaught）。其特征可以概括为：它取消了以往战列舰上的用于攻击的第二口径主炮，装备了同一口径统一型号的主炮，保留了用于防御轻型军舰的副炮，以及使用高功率蒸汽轮机做动力。该舰成为现代战列舰的始祖，确立了其后达35年世界海军强国战列舰火炮与动力的基本模式，战列舰的火炮射程以及航行速度不断的大幅度的提高。此类战列舰被统一概括为“无畏舰”。
",NULL,6620海里/10节 ，4910海里/18.4节,NULL,NULL,25米,NULL,NULL,NULL,舰船舰艇,战列舰,773人,160.6米,英国,NULL,21节,NULL,无畏级/Dreadnaught  战列舰,NULL,{'$oid': '5cc931a0831b973d657f15a2'},NULL,NULL,10000-50000吨,NULL,NULL
NULL,NULL,孤拔级战列舰,布列塔尼号被击沉,25000吨,NULL,布雷斯特船厂，洛里昂船厂，圣纳泽尔船厂,4700海里/10节,NULL,NULL,26.9米,NULL,敦刻尔克级战列舰,NULL,舰船舰艇,战列舰,1133人,116米,法国,NULL,20节,布列塔尼号，普罗旺斯号，洛林号,布列塔尼级/Bretagne战列舰,1912年7月1日（布列塔尼号）,{'$oid': '5cc931a0831b973d657f15a3'},NULL,1913年4月21日（布列塔尼号）,10000-50000吨,1915年（布列塔尼号）,NULL
NULL,http://images.huanqiu.com/sarons/2014/01/2e3f37d280e68e83b46f0232207dc01b.jpg,但丁·阿利格伊切里号战列舰,NULL,25000吨,"
加富尔伯爵级战列舰是意大利皇家海军的一种无畏型战列舰，服役于两次世界大战期间。其中，莱昂纳多·达·芬奇号战列舰在第一次世界大战中炸毁，加富尔伯爵号战列舰于第二次世界大战中沉没，朱利奥·凯撒号战列舰则被作为赔偿交给苏联。加富尔伯爵级是意大利皇家海军在但丁·阿利格伊切里号战列舰后建造的第二种无畏级战列舰，由海军上将爱德华·马斯代亚所设计。在军备竞赛日益高涨的当时，加富尔伯爵级战列舰用以与欧洲强国海军相抗衡。二战前，意大利对加富尔伯爵号与朱利奥·凯撒号进行现代化改装，主要对装甲、动力与舰上建筑进行了改进。
",NULL,4800海里/10节,NULL,NULL,28米,NULL,安德烈亚·多里亚级战列舰,NULL,舰船舰艇,战列舰,1000人,176米,意大利,太平洋、大西洋、印度洋,28节,加富尔伯爵号、朱利奥·凯撒号、莱昂纳多·达·芬奇号,加富尔伯爵号战列舰,NULL,{'$oid': '5cc931a0831b973d657f15a4'},NULL,NULL,10000-50000吨,NULL,NULL
NULL,http://images.huanqiu.com/sarons/2013/12/29dba5640a63db116ee2a8be4b507e40.jpg,复仇级,1948年罗德尼号被拆卸，1949年纳尔逊号被拆卸。,38000吨,NULL,NULL,NULL,NULL,NULL,32.3米,NULL,乔治五世级（1936年）,NULL,舰船舰艇,战列舰,1640人,216.5米,英国,NULL,23.8节,纳尔逊号，罗德尼号,纳尔逊级,NULL,{'$oid': '5cc931a0831b973d657f15a5'},NULL,NULL,10000-50000吨,NULL,"3座三连装45倍径16英寸主炮；6座二连装50倍径6英寸副炮；6门单装4.7英吋高射炮；8门40毫米机炮；2门622毫米鱼雷发射管。二战时"
NULL,http://images.huanqiu.com/sarons/2013/12/ff964483ea00cdcf8d56077fc8b4895e.jpg,NULL,NULL,23485吨,"
莱昂纳多·达·芬奇号(Leonardo Da Vinci)于1910年7月18日在热那亚的奥德罗船厂开工，1911年10月14日下水，1913年5月17日完工。第一次世界大战中的1916年8月由于爆炸事故沉于塔兰托港。1923年解体。
",奥德罗船厂,4800海里/10节,NULL,NULL,28米,NULL,NULL,NULL,舰船舰艇,战列舰,1235人,176米,意大利,太平洋,21.6节,加富尔伯爵号、朱利奥·凯撒号,莱昂纳多·达·芬奇号,1910年7月18日,{'$oid': '5cc931a0831b973d657f15a6'},NULL,1911年10月14日,10000-50000吨,NULL,NULL
