图片,前型,现状,满载排水量,简介,制造厂,导弹,续航距离,反舰导弹,水上排水量,自持力,型宽,次型,潜航深度,大类,类型,编制,舰长,产国,活动范围,航速,同型,名称,建造时间,_id,关注度,下水时间,满排吨位,火炮,服役时间
NULL,NULL,NULL,4100吨,"
成功级巡防舰是中国台湾海军现役巡防舰，为取代阳字号而生产，为美国海军派里级巡防舰的修改型，原本以船团护卫任务为主要设计核心，在中国台湾海军修改下安装国造反舰导弹及40mm快炮增强反舰、反快艇能力。
",中国造船公司高雄厂,NULL,4500海里/20节 ,NULL,NULL,NULL,13.7米,NULL,NULL,舰船舰艇,护卫舰,206人,138米,中国,NULL,29节,NULL,成功级护卫舰,1990年 ,{'$oid': '5cc931c1831b973d657f1684'},NULL,1991年 － 2002年,2000-5000吨,NULL,1993年至今
http://images.huanqiu.com/sarons/2013/11/8d719c797baa84150896794fb3fecddd.jpg,NULL,NULL,2784吨,"
LCS-2独立号濒海战斗舰是由通用动力公司领导的小组设计的的铝质三体舰，长127米，排水量2784吨，由奥斯塔美国公司建造。根据美国海军提出的设计要求，LCS将主要用于全球沿海水域作战，是一种快速、机动、吃水浅的水面舰艇，具有高度的自动化设计，舰员编制将控制在100人以内。
",NULL,NULL,6900公里以上,NULL,NULL,NULL,31.6米,NULL,NULL,舰船舰艇,护卫舰,40人,127.4米,美国,NULL,44节,NULL,独立号濒海战斗舰(LCS-2)战斗舰,NULL,{'$oid': '5cc931c1831b973d657f1685'},(4.9分),NULL,2000-5000吨,NULL,NULL
http://images.huanqiu.com/sarons/2013/07/49390ae3cb3419f507d8f2918d922f43.jpg,21型,在役,4731吨,NULL,NULL,NULL,18节航速下4500英里,NULL,NULL,NULL,14.8米,NULL,NULL,舰船舰艇,护卫舰,NULL,131.2米,英国,NULL,30节,NULL,“大刀”(Broadsword，22型Batch 1）级导弹护卫舰,1975年,{'$oid': '5cc931c1831b973d657f1686'},NULL,NULL,2000-5000吨,NULL,1979年
http://images.huanqiu.com/sarons/2013/07/e5828c444e25d0338c6e306470d523e2.jpg,NULL,NULL,3560吨,"
该级舰是原美国“加西亚”级护卫舰。1989年4月15日，巴西海军以租借形式从美国获得了该级舰的前3艘舰，1989年10月1日获得最后一艘。1989年12月13日所有舰只抵达巴西。该级舰的四艘舰均加大了直升机机库，可容纳“海王”这样尺度的直升机，该级舰在美国服役时，“帕拉”号和“巴拉那”号的飞行甲板安装的是SQS15拖曳阵声呐，在转租前被拆除。巴西海军将该级舰划分为驱逐舰，编为第一驱逐舰队，基地设在里约热内卢的尼泰罗伊海军基地。
",美国洛克希德造船与结构公司,NULL,4000海里/20节,NULL,NULL,NULL,13.47米,NULL,NULL,舰船舰艇,护卫舰,286人,126.33米,美国,NULL,27节,NULL,“帕拉”(Pará）级(原美国“加西亚”级）通用护卫舰,1963年1月17日,{'$oid': '5cc931c1831b973d657f1687'},NULL,1964年3月26日,2000-5000吨,NULL,1965年5月15日
http://images.huanqiu.com/sarons/2014/01/2f93ca98a4ab60a9afc092e6960a39cd.jpg,NULL,NULL,5000吨,"
054A型护卫舰（北约代号：JiangkaiII Class“江凯II级”）是中国人民解放军海军最新型的护卫舰等级。本级舰身设计与054型护卫舰相仿，火力则比较054型护卫舰强劲许多，为中国人民解放军海军装备的第一种区域防空型护卫舰。
",上海沪东中华造船厂， 广州黄埔造船有限公司,NULL,4000海里/18节,NULL,NULL,NULL,16米,NULL,NULL,舰船舰艇,护卫舰,165人,134米,中国,NULL,27节,NULL,054A型导弹护卫舰,NULL,{'$oid': '5cc931c2831b973d657f1688'},(4.6分),2006年9月30日,2000-5000吨,NULL,2008年
http://images.huanqiu.com/sarons/2013/07/513bb4f53ecdd4f0c58f8cbe7bf43468.jpg,NULL,1艘在役,1790吨,"“艾斯波拉”级护卫舰为德国设计建造的MEKO140A16型，也属于著名的MEKO系列产品。""艾斯波拉""级由阿根廷于20世纪80年代开始在本国造船厂建造，该级舰共有1门“奥托-梅拉莱”76毫米舰炮，2门“布莱达”40毫米双管速射炮，4枚MM38“飞鱼”反舰导弹，2座三联装324毫米鱼雷发射器以及2部12.7毫米机枪等。阿根廷共进口了六艘该级舰，首批四艘于1985-1990年间交付使用，最后两艘分别于2000年和2004年交付，目前为阿根廷海军的主力军舰。",NULL,NULL,4000海里/18节,NULL,NULL,NULL,11.1米,NULL,NULL,舰船舰艇,护卫舰,93人,91.2米,德国,NULL,27节,NULL,“艾斯波拉”级导弹护卫舰,1980年10月3日,{'$oid': '5cc931c2831b973d657f1689'},NULL, 1982年1月23日,500-2000吨,NULL,1985年7月5日
http://images.huanqiu.com/sarons/2013/07/a76c0d43e2754ba1e19d17fa2df59d66.jpg,利安德级护卫舰,NULL,2408吨,NULL,NULL,NULL,6517海里/16节,NULL,NULL,NULL,12.2米,NULL,NULL,舰船舰艇,护卫舰,NULL,103.6米,英国,NULL,24节,NULL,“索尔兹伯里”(Salisbury）级 (61型）通用护卫舰,1952年–1959年,{'$oid': '5cc931c2831b973d657f168a'},NULL,NULL,2000-5000吨,NULL,1957年–1985年
http://images.huanqiu.com/sarons/2013/07/2a3156381394d1af41b9845d517a64e1.jpg,NULL,NULL,2100吨,"
豹级（41型）护卫舰是20世纪50年代为英国皇家海军（4艘）和印度海军（3艘）建造的防空护卫舰。
",NULL,NULL,950海里/26节，1750海里/21节，3800海里/13节，5000海里/10节,NULL,NULL,NULL,13.8米,NULL,NULL,舰船舰艇,护卫舰,121人,102.4米,英国,NULL,27节,NULL,“豹”(Leopard）级(41型）通用护卫舰,NULL,{'$oid': '5cc931c2831b973d657f168b'},NULL,1955年3月23日,500-2000吨,NULL,1958年9月30日
http://images.huanqiu.com/sarons/2013/11/b406f5faa77fb4c01e3f2a7d235640c3.jpg,NULL,NULL,1500吨,"
056型护卫舰（英语：Type 056 corvette）北约代号：Jiangdao Class corvette（江岛级轻护卫舰）是中国人民解放军海军于2012年下水的一款新一代多用途轻型护卫舰。本级舰以近海防御作战为主要任务，以替换之前舰龄较长，战术技术指标较低，武器及设备已经落后，人员工作和居住环境较差，难以适应新时期的作战任务的053系列护卫舰和037系列快艇。
",NULL,NULL,1738海里/18节,NULL,NULL,NULL,12米,NULL,NULL,舰船舰艇,护卫舰,80人,89米,中国,NULL,28节,NULL,056型护卫舰,NULL,{'$oid': '5cc931c2831b973d657f168c'},(4.8分),2012年,500-2000吨,NULL,NULL
http://images.huanqiu.com/sarons/2013/07/bbea2c4e37816519499bc5905f09060b.jpg,“布鲁克”级护卫舰,现役,4100吨,“佩里”（Perry）级（FFG7）导弹护卫舰，原称巡逻护卫舰PF，“佩里”级护卫舰是美国海军中一级性能适中的通用性导弹护卫舰，是美国海军建造的主要装备防空武器的导弹护卫舰 。首舰于1977年12月建成服役，具有较强的搜索、攻击飞机、舰艇或反舰导弹的作战能力。尽管它的性能不如某些高性能舰艇，但因其价格适中而获得大批量建造。仅至1988年，美国就建造了60艘，其中部分出口。,巴斯钢铁厂,NULL,4500海里/20节,NULL,NULL,NULL,13.7米,自由级濒海战斗舰，独立级濒海战斗舰,NULL,舰船舰艇,护卫舰,214人,138米,美国,NULL,30节,阿德雷德级巡防舰圣塔马利亚级巡防舰成功级巡防舰,“佩里”(Oliver Hazard Perry)级导弹护卫舰,1975年6月,{'$oid': '5cc931c2831b973d657f168d'},NULL,1976年9月,2000-5000吨,NULL,1977年11月
http://images.huanqiu.com/sarons/2013/07/41b0b5707f22c3163c3daf2d5865f2bf.jpg,NULL,3艘在役,2430吨,NULL,英国科克尔船厂,NULL,5214海里/15节,NULL,NULL,NULL,12.3米,NULL,NULL,舰船舰艇,护卫舰,160人,106.4米,比利时,NULL,26节,NULL,“维林根”（Wielingen）级（E-71型）护卫舰,1974年,{'$oid': '5cc931c2831b973d657f168e'},NULL,1976年3月30日,2000-5000吨,NULL,1978年1月20日
http://images.huanqiu.com/sarons/2013/07/c63336d149423fd995b388ea8b028685.jpg,NULL,NULL,3250吨,NULL,NULL,NULL,4000海里/17节，3500海里/18节,NULL,NULL,NULL,12.7米,NULL,NULL,舰船舰艇,护卫舰,192人,117米,英国,NULL,32节,NULL,“尼泰罗伊”(Niteroi）级护卫舰,1972年,{'$oid': '5cc931c2831b973d657f168f'},NULL,NULL,2000-5000吨,NULL,1976年
http://images.huanqiu.com/sarons/2013/07/3bb03932185837d5f98e7089ddcb002a.jpg,NULL,现役，退役或出售或转为巡逻船,1666吨,NULL,卡塔赫纳船厂,NULL,3476海里/18节,NULL,NULL,NULL,10.4米,NULL,NULL,舰船舰艇,护卫舰,NULL,88.8米,西班牙,NULL,25节,“侦察”号(P75，原F31），“迪亚纳”号(M11，原F32），“埃琳娜公主”号(F33），“克里斯蒂娜公主”号(P77，原F34），“卡珊德拉”号(P78，原F35），“温斯德拉”号(P79原F36），“艾拉哈玛尼海军上校”号 (501)，“阿布奎尔”号(原“塞维奥拉”号，F941），“阿尔苏兹”号(原“哨兵”号，F946）,“侦察”级导弹护卫舰,20世纪70年代,{'$oid': '5cc931c2831b973d657f1690'},NULL,NULL,500-2000吨,NULL,1978年11月18日
http://images.huanqiu.com/sarons/2013/07/fe8ec61cb5278f01d2b8c326a123bee8.jpg,053H2型,现役,1960吨,"
053HT型护卫舰称为“昭披耶”级, 也译成“湄南”级。是中国自行建造的053H2型导弹护卫舰的出口型号。053HT型也称053HT-H型，其中T代表泰国(Tailand)，带-H的型号是后期除去艉部舰炮替代直升机起降甲板的型号。该型军舰是基于中国人民解放军海军的053H2型护卫舰的出口泰国型号。053H2型护卫舰（北约称为＂江湖Ⅲ＂级）是在053H、053H1之后建造的053H系列的对海型导弹护卫舰，基本上接近国外同类先进舰只的水平。053H2型虽仍是一种以黄水作战（近海作战）为主的军舰，但也是中国海军最后一种以黄水作战为主的主力军舰。
",上海沪东造船厂,NULL,2700海里/18节,NULL,NULL,NULL,10.8米,NULL,NULL,舰船舰艇,护卫舰,130人,103.2米,中国,NULL,28节,NULL,“江湖”级(053HT型）导弹护卫舰,1984年10月15日,{'$oid': '5cc931c3831b973d657f1691'},NULL,1985年12月28日,500-2000吨,NULL, 1986年12月15日
http://images.huanqiu.com/sarons/2013/07/2e11091dd6eec4d33ece8f46f7708317.jpg,安纳波利斯级驱逐舰,NULL,5235吨,"
""哈利法克斯""级护卫舰是加拿大皇家海军的多任务护卫舰。“哈利法克斯”级舰艇主要是按照多用途护卫舰的方案设计建造的。这种舰艇装有各种先进武器和传感探测设备，以及世界上最现代化的统一作战指挥系统。哈利法克斯级的设计中，对舰的隐身性作了极大的努力，在隐身性设计方面也是一级有代表性的护卫舰。由于配备精良，哈利法克斯级护卫舰可以在敌对环境下进行自卫并为其他舰艇提供保护。
",圣约翰造船有限公司,NULL,7100海里/15节,NULL,NULL,NULL,16.4米,NULL,NULL,舰船舰艇,护卫舰,215人,134.7米,加拿大,NULL,29节,NULL,“哈利法克斯”（Halifax）级直升机护卫舰／导弹护卫舰,1987年3月19日,{'$oid': '5cc931c3831b973d657f1692'},NULL,1988年4月30日,5000-10000吨,NULL,1992年6月29日
http://images.huanqiu.com/sarons/2013/07/0b5c5c8dd770796dbaf84d95607590eb.jpg,NULL,NULL,2100吨,“帕迪拉海军上将”级（FS1500型，FL）护卫舰是一组由哥伦比亚海军操作使用的护卫舰。这一款护卫舰的型号为FS1500，由原联邦德国霍瓦兹造船公司于上世纪70年代末，80年代初设计建造。有4艘在服役中。有2艘“帕迪拉海军上将”级卡斯图里号护卫舰在马来西亚海军。,原联邦德国霍瓦兹造船公司,NULL,14节时7000海里；18节时5000海里,NULL,NULL,NULL,11.3米,NULL,NULL,舰船舰艇,护卫舰,94人,99.1米,德国,NULL,27节,NULL,“帕迪拉海军上将”级(FS1500型，FL）／“卡斯图里”级轻型导弹护卫舰,1981年3月,{'$oid': '5cc931c3831b973d657f1693'},NULL,1982年1月,2000-5000吨,NULL,1983年
http://images.huanqiu.com/sarons/2013/07/b3bb9747b0a9bf3d87009533c14eadb8.jpg,NULL,NULL,1662吨,"
“江湖”级导弹护卫舰是中国海军第一种自行研制的导弹护卫舰，序号为0-53H型，“江湖”I型就是为了填补“旅大”级驱逐舰至“成都”级护卫舰之间的空白而建造的，主要用于在近海执行护航、护渔、反舰、反潜、布雷、巡逻、警戒和支援快艇作战等任务，同时具有有限的防空能力。80年代，该型舰还向一些第三世界国家出口。
",NULL,NULL,2700海里/18节,NULL,NULL,NULL,10.8米,NULL,NULL,舰船舰艇,护卫舰,190人,103.2米,中国,NULL,26节,NULL,“江湖”I／Ⅱ级(053）导弹护卫舰,1974年10月,{'$oid': '5cc931c3831b973d657f1694'},NULL,1975年8月,500-2000吨,NULL,1975年12月
http://images.huanqiu.com/sarons/2013/07/e98ff46430df000003b0c5d1963aa7f5.jpg,NULL,现役,1320吨,丹麦海军尼尔斯·尤尔级导弹护卫舰是一款在80年代出生的护卫舰，全面采用了北约国家中的主流海军产品，从LM2500燃气轮机到MTU的柴油机，从＂鱼叉＂、＂海麻雀＂到＂奥托＂舰炮，以及享誉欧洲的荷兰电子设备，该级舰的船体最能代表当时丹麦舰船的设计水平。,丹麦爱尔堡造船厂（Aalborg Yard Ltd）,NULL,2500海里/18节，1020海里/28节,NULL,NULL,NULL,10.3米,NULL,NULL,舰船舰艇,护卫舰,94人,84米,丹麦,大西洋，北冰洋，太平洋,28节,NULL,“尼尔斯·尤尔”（Niels Juel）级导弹护卫舰,二十世纪七十年代,{'$oid': '5cc931c3831b973d657f1695'},NULL,1978年2月17日,500-2000吨,NULL,1980年8月26号
http://images.huanqiu.com/sarons/2013/07/9554e8a6b92e2bc50eedb3cd7215f661.jpg,“加西亚”级护卫舰,NULL,3880吨,NULL,NULL,NULL,4000海里/22节,NULL,NULL,NULL,14.3米,NULL,NULL,舰船舰艇,护卫舰,288人,134米,美国,NULL,27节,NULL,“诺克斯”级护卫舰,1965年,{'$oid': '5cc931c3831b973d657f1696'},NULL,1966年11月,2000-5000吨,NULL,1969年4月
http://images.huanqiu.com/sarons/2013/07/d74c22f8ce84bbfff4365763a57dbfdd.jpg,NULL,NULL,3000吨,"
利安德级护卫舰又称12M型通用护卫舰，首舰“利安德”号在1963年服役时，是当时世界上吨位最大的护卫舰。它装备了双联装114毫米主炮，“海猫”舰空导弹，“伊卡拉”反潜导弹，直升机甲板长度占了全舰四分之一强，使该级舰有了接触的综合作战能力。英国海军共装备了26艘利安德级，成为英国海军在二战后建造数量最多的作战护卫舰。
",NULL,NULL,4500海里/12节,NULL,NULL,NULL,13.1米,NULL,NULL,舰船舰艇,护卫舰,257人,113米,英国,NULL,28节,NULL,“利安德”级导弹护卫舰,1959年4月10日,{'$oid': '5cc931c3831b973d657f1697'},NULL,1961年6月28日,2000-5000吨,NULL,1963年3月
http://images.huanqiu.com/sarons/2013/07/4c1a3b0119594bec6ae546e780d74af0.jpg,NULL,NULL,3900吨,054型是90年代中期研发的多用途导弹护卫舰，用于替代江卫I/II级的新型多用途导弹护卫舰，是我国第三代导弹护卫舰。054型采用大量隐身技术，增加了排水量以安装更多的武器装备。江凯级可适应中远海及高海况下的作战，是目前中国海军中隐身能力最好的、舰型最好的导弹护卫舰。054型主要用于弥补退役舰只造成的战斗缺员，故没有安装最新的武器系统，而是采用了大量现有成熟的武器，054型共建造2艘。,上海沪东中华造船厂,NULL,3800海里/18节,NULL,NULL,NULL,16米,NULL,NULL,舰船舰艇,护卫舰,190人,134米,中国,NULL,27节,NULL,“江凯”级（054型）护卫舰,1999年12月,{'$oid': '5cc931c3831b973d657f1698'},NULL,2003年9月11日,2000-5000吨,NULL,NULL
http://images.huanqiu.com/sarons/2013/07/76dc301c15ab1e683ae8b7bf17f7d2e3.jpg,NULL,NULL,2250吨,"
053H2G型护卫舰（北约代号 江卫I JiangweiI）是中国人民解放军海军第二代配备防空导弹的护卫舰，是053H2型护卫舰，053H1Q型护卫舰和053K型护卫舰的升级版本。也是中国人民解放军海军第一代批量生产的载机护卫舰和防空导弹护卫舰。首舰安庆号（539）由上海沪东中华造船厂制造，于1992年6月服役于东海舰队，其后共有四艘同级舰建成服役。
",上海沪东中华造船厂,NULL,4000海里/18节,NULL,NULL,NULL,12.1米,NULL,NULL,舰船舰艇,护卫舰,168人,111.7米,中国,NULL,27节,NULL,“江卫”Ⅰ／II级(053／053H2G型）导弹护卫舰,1988,{'$oid': '5cc931c4831b973d657f1699'},NULL,1990年6月,2000-5000吨,NULL,1992年7月
http://images.huanqiu.com/sarons/2013/07/e0c742f52e1a2e7a5681f75f32dbe5b7.jpg,NULL,NULL,3750吨,"
雅克布·范·赫姆斯科克（Jacob van Heemskerck class/Type L）级导弹护卫舰(又名汉姆斯科尔科级防空护卫舰)原是荷兰大型防空型导弹护卫舰，是科顿艾尔级反潜护卫舰的防空型，该级舰拥有良好的指挥设备，可供特混舰队司令官及其参谋人员使用。
",皇家斯凯尔德造船厂,NULL,4084海里/16节,NULL,NULL,NULL,14.6米,NULL,NULL,舰船舰艇,护卫舰,NULL,130.5米,荷兰,NULL,30节,NULL,“雅克布•范•希姆斯柯克”（Jacob van Heernskerck）级导弹护卫舰,1981年1月,{'$oid': '5cc931c4831b973d657f169a'},NULL,NULL,2000-5000吨,NULL,NULL
http://images.huanqiu.com/sarons/2013/07/7812b8364d53b61a5591f101ae95a557.jpg,NULL,NULL,3320吨,"
“卡雷尔·多尔曼”级是荷兰皇家海军的八个多功能护卫舰之一。这一类也被称为“多用途”或“M”级。这一级别的护卫舰是以一些有名的荷兰海军军官命名的。首舰就是是以“卡雷尔·多尔曼”级命名的。
",荷兰达门斯海尔德海军造船厂,NULL,5000海里/18节,NULL,NULL,NULL,14.4米,NULL,NULL,舰船舰艇,护卫舰,NULL,122.3米,荷兰,NULL,30节,NULL,“卡雷尔•多尔曼”（Karel Doorman）级导弹护卫舰,不详,{'$oid': '5cc931c4831b973d657f169b'},NULL,NULL,2000-5000吨,NULL,1991年5月
http://images.huanqiu.com/sarons/2013/07/3e865c89c0d516d1fdb71b9a87a1500a.jpg,NULL,NULL,NULL,"
荷兰德泽文-普罗文森级护卫舰（荷兰语：De Zeven Provinciënklasse Fregat，英语：De Zeven Provicien class Frigate，意为七省级护卫舰），命名代表荷兰独立之初全国的七个省份，是荷兰皇家海军现役主力防空与指挥舰艇。该舰1艘 

 
",NULL,NULL,4345海里/18节,NULL,NULL,NULL,18.8米,NULL,NULL,舰船舰艇,护卫舰,NULL,144.2米,荷兰,NULL,28节,NULL,“德泽文普洛文辛”级导弹驱逐舰,90年代,{'$oid': '5cc931c4831b973d657f169c'},NULL,NULL,NULL,NULL,2002年4月
http://images.huanqiu.com/sarons/2013/07/015b72b6e92f503585d4eb766ab855fd.jpg,NULL,现役,6250吨,NULL,DCNS造船厂,NULL,5214海里/18节,NULL,NULL,NULL,19.7米,NULL,NULL,舰船舰艇,护卫舰,145人,140.4米,法国,大西洋地中海,27节,NULL,多任务护卫舰(法国、意大利),2005年,{'$oid': '5cc931c4831b973d657f169d'},NULL,2010年5月6日,5000-10000吨,NULL,2012年8月
http://images.huanqiu.com/sarons/2013/07/eee1d0a54665575298162402705a6524.jpg,NULL,NULL,1940吨,NULL,BAE系统公司苏格吐温造船厂,NULL,5000海里/12节,NULL,NULL,NULL,12.8米,NULL,NULL,舰船舰艇,护卫舰,79人,95米,英国,太平洋,30节,NULL,“文莱”(Bnnei)级导弹轻型护卫舰,20世纪90年代末,{'$oid': '5cc931c4831b973d657f169e'},NULL,2001年6月,500-2000吨,NULL,NULL
http://images.huanqiu.com/sarons/2013/07/a98dbf29774f99e432c197077b7506f5.jpg,NULL,NULL,2950吨,NULL,NULL,NULL,10000海里/15节,NULL,NULL,50天,14.4米,NULL,NULL,舰船舰艇,护卫舰,80人,93.5米,法国,NULL,20节,NULL,“花月”(Floréal）级导弹护卫舰,二十世纪八十年代,{'$oid': '5cc931c4831b973d657f169f'},NULL,NULL,2000-5000吨,NULL,1992年5月
http://images.huanqiu.com/sarons/2013/07/77291e82ab8be894f56d4668138d6172.jpg,NULL,NULL,5960吨,NULL,Blohm-Voss造船厂Howaldtwerkft(HDW）造船厂ThyssenNordseewerke(TNSW）造船厂,NULL,4000海里/18节,NULL,NULL,21天,17.4米,NULL,NULL,舰船舰艇,护卫舰,NULL,143米,德国,NULL,29节,2艘,“萨克森”(sachsen)级(124型)导弹护卫舰,1996年,{'$oid': '5cc931c5831b973d657f16a0'},NULL,NULL,5000-10000吨,NULL,2004年
http://images.huanqiu.com/sarons/2013/07/cc3e21b5eb86124888b3984bf65bdaed.jpg,NULL,NULL,495吨,NULL,NULL,NULL,1912海里/14节,NULL,NULL,NULL,10.2米,NULL,NULL,舰船舰艇,护卫舰,NULL,59.5米,苏/俄,NULL,32节,NULL,“波克”I/II级轻型导弹护卫舰,20世纪七八十年代,{'$oid': '5cc931c5831b973d657f16a1'},NULL,NULL,500吨以内,NULL,NULL
http://images.huanqiu.com/sarons/2013/07/45f1392c132363673d6723ade1473605.jpg,尼尔吉里级护卫舰,NULL,3850吨,NULL,印度马扎冈船坞有限公司,NULL,4500海里/12节,NULL,NULL,NULL,14.5米,布拉马普特拉级护卫舰,NULL,舰船舰艇,护卫舰,313人,126.5米,印度,NULL,27节,6艘,“戈达瓦里”级导弹护卫舰,1978年,{'$oid': '5cc931c5831b973d657f16a2'},NULL,1980年,2000-5000吨,NULL,1983年底
http://images.huanqiu.com/sarons/2013/07/cfd3fb6d0edac30bd10b5c86b5194125.jpg,NULL,NULL,1970吨,NULL,NULL,NULL,5214海里/13节,NULL,NULL,NULL,12.2米,NULL,NULL,舰船舰艇,护卫舰,NULL,74.7米,丹麦,黑海,18节,“泰提斯”级,“白熊”级改进型通用护卫舰,NULL,{'$oid': '5cc931c5831b973d657f16a3'},NULL,1991年1月2日,500-2000吨,NULL,1992年11月30日
http://images.huanqiu.com/sarons/2013/07/2c656b34a4a1a795c4860340628d17cb.jpg,NULL,NULL,3800吨,NULL,NULL,NULL,3000海里/18节,NULL,NULL,NULL,14.6米,NULL,NULL,舰船舰艇,护卫舰,NULL,130米,荷兰,NULL,30节,NULL,“科顿艾尔”(Kontenaer)级导弹护卫舰,1975年,{'$oid': '5cc931c5831b973d657f16a4'},NULL,NULL,2000-5000吨,NULL,NULL
http://images.huanqiu.com/sarons/2013/07/a3c80f6f15338b184a9e77bc0666dfba.jpg,NULL,NULL,4900吨,NULL,德国汉堡勃姆沃斯造船厂,NULL,3476海里/18节,NULL,NULL,NULL,16.7米,NULL,NULL,舰船舰艇,护卫舰,NULL,138.9米,德国,NULL,29节,NULL,“布兰登堡”(Brandenburg）级(F123型)导弹护卫舰,1992年1月,{'$oid': '5cc931c5831b973d657f16a5'},NULL,1993年3月,2000-5000吨,NULL,1995年
http://images.huanqiu.com/sarons/2013/07/dfd92bbb83fc1d53241e80d1c0be8454.jpg,NULL,现役,3500吨,NULL,NULL,NULL,7386海里/15.5节,NULL,NULL,NULL,14.4米,NULL,NULL,舰船舰艇,护卫舰,61人,112.5米,丹麦,NULL,20节,4艘,“泰提斯”（Thetis）级通用护卫舰,NULL,{'$oid': '5cc931c6831b973d657f16a6'},NULL,1989年7月14日,2000-5000吨,NULL,1991年7月1日
http://images.huanqiu.com/sarons/2013/07/f60f60c55a2067112810f8214265f48f.jpg,里维埃舰长级,现役,3600吨,NULL,法国DCNS公司,NULL,7000海里/15节，9000海里/12节,NULL,NULL,50天,15.4米,NULL,NULL,舰船舰艇,护卫舰,140人,125米,法国,太平洋、印度洋、大西洋法国 沙特阿拉伯中国新加坡,25节,法国,“拉斐特”级导弹护卫舰,1990年12月15日,{'$oid': '5cc931c6831b973d657f16a7'},NULL,1992年06月13日,2000-5000吨,NULL,1996年03月22日
http://images.huanqiu.com/sarons/2013/07/017310e0e16d810b473cf4a298d1f90c.jpg,布拉马普特拉级护卫舰,NULL,3850吨,NULL,扎沃德（Baltiysky) 造船厂,NULL,4600海里/20节,NULL,NULL,30天,15.2米,什瓦里克级护卫舰,NULL,舰船舰艇,护卫舰,180人,124.5米,印度,NULL,30节,NULL,“塔尔瓦”(Talwar)级(1235.6／17工程)导弹护卫舰,1997年,{'$oid': '5cc931c6831b973d657f16a8'},NULL,NULL,NULL,NULL,NULL
http://images.huanqiu.com/sarons/2013/07/0d4949d544097740b4c9f5db90015e68.jpg,塔尔瓦级护卫舰,在役,5300吨,NULL,马扎冈船坞有限公司,NULL,3900海里/18节,NULL,NULL,NULL,16.9米,P-17A级护卫舰(Project 17),NULL,舰船舰艇,护卫舰,257人,142.5米,印度,NULL,32节,“萨特普拉”号，“萨哈亚迪”号,“什瓦利克”（Shivalik）级（17工程）护卫舰,2000年12月,{'$oid': '5cc931c6831b973d657f16a9'},NULL,2009年2月,5000-10000吨,NULL,2010年4月29日
NULL,NULL,在役,2050吨,NULL,南斯拉夫Uljanic造船厂,NULL,3476海里/18节,NULL,NULL,NULL,11.2米,NULL,NULL,舰船舰艇,护卫舰,NULL,96.7米,前南斯拉夫,NULL,26节,NULL,“基•哈加•德旺塔拉” 级导弹护卫舰,1980年,{'$oid': '5cc931c6831b973d657f16aa'},NULL,NULL,2000-5000吨,NULL,NULL
http://images.huanqiu.com/sarons/2013/07/8c46969a4d684ee4f8050c27a5fc5d03.jpg,NULL,退役或转售现役,660吨,NULL,NULL,NULL,3000海里/20节,NULL,NULL,NULL,13米,巴罗索级,NULL,舰船舰艇,护卫舰,70人,59.3米,苏/俄,NULL,36节,NULL,“纳努契卡”级导弹护卫舰,1967年,{'$oid': '5cc931c6831b973d657f16ab'},NULL,1968年10月10日,500-2000吨,NULL,1970年9月30日
http://images.huanqiu.com/sarons/2013/07/cfa6435565fa687e0baaa2c8cea96877.jpg,NULL,NULL,1450吨,“法塔希拉”级驱逐舰是印尼从荷兰购买的一艘导弹驱逐舰，印尼海军以他们的战争英雄——法塔希拉（Fatahillah）为其命名。,NULL,NULL,3694海里/16节,NULL,NULL,NULL,11.1米,NULL,NULL,舰船舰艇,护卫舰,89人,84米,荷兰,NULL,30节,NULL,“法塔希拉”（Fatahillah）级导弹护卫舰,1977年1月31日,{'$oid': '5cc931c6831b973d657f16ac'},NULL,1977年12月22日,500-2000吨,NULL,1979年7月16日
http://images.huanqiu.com/sarons/2013/07/e360cbcc2de0f87beb0b7e1ebeea42e1.jpg,NULL,NULL,632吨,NULL,NULL,NULL,3476海里/16节,NULL,NULL,NULL,9.3米,NULL,NULL,舰船舰艇,护卫舰,49人,63米,德国,印度洋太平洋,32节,NULL,“麦纳麦”／“胜利”／“默里·吉布”级轻型导弹护卫舰,未知,{'$oid': '5cc931c7831b973d657f16ad'},NULL,NULL,500-2000吨,NULL,1990年
http://images.huanqiu.com/sarons/2013/07/c934743ce108df9e4bd44c90062b23d7.jpg,“坎农”级护航驱逐舰,有6艘在服役,2835吨,“范·斯佩克”级是由荷兰皇家海军建造的，与英国皇家海军“利安德”级相似。20世纪70年代末进行了现代化的船舶建造。所有六艘在1986-1989年被出售给印尼海军。,NULL,NULL,3910海里/12节,NULL,NULL,NULL,12.5米,科顿艾尔级护卫舰,NULL,舰船舰艇,护卫舰,NULL,113.4米,荷兰,NULL,28.5节,NULL,“范·斯佩克”(Vanspeijk)级导弹护卫舰,1963年10月1日,{'$oid': '5cc931c7831b973d657f16ae'},NULL,1965年3月5日,2000-5000吨,NULL,1967年2月14日
http://images.huanqiu.com/sarons/2013/07/7e993d7c34fa1024cb62fe5f244a1a80.jpg,“杰贝尔·切诺阿”号(C58)，“艾尔·齐哈布”号(352)，“艾尔·课尔齐”(353),NULL,540吨,NULL,NULL,NULL,NULL,NULL,NULL,NULL,8.5米,NULL,NULL,舰船舰艇,护卫舰,NULL,58.4米,苏/俄,印度洋,31节,NULL,“杰贝尔·切诺阿”级轻型导弹护卫舰,未知,{'$oid': '5cc931c7831b973d657f16af'},NULL,NULL,500-2000吨,NULL,NULL
http://images.huanqiu.com/sarons/2013/07/a4efba015718072ea611fedf3222ba86.jpg,“纳努契卡”级,NULL,455吨,NULL,NULL,NULL,1434海里/14节,NULL,NULL,NULL,11.5米,NULL,NULL,舰船舰艇,护卫舰,34人,56.1米,苏/俄,太平洋印度洋,36节,NULL,“毒蜘蛛”I/II/III级轻型导弹护卫舰,20世纪70年代末,{'$oid': '5cc931c7831b973d657f16b0'},NULL,NULL,500吨以内,NULL,NULL
http://images.huanqiu.com/sarons/2013/07/4b13fe3f2b8525617d14df59fdcce35b.jpg,“伊哈乌玛”级,现役,2350吨,“巴罗索”号轻型护卫舰是巴西将海军主战舰艇的国产化最新成果，于2002年12月20日下水。作为“伊哈乌玛”级的改进版，“巴罗索”级对军舰的舰型进行了大幅度修改，舰体前部改用大飞剪艏设计，有效改善了军舰的耐波性和远航性能。此外，“巴罗索”级在延续了与“伊哈乌玛”级相同的上层建筑布局的同时，更加强调了舰体隐身的特点，虽然不能和法国“拉斐特”级护卫舰那样采用全隐身设计的舰艇相比，但体现了巴西造船工业努力追赶世界军舰发展潮流的努力。,NULL,NULL,4000海里/15节,NULL,NULL,NULL,11.4米,NULL,NULL,舰船舰艇,护卫舰,132人,103.4米,巴西,大西洋太平洋,27节,NULL,“巴罗索”级导弹护卫舰,20世纪90年代,{'$oid': '5cc931c7831b973d657f16b1'},NULL,2002年12月20日,2000-5000吨,NULL,2008年
http://images.huanqiu.com/sarons/2013/07/4a2fa5c0b91249645a352167e076dfc0.jpg,NULL,NULL,1500吨,NULL,NULL,NULL,4000海里/13节,NULL,NULL,NULL,10米,NULL,NULL,舰船舰艇,护卫舰,180人,102米,朝鲜,NULL,24节,NULL,“罗津”级导弹护卫舰,1971年,{'$oid': '5cc931c7831b973d657f16b2'},NULL,NULL,500-2000吨,NULL,NULL
http://images.huanqiu.com/sarons/2013/07/327572d7f99804965aa3712f7a02c4b7.jpg,“尼泰罗伊”,NULL,1970吨,上世纪70年代末80年代初，巴西海军正式启动了新一代轻型护卫舰的建造计划。根据巴西海军的设想，这种排水量在2000吨左右的轻型舰艇将与先前引进的“尼泰罗伊”级护卫舰，分别承担近海护航和南大西洋远洋反潜的任务。这便是战后巴西海军第一型真正意义上自主研制的中型战舰––“伊哈乌玛”级轻型护卫舰。,德国海洋技术集团,NULL,4000海里/15节,NULL,NULL,NULL,11.4米,“巴罗索”级,NULL,舰船舰艇,护卫舰,133人,95.77米,巴西,大西洋，太平洋,27节,NULL,“伊哈乌玛”级轻型导弹护卫舰,20世纪80年代,{'$oid': '5cc931c7831b973d657f16b3'},NULL,1986年12月3日,500-2000吨,NULL,1989年12月12日
http://images.huanqiu.com/sarons/2013/07/2316945fba4dc9cddb995f4fbe2aef3f.jpg,12M型利安德级,服役中,3600吨,NULL,沃斯泊·桑尼克罗夫特造船厂，亚罗造船有限公司,NULL,1200海里/30节,NULL,NULL,NULL,12.7米,22型大刀级,NULL,舰船舰艇,护卫舰,175人,117米,英国,NULL,30节,8艘,“女将”(Amazon）导弹护卫舰通用护卫舰,1969年11月6日,{'$oid': '5cc931c7831b973d657f16b4'},NULL,NULL,2000-5000吨,NULL,1971年5月11日
http://images.huanqiu.com/sarons/2013/07/887669d701cd855984ea8e6e7eef9ab1.jpg,NULL,在役,960吨,"
帕希姆级护卫舰是20世纪70年代中后期东德海军旨在为沿海反潜作战而研制开发的一类护卫舰。1981年4月9日推出首舰维斯马，随后的15艘直到1986年最终完工。为了促进苏控制下的华沙的经济发展，苏联同意购买在1986年和1990年之间建造的另外12艘护卫舰从而有效地补贴东德造船业。

德国重新统一后，“帕契姆“被出售给印尼海军。在对其全面翻新之后，目前“帕契姆“级仍然在印尼海军服役。
",前东德沃尔格斯特（Peenewerft） 造船厂,NULL,2172海里/12节,NULL,NULL,NULL,9.8米,NULL,NULL,舰船舰艇,护卫舰,NULL,75.2米,德国,NULL,26节,20余艘,“帕契姆”级反潜护卫舰,1981年4月9日,{'$oid': '5cc931c8831b973d657f16b5'},NULL,NULL,500-2000吨,NULL,NULL
http://images.huanqiu.com/sarons/2013/07/8aeafdf7f806bed0227732a9b362ed8d.jpg,NULL,NULL,2390吨,NULL,NULL,NULL,4345海里/14节,NULL,NULL,NULL,12.8米,NULL,NULL,舰船舰艇,护卫舰,NULL,105.5米,英国,NULL,28节,NULL,莱丘”（Lekiu）级导弹护卫舰,1994年,{'$oid': '5cc931c8831b973d657f16b6'},NULL,NULL,2000-5000吨,NULL,NULL
http://images.huanqiu.com/sarons/2013/07/9a7969b3c2b5490a7aa1d5af0d4d7f78.jpg,NULL,退役,1745吨,NULL,NULL,NULL,NULL,NULL,NULL,NULL,11.2米,NULL,NULL,舰船舰艇,护卫舰,151人,96.6米,挪威,NULL,25节,NULL,“奥斯陆”级导弹护卫舰,1963年,{'$oid': '5cc931c8831b973d657f16b7'},NULL,1964年1月17日,500-2000吨,NULL,1966年1月27日
http://images.huanqiu.com/sarons/2013/07/fd0a8a01033165f22a797780428d16c6.jpg,“狼”级护卫舰,在役,3200吨,NULL,NULL,NULL,3800海里/20节，6000海里/15节,NULL,NULL,NULL,12.9米,欧洲多功能护卫舰(FREMM),NULL,舰船舰艇,护卫舰,232人,122.7米,意大利,地中海,33节,8艘,“西北风”级导弹护卫舰,1978年3月,{'$oid': '5cc931c8831b973d657f16b8'},NULL,1981年2月,2000-5000吨,NULL,1982年3月
http://images.huanqiu.com/sarons/2013/07/d604f0b80a8d61e6d8f35f53cd6b3d57.jpg,NULL,在役,1350吨,NULL,英国沃斯帕公司,NULL,18节航速下3650英里,NULL,NULL,NULL,11.1米,NULL,NULL,舰船舰艇,护卫舰,NULL,94.5米,英国,海湾地区,39节,NULL,“阿尔万德”(Alvand)级导弹护卫舰,1968年,{'$oid': '5cc931c8831b973d657f16b9'},NULL,NULL,500-2000吨,NULL,1971年
http://images.huanqiu.com/sarons/2013/07/bb123d4bb6e79b8f51ca60a6a02dc306.jpg,“阿尔派”级护卫舰,NULL,2500吨,NULL,意大利坎蒂里公司（CNR）,NULL,16节/5500海里,NULL,NULL,NULL,11.3米,NULL,NULL,舰船舰艇,护卫舰,194人,113.2米,意大利,NULL,35节,18艘,“狼”（Lupo）级导弹护卫舰,20世纪70年代初,{'$oid': '5cc931c8831b973d657f16ba'},NULL,NULL,2000-5000吨,NULL,NULL
http://images.huanqiu.com/sarons/2013/07/31cd0ff7316a7731fa59b4b061fe1529.jpg,NULL,9艘在役,2300吨,NULL,NULL,NULL,4000海里/15节,NULL,NULL,NULL,11.5米,NULL,NULL,舰船舰艇,护卫舰,150人,102米,韩国,NULL,34节,NULL, “蔚山” (UlSan)级导弹护卫舰,1979年,{'$oid': '5cc931c8831b973d657f16bb'},NULL,1980年4月,2000-5000吨,NULL,1981年1月
http://images.huanqiu.com/sarons/2013/07/7037952ce030c18af55267b9a3910058.jpg,NULL,NULL,5290吨,"
由于挪威“奥斯陆""级护卫舰的作战能力显然远远不能满足现代海战要求和挪威海军的需要，已到寿终正寝之时，为了取代奥斯陆级挪威提出了新的造船计划，即“弗里德约夫·南森”级，“弗里德约夫·南森”号护卫舰因装备有简化版的“宙斯盾”系统，而成为目前世界上最小的“宙斯盾”舰。
",巴赞造船公司,NULL,3910海里/16节,NULL,NULL,NULL,16.8米,NULL,NULL,舰船舰艇,护卫舰,NULL,132米,西班牙,NULL,27节,NULL,“弗里德约夫·南森”（Fridtjof Nansen）级（SMP 6088工程）导弹护卫舰,2003年4月9日,{'$oid': '5cc931c8831b973d657f16bc'},NULL,2004年6月3日,5000-10000吨,NULL,2006年4月5日
http://images.huanqiu.com/sarons/2013/07/5ff2bc9084175cb719e286ed7e3c2339.jpg,克洛德·琼斯级护航驱逐舰 ,退役,2650吨,NULL,埃文代尔造船厂 ,NULL,3000海里/20节,NULL,NULL,NULL,12.3米,加西亚级护卫舰,NULL,舰船舰艇,护卫舰,196人,113.2米,美国,NULL,26节,“赫尔门吉尔多·加莱纳”号，“尼古拉斯·布拉沃”号,“布朗斯坦”(Bronstin)级通用护卫舰,1961年5月16日,{'$oid': '5cc931c9831b973d657f16bd'},NULL,1962年3月31日,2000-5000吨,NULL,1963年6月15日
http://images.huanqiu.com/sarons/2013/07/e847c400c21663866dc0d36442a1c531.jpg,夕张级护卫舰,在役,2900吨,NULL,三井造船玉野事业所，日立造船舞鹤船厂，住友重工追浜造船所，浦贺船厂,NULL,20节/3000海里,NULL,NULL,NULL,13.4米,无,NULL,舰船舰艇,护卫舰,120人,109米,日本,NULL,27节,"""阿武隈""号，""神通""号，“大淀”号，""川内”号，”筑摩“号，“利根”号",“阿武隈”级导弹护卫舰,1988年3月17日,{'$oid': '5cc931c9831b973d657f16be'},NULL,1988年12月31日,2000-5000吨,NULL,1989年12月21日
http://images.huanqiu.com/sarons/2013/07/888000809aea464b41781d84c8566417.jpg,迪利级护航驱逐舰,退役,1968吨,NULL,美国路易斯安那州埃文代尔船厂,NULL,2607海里/18节,NULL,NULL,NULL,11.8米,布朗斯坦级护卫舰,NULL,舰船舰艇,护卫舰,159人,95米,美国,NULL,22节,“克劳德·琼斯”号，“萨马达尔”号，“马尔塔迪纳塔”号，“麦克莫里斯”号,“克劳德•琼斯”级导弹护卫舰,1958年5月,{'$oid': '5cc931c9831b973d657f16bf'},NULL,1959年2月,500-2000吨,NULL,1974年
NULL,NULL,现役,645吨,NULL,NULL,NULL,NULL,NULL,NULL,NULL,9.1米,NULL,NULL,舰船舰艇,护卫舰,45人,62米,泰国,印度洋,25节,“华欣”号(541)“克朗”号(542)“斯拉查”号(543),“华欣”(Hua Hin)级轻型护卫舰,20世纪90年代,{'$oid': '5cc931ca831b973d657f16c0'},NULL,NULL,500-2000吨,1门76毫米(3英寸)/50舰炮；1门博福斯40毫米/70炮；2门厄利空20毫米GAM-B01炮；2挺12.7毫米口径机枪。,2000年
http://images.huanqiu.com/sarons/2013/07/c19f658528d2d7ca6ce2ef38ca8b0f85.jpg,NULL,NULL,3650吨,"
在前苏联护卫舰的建造史上，“克里瓦克”级导弹护卫舰可以说是一级重要的战舰，是前苏联轻型战舰的分水岭。它为前苏联今后研制新型护卫舰——“无畏”级打下了基础。“克里瓦克”级导弹护卫舰大体可以分为3个型号，Ⅰ型建于1969-1981年，共建造20艘；Ⅱ型建于1976-1981年，共有11艘；Ⅲ型建于1984-1993年，共9艘。
",扬塔尔（Yantar）造船厂，列宁格勒海军造船厂，加里宁格勒造船厂,NULL,600海里/20节，1600海里/30节,NULL,NULL,NULL,14.3米,NULL,NULL,舰船舰艇,护卫舰,194人,123.5米,苏/俄,NULL,32节,NULL,“克里瓦克”（Krivak）I／II／III级 导弹护卫舰,1969年,{'$oid': '5cc931ca831b973d657f16c1'},NULL,NULL,2000-5000吨,NULL,NULL
http://images.huanqiu.com/sarons/2013/08/65cd91cf7c549b86a5ac42c303108317.jpg,米尔卡级护卫舰,在役3艘,1670吨,"
在20世纪60年代冷战正酣之际，苏联出于和美国对抗及全球争霸的需要，通过一系列的对外军售和军事援助等手段增强在海外的军事存在，需要出口的轻型护卫舰增加，因此苏联决定研制新的出口型护卫舰--1159型护卫舰，北约将其命名为科尼级。1159型就是美苏争霸的冷战环境下应运而生的，是一级专门用于出口的轻型护卫舰。1968年，泽廖诺多利斯克设计局根据苏联海军制定的战术和技术要求开始设计1159型，从工程代号上看，该型舰可以说是159型的后续发展替代型，实际上是以159A型为对象，再综合11 24型的成功经验研制的。
",泽列诺多尔斯克造船厂,NULL,2000海里/14节,NULL,NULL,NULL,12.56米,猎豹级护卫舰,NULL,舰船舰艇,护卫舰,110人,96.51米,苏/俄,NULL,29.5节,14艘,“科尼”(Koni)I／II／III级（1159型)通用护卫舰,1975年-1988年,{'$oid': '5cc931ca831b973d657f16c2'},NULL,1975年7月19日（首舰“海豚”号）,500-2000吨,NULL,1975年12月31日
http://images.huanqiu.com/sarons/2013/07/5a0aeca90b8e75df785f44d99150131f.jpg,NULL,在役,1380吨,NULL,巴赞造船厂,NULL,5127海里/18节,NULL,NULL,NULL,10.3米,NULL,NULL,舰船舰艇,护卫舰,NULL,84.6米,西班牙,NULL,22节,NULL,巴蒂斯塔·德·安德拉德/胡阿·孔蒂尼奥”(Baptista deAndrade／JoaoCoutinho)级护卫舰,1968年,{'$oid': '5cc931cb831b973d657f16c3'},NULL,NULL,500-2000吨,NULL,1970年
http://images.huanqiu.com/sarons/2013/07/ae6b83f55b87f674fba06be4a025c324.jpg,NULL,NULL,1930吨,NULL,NULL,NULL,5822海里/19节,NULL,NULL,NULL,11.2米,NULL,NULL,舰船舰艇,护卫舰,NULL,93.3米,美国,NULL,18节,NULL,“卡农”（cannon）级通用护卫舰,1943年,{'$oid': '5cc931cb831b973d657f16c4'},NULL,NULL,500-2000吨,NULL,NULL
http://images.huanqiu.com/sarons/2013/07/2ee22a7b534e15b941cb10b546fba59f.jpg,NULL,NULL,4250吨,"
“无畏”号导弹护卫舰是俄罗斯无畏级导弹护卫舰唯一的一艘。俄罗斯现有18艘导弹护卫舰，其中克里瓦克级共14艘，无畏级却仅有“无畏”号一艘，舷号712。“无畏”号是俄海军第二代大型护卫舰，于1993年服役。
",NULL,NULL,16节航速下4500英里,NULL,NULL,NULL,15.5米,NULL,NULL,舰船舰艇,护卫舰,NULL,131.2米,苏/俄,NULL,30节,NULL,“无畏”(Neustrashimy)级(“鹞”，1154型)导弹护卫舰,1986年4月,{'$oid': '5cc931cb831b973d657f16c5'},NULL,1988年5月,2000-5000吨,NULL,1993年1月
http://images.huanqiu.com/sarons/2013/07/cd2520fae1bfee81198a72aef94b8f48.jpg,NULL,NULL,2250吨,"
“胡阿·贝罗司令”号是“胡阿·贝罗司令”级系列首艘在法国南特船厂建造的护卫舰。胡阿·贝罗司令级充分使用防空和反潜武器，为航行船只保驾护航，其首舰于1964年开始建造，1967年服役，2008年出售给乌拉圭海军。
",南特造船厂,NULL,6517海里/15节,NULL,NULL,NULL,11.7米,NULL,NULL,舰船舰艇,护卫舰,NULL,102.7米,法国,NULL,25节,5艘,胡阿·贝罗司令”(Comandante JoaoBelo)（通用护卫舰)／“利维埃尔司令”级导弹护卫舰,1965年9月6日,{'$oid': '5cc931cb831b973d657f16c6'},NULL,1966年3月22日,2000-5000吨,NULL,1967年7月1日
http://images.huanqiu.com/sarons/2013/07/38a2152cb10847b3f79a5c4b2fd147c5.jpg,石狩型,退役,1690吨,NULL,NULL,NULL,20节/3000海里,NULL,NULL,NULL,10.8米,阿武隈型,NULL,舰船舰艇,护卫舰,95人,91米,日本,NULL,25节,“石狩”号(DE226)，“夕张”号(DE227)，“涌别”号（DE 228),“石狩”／“夕张”级导弹护卫舰,1981年2月9日（“夕张”号）,{'$oid': '5cc931cb831b973d657f16c7'},NULL,1982年2月22日（“夕张”号）,500-2000吨,NULL,1983年3月18日
http://images.huanqiu.com/sarons/2013/07/e0055c2549d1efa6bc9dd05b5086afb6.jpg,NULL,NULL,1500吨,"
“泰拖尔”/“泰拖尔”改进型级是一类轻型护卫舰，现有4艘服役于罗马尼亚海军部队——""泰拖尔’级（2艘），泰拖尔”改进型（2艘）。
",NULL,NULL,NULL,NULL,NULL,NULL,11.7米,NULL,NULL,舰船舰艇,护卫舰,NULL,95.4米,罗马尼亚,NULL,24节,NULL,泰拖尔”(Tetal)／“泰拖尔”改进型护卫舰,1983年,{'$oid': '5cc931cb831b973d657f16c8'},NULL,NULL,500-2000吨,NULL,NULL
http://images.huanqiu.com/sarons/2013/07/cce48399820d35a542da3f3f73ac7694.jpg,NULL,在役,5790吨,"
“马拉塞斯蒂”级是罗马尼亚有史以来建造的最大的战舰。1985年下水，1992年开始服役，后被列为直升机航母轻巡洋舰，也被称为“蒙特尼亚”。
",曼加利亚造船厂（现大宇曼加利亚重型工业造船厂）,NULL,18节/1500海里,NULL,NULL,NULL,14.8米,NULL,NULL,舰船舰艇,护卫舰,NULL,144.6米,罗马尼亚,NULL,27节,NULL,“马拉塞斯蒂”(Marasesti)  级导弹护卫舰,1984年,{'$oid': '5cc931cb831b973d657f16c9'},NULL,1985年,5000-10000吨,NULL,1992年
http://images.huanqiu.com/sarons/2013/07/ea145d89ace26175caee029e785fec20.jpg,NULL,NULL,1640吨,"
“西湖”级(Soho)导弹护卫舰，是朝鲜海军装备的一种护卫舰。苏湖级护卫舰作为朝鲜80年代设计生产的护卫舰，是朝鲜海军迄今为止最新生产的，也是性能最先进的一型中型水面舰艇。由于种种因素，该级护卫舰仅仅建造一艘，并且外界关于苏湖级的资料甚少。
",罗津造船厂,NULL,2700海里,NULL,NULL,NULL,15.5米,NULL,NULL,舰船舰艇,护卫舰,189人,73.8米,朝鲜,NULL,23节,NULL,“西湖”（Soho）级导弹护卫舰,NULL,{'$oid': '5cc931cb831b973d657f16ca'},NULL,1980年6月,500-2000吨,NULL,1982年
http://images.huanqiu.com/sarons/2013/07/9d1b78a92f571d115feede3d4855b22f.jpg,NULL,NULL,1200吨,"
该级舰是在“波蒂”级猎潜艇的基础上研制而成的，通常活动于俄罗斯近中海及沿岸海域，执行反潜、护航和其他多项任务,该级舰共建造了80艘左右，分Ⅰ型、Ⅱ型、Ⅲ型和V型，数量分别为15艘、12艘、30艘、23艘。首制舰于 1968年开工，1971年加入现役。
",NULL,NULL,4500海里/10节,NULL,NULL,NULL,10米,NULL,NULL,舰船舰艇,护卫舰,70人,72米,苏/俄,NULL,30节,NULL,“格里莎”Ⅱ/Ⅲ/V级护卫舰,1968年,{'$oid': '5cc931cb831b973d657f16cb'},NULL,NULL,500-2000吨,NULL,1971年
http://images.huanqiu.com/sarons/2013/07/64aa0e942a8825e2bb04de705cf438e6.jpg,NULL,现役,1924吨,NULL,沪东中华造船集团有限公司,NULL,3041海里/18节,NULL,NULL,NULL,11.3米,NULL,NULL,舰船舰艇,护卫舰,168人,103.2米,中国,印度洋,30节,“昭披耶”号(455)，“邦巴功”号(456)，‘‘库拉布里”号(457)，“赛布里”号(458),“昭披耶”级,1989年3月,{'$oid': '5cc931cc831b973d657f16cc'},NULL,1990年6月24日,500-2000吨,NULL,1991年4月5日
http://images.huanqiu.com/sarons/2013/07/327ab694ac5600c5c4ba807800c27825.jpg,“康查尔”级,服役中,385吨,NULL,克拉列为察船厂,NULL,18节航速下1700英里,NULL,NULL,NULL,8.5米,NULL,2.3米,舰船舰艇,护卫舰,27人,53.6米,克罗地亚,NULL,36节,克拉里-皮塔尔-克雷西米尔四世”号(原“萨盖·马塞拉”号，Rtop 11)“克拉里·迪米塔尔·佐尼米尔”号(Rtop12) ,“克拉里”(Kralj)级(R-03型)导弹轻型护卫舰,1992年,{'$oid': '5cc931cc831b973d657f16cd'},NULL,NULL,500吨以内,NULL,1992年
http://images.huanqiu.com/sarons/2013/07/264d70ea8f546d0c83a54366d34d4f82.jpg,NULL,现役,1147吨,NULL,西班牙巴赞造船公司（现在的纳凡蒂亚公司）,NULL,6952海里/12节,NULL,NULL,NULL,10.4米,NULL,NULL,舰船舰艇,护卫舰,NULL,68.7米,西班牙,大西洋,19节,NULL,“塞维奥拉”(Serviola)级近岸巡逻舰,20世纪80年代末90年代初,{'$oid': '5cc931cc831b973d657f16ce'},NULL,1990年5月10日,500-2000吨,NULL,1991年3月20日
http://images.huanqiu.com/sarons/2013/07/4a2d358d21de46a985420df92f2be495.jpg,NULL,现役,5853吨,NULL,西班牙纳凡蒂亚公司,NULL,4500海里/18节,NULL,NULL,NULL,18.6米,南森级护卫舰，霍巴特级驱逐舰,NULL,舰船舰艇,护卫舰,NULL,141.7米,西班牙,大西洋,28.5节,NULL,“艾尔瓦洛·迪巴赞”(Alvaro de Bazan)级,NULL,{'$oid': '5cc931cc831b973d657f16cf'},NULL,2000年10月,5000-10000吨,NULL,2002年9月
http://images.huanqiu.com/sarons/2013/07/f9e7e91e2413f4a7427b395b8c25db68.jpg,NULL,6艘仍在服役,685吨,NULL,NULL,NULL,4000海里/18节 ,NULL,NULL,NULL,9.3米,NULL,2.5米,舰船舰艇,护卫舰,51人,62.3米,意大利,NULL,37节,12艘,“阿萨德”（Assad）/“埃斯梅拉达”/“拉克萨玛纳”级导弹轻型护卫舰,1981年,{'$oid': '5cc931cc831b973d657f16d0'},NULL,NULL,500-2000吨,NULL,1995年
http://images.huanqiu.com/sarons/2013/07/9be202da252ebaeb962728dba7e4bbcc.jpg,NULL,现役,1650吨,NULL,布洛姆· 福斯造船厂，德国海军集团（GNG）和莫实得海军造船厂（PCS-ND前身）,NULL,5257海里/12节,NULL,NULL,NULL,12米,NULL,NULL,舰船舰艇,护卫舰,NULL,91.1米,德国,NULL,22节,NULL,“吉打”(Kedah)级轻型护卫舰,2001年11月13日,{'$oid': '5cc931cc831b973d657f16d1'},NULL,2003年3月21日,500-2000吨,NULL,2006年6月5日
http://images.huanqiu.com/sarons/2013/07/739de226a56694e2dca23ed1358ff5c8.jpg,“哥德堡”和“斯德哥尔摩”级护卫舰,现役,620吨,NULL,瑞典考库姆（Kockums）公司,NULL,15节/2500海里,NULL,NULL,NULL,10.4米,NULL,NULL,舰船舰艇,护卫舰,43人,72米,瑞典,瑞典群岛，彼罗的海卡特，加特海峡，北海等近海域,35节,“维斯比”号，“赫尔辛堡”号，“海讷桑德”号，“尼雪平”号，“卡尔斯塔德”号,“维斯比”（Visby）级轻型护卫舰,1996年12月I7日（首舰“维斯比”号）,{'$oid': '5cc931cc831b973d657f16d2'},NULL,2000年6月8日（首舰“维斯比”号）,500-2000吨,NULL,NULL
NULL,NULL,现役,630吨,NULL,NULL,NULL,2172海里/15节,NULL,NULL,NULL,8.2米,NULL,NULL,舰船舰艇,护卫舰,51人,62米,英国,泰国湾（太平洋）,25节,“卡姆罗辛”号“塞安春”号“隆洛姆”号,“卡姆罗辛”级护卫舰,1988-1989年,{'$oid': '5cc931cd831b973d657f16d3'},NULL,NULL,500-2000吨,NULL,1992年
http://images.huanqiu.com/sarons/2013/07/60f280646f0afcc426101b7dd2ee5ca9.jpg,NULL,在役,1662吨,NULL,布卢姆沃斯（Bloom Voss）公司,NULL,2172海里/15节,NULL,NULL,21天,13.2米,NULL,4.8米,舰船舰艇,护卫舰,NULL,88.3米,德国,NULL,26节,5艘,“布劳什威格” (Braunschweig)级(K 130型)导弹轻型护卫舰,2004年12月3日,{'$oid': '5cc931cd831b973d657f16d4'},NULL,2006年4月19日,500-2000吨,NULL,2008年4月16日
http://images.huanqiu.com/sarons/2013/07/acfe6a47abf4290ec63945aac8b2c6f5.jpg,NULL,全部退役,1076吨,NULL,韩国造船公司（现在的韩进重工）,NULL,4000海里/15节,NULL,NULL,NULL,10米,浦项级护卫舰,NULL,舰船舰艇,护卫舰,95人,78.1米,韩国,NULL,31节,NULL,“东海”(DongHae)级轻型护卫舰,1982年11月18日,{'$oid': '5cc931cd831b973d657f16d5'},NULL,NULL,500-2000吨,NULL,1983年11月10日
http://images.huanqiu.com/sarons/2013/07/8f6ec1200bbd79fd224ebc895891997c.jpg,东海级护卫舰,1艘退役，1艘沉没，其余22艘均在役。,1220吨,"
""浦项“（PoHang）级轻型护卫舰总共建造了24艘，由于数量多且为多个船厂建造，因此该级舰之间或多或少有些差异。首舰1984加入韩海军，最后一首1993年服役。是韩国在在役最多的一级护卫舰，也是韩国海军装备数量最多的舰艇。“浦项”级主要用于沿海反潜和巡逻，是在东海级的基础上改进而来，为南韩海军最重要的近海防卫力量。目前除了第一艘在2009年退役，另有一艘（天安号）在2010年沉没外，其余22艘均在役。
",韩国造船公司（现在的韩进重工）,NULL,32节/4000海浬,NULL,NULL,NULL,10米,仁川级护卫舰,NULL,舰船舰艇,护卫舰,92人,89米,韩国,NULL,29节,24艘,“浦项”（POHang）级轻型护卫舰/轻型导弹护卫舰,1984年6月30日,{'$oid': '5cc931cd831b973d657f16d6'},NULL,NULL,500-2000吨,NULL,1984年12月18日
http://images.huanqiu.com/sarons/2013/07/16a960f6ffefeac959866d94320cf53c.jpg,角宿I级鱼雷艇,现役,372吨,"
“斯德哥尔摩”级导弹艇是瑞典海军80年代建造的新型舰艇，共建成2艘，分别为“斯德哥尔摩”号（K11）与“马尔默”号（K12），均在服役当中。其主要使命是沿海巡逻，战术指导和布雷、反潜等。
",卡尔斯克鲁纳（Karlskrona）船厂,NULL,NULL,NULL,NULL,NULL,7.5米,哥德堡级护卫舰,NULL,舰船舰艇,护卫舰,NULL,50米,瑞典,波罗的海,32节,“斯德哥尔摩”号，“马尔默”号（K12）,“斯德哥摩尔”（Stockholm）级轻型护卫舰,20世纪80年代初,{'$oid': '5cc931cd831b973d657f16d7'},NULL,NULL,500吨以内,NULL,1986年5月1日
http://images.huanqiu.com/sarons/2013/07/f389af297fc038ae951870bd79b3fa92.jpg,21型,现役4艘,4900吨,NULL,英国亚罗造船厂,NULL,4500海里/18节,NULL,NULL,NULL,14.8米,23型,NULL,舰船舰艇,护卫舰,273人,146.5米,英国,大西洋,30节,“康沃尔”号(F99)，“坎伯兰”号(F85)，“坎贝尔敦”号(F 86)，”查塔姆”号（F 87),“大刀”(Btoadsword)级(22型Batch 3)导弹护卫舰,1983年9月19日,{'$oid': '5cc931ce831b973d657f16d8'},NULL,1985年10月14日,2000-5000吨,NULL,1988年4月23日
http://images.huanqiu.com/sarons/2013/07/d8c64fb7af8e5163f739782426ee039a.jpg,NULL,NULL,1285吨,NULL,意大利芬坎蒂尼(Fincantieri)公司,NULL,3500海里/18节,NULL,NULL,NULL,10.5米,NULL,3.2米,舰船舰艇,护卫舰,123人,86.6米,意大利,NULL,24节,8艘,“智慧女神”级,20世纪80年代中期,{'$oid': '5cc931ce831b973d657f16d9'},NULL,NULL,500-2000吨,NULL,1987年
http://images.huanqiu.com/sarons/2013/07/ee69cb4b4b4c17fcf1b56cfbcffc9e34.jpg,NULL,在役,1295吨,NULL,洛克韦尔(Rockwell)公司,NULL,3000海里/17节，1500海里/30节,NULL,NULL,24天,11.9米,NULL,3.2米,舰船舰艇,护卫舰,53人,84.4米,以色列,NULL,33节,3艘,“埃拉特/萨尔5”级护卫舰,1992年2月,{'$oid': '5cc931ce831b973d657f16da'},NULL,1993年2月,500-2000吨,NULL,1994年5月
http://images.huanqiu.com/sarons/2013/07/c93c2d097b47899b9d02c76a71b7ad8d.jpg,斯德哥尔摩级护卫舰,2艘在役,399吨,"
“哥德堡”(Goteborg)级是瑞典海军的轻型护卫舰，在1986—1993年间建造。这类护卫舰最初建造的目的是摧毁苏联的潜艇和水面舰艇。这类护卫舰装备有八个RBS-15反舰导弹，鱼雷，一个57毫米机关炮和一个40毫米机关炮。该级护卫舰本计划建造6艘，由于1991年苏联的垮台，后两艘被取消。还有两艘“哥德堡”级现今仍在服役，并活跃在国际军事和人道主义行动的舞台。其中”加尔夫”号(K22)和松兹瓦尔”号(K 24)继以色列和黎巴嫩真主党的战争后又在2006年和2007年参加了黎巴嫩的海外联合国行动。
",NULL,NULL,NULL,NULL,NULL,NULL,8米,维斯比级护卫舰,NULL,舰船舰艇,护卫舰,NULL,57米,瑞典,NULL,30节,4艘,“哥德堡”级,1986年2月10日,{'$oid': '5cc931ce831b973d657f16db'},NULL,1989年4月13日,500吨以内,NULL,1990年2月15日
http://images.huanqiu.com/sarons/2013/07/b7e26eca53f4fbd46f0caaeb1f3804b9.jpg,NULL,NULL,732吨,NULL,伏尔铿造船厂,NULL,2398海里/15节,NULL,NULL,NULL,8.2米,NULL,NULL,舰船舰艇,护卫舰,NULL,70米,德国,NULL,19.5节,4艘,“尼基”级,1905年,{'$oid': '5cc931ce831b973d657f16dc'},NULL,NULL,500-2000吨,NULL,NULL
http://images.huanqiu.com/sarons/2013/07/49fe05761cc641d9ea54fb2c27b7966e.jpg,NULL,现役13艘,4200吨,NULL,英国亚罗造船公司,NULL,7 800海里/15节,NULL,NULL,NULL,16.1米,NULL,NULL,舰船舰艇,护卫舰,181人,133米,英国,NULL,28节,13艘,“公爵”级(23型),1985年12月,{'$oid': '5cc931cf831b973d657f16dd'},NULL,1987年7月,2000-5000吨,NULL,1990年6月
http://images.huanqiu.com/sarons/2013/07/98fecd4dc3d3165f65781d33de7a5ec7.jpg,NULL,现役2艘,2980吨,"
泰国发展海军装备的力度在1998年金融危机前一直是走在东南亚国家前列的，最引人注目的是引进了轻型航母以及配套所需的护卫舰艇，其中就有中国制造的“纳来颂恩”级导弹护卫舰。1991年，泰国海军再次向中华造船厂订购了2艘全新设计的F-25T“纳来颂恩”级（NARESUAN CLASS）护卫舰。与“昭披耶”级不同的是，“纳来颂恩”级舰上主要装备西方的探测设备和武器，造价仅相当于西方同类产品的四分之一。
",中华造船厂,NULL,18节/4 000海里,NULL,NULL,NULL,13米,NULL,NULL,舰船舰艇,护卫舰,150人,120米,泰国,NULL,32节,“纳来颂恩”号(421，原621)，“达信”号(422，原622),“纳来颂恩”级,NULL,{'$oid': '5cc931cf831b973d657f16de'},NULL,NULL,2000-5000吨,NULL,1994年10月
http://images.huanqiu.com/sarons/2013/07/a26f9d37f65a4e4a510f0dafa441ea2e.jpg,“格里莎”系列轻型护卫舰,在役,2200吨,"
“守护”（Stregushchiy）级护卫舰（俄语：стерегущий- “保持警惕”）是俄罗斯海军护卫舰中最新的一类。它是阿尔马兹中央海洋设计局设计的，由俄罗斯北方船厂于2001年开工建造。“守护”号的问世及其出口型的研制意味着，具有较强竞争力、符合21世纪要求的军品正在俄罗斯出现。它们不仅巩固了俄罗斯目前在全球军火贸易体系中的地位，而且很可能将扩大这一阵地。
",俄罗斯圣彼得堡北方造船厂,NULL,4000海里/14节,NULL,NULL,NULL,14米,20385型护卫舰（Gremyashchy）级轻型护卫舰),NULL,舰船舰艇,护卫舰,99人,111.6米,苏/俄,波罗的海太平洋,37节,项目2038.2 TIGR型（供出口）项目2038.5（供国内）,“守护”级,2001年12月21日,{'$oid': '5cc931cf831b973d657f16df'},NULL,2006年5月16日,2000-5000吨,NULL,2007年11月14日
http://images.huanqiu.com/sarons/2013/07/8280bdcca7debfc4171b61786c2a20a5.jpg,NULL,现役,960吨,"
“拉达那哥欣”（Rattanakosin）级轻型护卫舰是在20世纪80年代，泰国皇家海军建造的舰艇。原产国是美国，该级舰两艘船现均在泰国皇家海军服役。
",美国塔科马造船有限公司,NULL,16节航速下3 000英里,NULL,NULL,NULL,9.6米,NULL,NULL,舰船舰艇,护卫舰,72人,76.8米,美国,泰国湾（太平洋）安达曼海（印度洋）,26节,“拉达那哥欣”号，“苏霍台”号,“拉达那哥欣”级,1984年-1986年,{'$oid': '5cc931d0831b973d657f16e0'},NULL,NULL,500-2000吨,NULL,1986年
http://images.huanqiu.com/sarons/2013/07/3a5f5b75289b555058eea050d32c5c48.jpg,NULL,在役,1350吨,NULL,马扎刚船坞有限公司,NULL,4000海里/16节,NULL,NULL,NULL,10.5米,”科拉“级,4.5米,舰船舰艇,护卫舰,120人,91.1米,印度,NULL,25节,8艘,“库卡里/科拉”级,1985年,{'$oid': '5cc931d0831b973d657f16e1'},NULL,NULL,500-2000吨,NULL,1989年
http://images.huanqiu.com/sarons/2013/07/627c272de7712e1f1b98dd55c506c54f.jpg,NULL,现役2艘,1135吨,NULL,NULL,NULL,2086海里/18节,NULL,NULL,NULL,10米,NULL,NULL,舰船舰艇,护卫舰,NULL,83.8米,美国,印度洋,20节,“巴扬多尔”号(81，原美国海军PF 103号)，“纳赫迪”号(82，原美国海军PF 104号)，“达比”号(431，原5)，“基里拉特”号(432，原6),“达比/巴扬多尔”级护卫舰,NULL,{'$oid': '5cc931d0831b973d657f16e2'},NULL,1963年,500-2000吨,NULL,NULL
http://images.huanqiu.com/sarons/2013/08/34f52d145754d9872bcd44d638b6c2f4.jpg,NULL,在役,3600吨,"
“巴德尔”级是一级由美国建造，由沙特海军运营使用的轻型护卫舰。随着沙特舰队的现代化，该级舰已经降级为沿海防御的角色。该级舰共有四艘在役，分别是“巴德尔”号 (612)，“阿尔.亚穆克”号(614)，“希丁恩”号(616)，和“塔布克”号(618)。
",NULL,NULL,3476海里/20节,NULL,NULL,NULL,12.7米,NULL,NULL,舰船舰艇,护卫舰,NULL,117米,美国,NULL,30节,4艘,“巴德尔”级护卫舰,NULL,{'$oid': '5cc931d1831b973d657f16e3'},NULL,NULL,NULL,NULL,1981年
http://images.huanqiu.com/sarons/2013/07/a2426edeec8d06bd32b4253cda0d30e2.jpg,NULL,在役,2870吨,"
“麦地纳”（Madina）级（F 2000S）导弹护卫舰,是原产于法国，现役沙特阿拉伯海军的助理水面舰艇。该级舰共建4艘，“麦地纳”号（702），“霍佛夫”号（704），“艾卜哈”号（706），“塔伊夫”号（708），均在服役当中。
",NULL,NULL,6952海里/15节，5648海里/18节,NULL,NULL,NULL,12.5米,NULL,NULL,舰船舰艇,护卫舰,NULL,115米,法国,海湾地区,30节,NULL,“麦地纳”级,20世纪80年代,{'$oid': '5cc931d1831b973d657f16e4'},NULL,NULL,NULL,NULL,NULL
http://images.huanqiu.com/sarons/2013/08/957df3a028c2cbe9ce18f3aaeaaad5b7.jpg,NULL,现役3艘,326吨,NULL,北方造船厂,NULL,1390海里/14节,NULL,NULL,NULL,8.7米,NULL,NULL,舰船舰艇,护卫舰,NULL,49.8米,德国,NULL,38节,NULL,“奥坎/萨斯尼茨”级护卫舰,NULL,{'$oid': '5cc931d1831b973d657f16e5'},NULL,NULL,500吨以内,NULL,1992年9月18日
http://images.huanqiu.com/sarons/2013/07/8328afcb651c852e5f9e1b2d72078f9b.jpg,NULL,在役,1450吨,"
卡亚级护卫舰是阿曼海军自英国沃·桑船厂（Vosper Thomycroft）引进的新一代轻型护卫舰。“卡亚”级轻型护卫舰现役两艘，首舰“卡亚”号（Q31，Qahir Al 
Amwal，阿拉伯语意为“征服波浪”）于1993年5月在沃·桑船厂开工建造，1994年9月下水，经过两年的海试及阿曼海军人员操控培训后，于1996年9月正式入役；二号舰“阿马扎”号（Q32，Al 
Mua＇zar，阿拉伯语意为“有恃无恐”）于1994年4月开工，1995年9月下水，1997年4月入役。
",英国沃·桑船厂,NULL,4000海里/10节,NULL,NULL,NULL,11.5米,NULL,NULL,舰船舰艇,护卫舰,76人,83.7米,英国,NULL,28节,NULL,“卡亚”级,1993年5月,{'$oid': '5cc931d1831b973d657f16e6'},NULL,1994年9月,500-2000吨,NULL,1996年9月
http://images.huanqiu.com/sarons/2013/08/ef252bae33b5329b951442e8909f433a.jpg,NULL,在役,NULL,NULL,NULL,NULL,3910海里/15节,NULL,NULL,NULL,10.3米,NULL,NULL,舰船舰艇,护卫舰,NULL,80米,法国,NULL,23节,17艘,“代斯蒂安娜·多尔夫”级轻型护卫舰,二战后,{'$oid': '5cc931d1831b973d657f16e7'},NULL,NULL,NULL,NULL,NULL
NULL,NULL,退役,1250吨,"
南充号护卫舰是中国第一型火炮护卫舰，1968年服役，1995年退役。曾参加过1974年的西沙自卫反击战和1988年的南海“3·14”海战，为保卫祖国海洋主权立下了汗马功劳，是一艘名副其实的功勋战舰。南充号护卫舰舰上全部采用国产材料和设备，曾经受过12级台风的考验。
",广州造船厂,NULL,2700海里/16节,NULL,NULL,NULL,10.2米,NULL,NULL,舰船舰艇,护卫舰,165人,90米,中国,南海,21节,NULL,502南充号,20世纪60年代末,{'$oid': '5cc931d2831b973d657f16e8'},NULL,NULL,500-2000吨,NULL,1968年至1995年
http://images.huanqiu.com/sarons/2013/07/4baa32ad772c1b370b682613b6baf622.jpg,NULL,在役,650吨,NULL,NULL,NULL,2346海里/16节,NULL,NULL,NULL,7.3米,NULL,2.4米,舰船舰艇,护卫舰,NULL,62.1米,朝鲜,NULL,16节,NULL,“沙里院”级,1965年,{'$oid': '5cc931d2831b973d657f16e9'},NULL,NULL,500-2000吨,NULL,NULL
NULL,霍氏克罗夫特MK3,闲置,780吨,"
Mk 9“沃斯伯·索尼克罗福特”级是尼日利亚海军继较小的沃斯帕-桑尼克罗夫特MK3护卫舰之后在1975年4月订购的轻型护卫舰，该级舰共有两艘，即F-83“埃林米”（Erinomi）号和F-84（NNSEnyimiri）“埃尼米里”号，均由霍氏克罗夫特公司建造。
",霍氏克罗夫特公司,NULL,2200 海里/14节,NULL,NULL,NULL,9.6米,“卡亚”级,NULL,舰船舰艇,护卫舰,90人,69米,英国,NULL,27节,2艘,Mk 9“沃斯伯•索尼克罗福特”级,1977年,{'$oid': '5cc931d2831b973d657f16ea'},NULL,NULL,NULL,NULL,1979年
http://images.huanqiu.com/sarons/2013/11/bdbcc881c875aa7d5d39509bdf6e8d7c.jpg,NULL,退役,1389吨,"
505 昆明号，6601型（成都级）护卫舰首舰。现已退役。
",上海沪东造船厂,NULL,2000海里/14节,NULL,NULL,NULL,10.1米,NULL,NULL,舰船舰艇,护卫舰,190人,91.5米,中国,东海，南海,28节,NULL,昆明号（505）,1955年4月15日,{'$oid': '5cc931d2831b973d657f16eb'},NULL,1956年4月28日,500-2000吨,NULL,1957年10月25日至1992年4月24日
NULL,NULL,NULL,1900吨,NULL,NULL,NULL,18节航速下5000英里,NULL,NULL,NULL,11米,NULL,NULL,舰船舰艇,护卫舰,NULL,97.6米,英国,印度洋,26节,NULL,“玛库特·拉贾库玛林”级通用护卫舰,NULL,{'$oid': '5cc931d2831b973d657f16ec'},NULL,NULL,500-2000吨,NULL,NULL
http://images.huanqiu.com/sarons/2013/07/7ad610bc0abe23c5cfc8ce7b3bcda7c9.jpg,拉斐特级护卫舰，海狼级导弹炮艇,在役,3530吨,"
“可畏”级护卫舰（Formidable-class frigate）为新加坡海军新一代多功能护卫舰，是法国拉斐特级护卫舰的升级改进版本，除装备有现代化的作战系统外，在建造过程中还运用了能够降低雷达反射截面的隐形技术。虽然由“拉斐特”级发展而成，但“可畏”级的吨位略小，且隐形性能也要更好，在雷达、声音、红外线和电磁等方面都具有较低的信号特征。具有高度自动化、智能化、精密的综合作战和舰舶管理系统。并被赞誉为“迄今为止在东南亚最先进的水面作战舰艇“。
",法国舰艇建造局（DCN）新加坡科技船舶公司（STM）,NULL,4200 海里,NULL,NULL,NULL,16米,NULL,NULL,舰船舰艇,护卫舰,90人,114米,法国,新加坡海峡,27节,NULL,“可畏”级,2002年底,{'$oid': '5cc931d2831b973d657f16ed'},NULL,2004年1月7日（“可畏”号）,NULL,NULL,2007年5月5日
http://images.huanqiu.com/sarons/2013/07/1bf458f7e11225784d4784064a0d8b84.jpg,总统级护卫舰,在役,3700吨,NULL,布洛姆·福斯造船厂，基尔,NULL,8000海里/16节,NULL,NULL,NULL,16.34米,NULL,NULL,舰船舰艇,护卫舰,152人,121米,德国,NULL,28节,NULL,“勇猛”级,2001年,{'$oid': '5cc931d2831b973d657f16ee'},NULL,NULL,2000-5000吨,NULL,2003年9月
http://images.huanqiu.com/sarons/2013/08/c45f53177b69ad6f07c1f9f918b42257.jpg,NULL,在役,3600吨,NULL,德国博隆福斯造船厂,NULL,5214海里/18节,NULL,NULL,NULL,14.8米,NULL,NULL,舰船舰艇,护卫舰,NULL,118米,德国,NULL,27节,25艘,Meko200级,未知,{'$oid': '5cc931d2831b973d657f16ef'},NULL,NULL,2000-5000吨,NULL,1987年
http://images.huanqiu.com/sarons/2013/11/89db9e2dd82a31f0c48694dc4e5526db.jpg,NULL,服役中,1924吨,"
544四平号(2010年07月28日改为旅顺号)，江湖IV型(053H1G)反潜型护卫舰，1984年11月15日开工 1985年9月29日下水 1985年12月24日服役。由原江湖II级（053H1型)改进而成，具有典型的试验舰性质。
",NULL,NULL,4000海里/18节,NULL,NULL,NULL,10.8米,NULL,NULL,舰船舰艇,护卫舰,190人,103.2米,中国,NULL,30节,NULL,“四平”号（544）,1984年11月15日,{'$oid': '5cc931d3831b973d657f16f0'},NULL,1985年9月29日,500-2000吨,NULL,1985年12月24日
http://images.huanqiu.com/sarons/2013/11/fc675d9ecf5f0e253d9b279d03031560.jpg,NULL,服役中,4000吨,"
525 马鞍山号，054型(江凯I级)护卫舰，1999年12月开工，2003年9月11日在沪东中华造船厂下水，2005年2月18日服役于东海舰队。
",沪东中华造船厂,NULL,3800海里/18节,2座4联装“鹰击”-83反舰导弹发射架；防空导弹,NULL,NULL,15米,NULL,NULL,舰船舰艇,护卫舰,190人,132米,中国,东海,27节,NULL,“马鞍山”号（525）护卫舰,1999年12月,{'$oid': '5cc931d3831b973d657f16f1'},NULL,2003年9月11日,2000-5000吨,NULL,2005年2月18日
NULL,NULL,退役,1250吨,"
501 下关号(原弦号231，1980年改为501)，65型(江南级)火炮护卫舰，1965年11月1日在广州造船厂开工。
",广州造船厂,NULL,2700海里/16节,NULL,NULL,NULL,10.2米,NULL,NULL,舰船舰艇,护卫舰,148人,90米,中国,南海,20.5节,NULL,“下关”号（501）火炮护卫舰,1965年11月1日,{'$oid': '5cc931d3831b973d657f16f2'},NULL,1966年12月3日,500-2000吨,NULL,1967年6月12日
http://images.huanqiu.com/sarons/2013/11/b70ec419f448c32331ea379530653dd4.jpg,NULL,服役中,2400吨,"
521 嘉兴号，053H3型（北约称江卫Ⅱ级)导弹护卫舰，上海沪东造船厂制造，1997年开工，1998年6月下水，1999年6月服役于东海舰队。
",上海沪东造船厂,NULL,5000海里/16节,NULL,NULL,NULL,12.4米,NULL,NULL,舰船舰艇,护卫舰,168人,112米,中国,中国东海,26.5节,NULL,“嘉兴”号（521）,1997年,{'$oid': '5cc931d3831b973d657f16f3'},NULL,1998年6月,2000-5000吨,NULL,1999年6月
http://images.huanqiu.com/sarons/2013/11/105a15375415378b3b93deaf3c369e7a.jpg,NULL,退役,1661.5吨,"
515 厦门号，原名“济南舰”，1986年改名为“厦门舰”。 053H型(江湖I级)导弹护卫舰，曾服役于东海舰队。
",沪东造船厂,NULL,3888海里,NULL,NULL,NULL,10.8米,NULL,NULL,舰船舰艇,护卫舰,190人,103.2米,中国,东海,26节,NULL,厦门号（515）,1975年4月6日,{'$oid': '5cc931d3831b973d657f16f4'},NULL,1975年10月27日,500-2000吨,NULL,1975年12月31日
NULL,NULL,退役,1960吨,"
531 鹰潭号，053K型（江东级）舰空导弹护卫舰。曾服役于东海舰队。现已退役，存放在青岛海军博物馆。
",上海沪东造船厂,NULL,4000海里/18节,NULL,NULL,NULL,10.8米,NULL,NULL,舰船舰艇,护卫舰,200人,103米,中国,东海,25.5节,NULL,鹰潭号（531）,1970年2月,{'$oid': '5cc931d3831b973d657f16f5'},NULL,1971年10月,500-2000吨,NULL,1975年3月15日至1994年7月15日
http://images.huanqiu.com/sarons/2013/11/fc3caed9094c05d3d49943e6d5937074.jpg,NULL,在役,1960吨,"
558自贡号/北海号，053H1G型（江湖Ⅴ级）导弹护卫舰。
",黄埔造船厂,NULL,4000海里/18节,NULL,NULL,NULL,10.8米,NULL,NULL,舰船舰艇,护卫舰,200人,103.2米,中国,中国南海,25.5节,NULL,“自贡”号（558）护卫舰,1991年6月,{'$oid': '5cc931d3831b973d657f16f6'},NULL,1993年1月20日,500-2000吨,NULL,1993年5月
http://images.huanqiu.com/sarons/2013/11/ac1db524640520bd8e4e4624e8f31546.jpg,NULL,服役中,1661.5吨,"
517 南平号，053H型导弹护卫舰。由沪东造船厂于1975年5月开工，1976年4月下水，1976年9月19日-10月8日试航，1976年10月31日交船，主要装备于东海舰队。
",沪东造船厂,NULL,3800海里,NULL,NULL,NULL,10.8米,NULL,NULL,舰船舰艇,护卫舰,190人,103.2米,中国,中国东海,26节,NULL,“南平”号(517)护卫舰,1975年,{'$oid': '5cc931d3831b973d657f16f7'},NULL,1976年,NULL,NULL,1976年
http://images.huanqiu.com/sarons/2013/11/e6ebe2ff37d9eb57803d7eea3e4c65ff.jpg,NULL,NULL,2400吨,"
523 蒲田号，053H3型（北约称江卫Ⅱ级)导弹护卫舰，上海沪东造船厂制造。
",上海沪东造船厂,NULL,5000海里/16节,2座4联装“鹰击”-83反舰导弹发射架；防空导弹,NULL,NULL,12.4米,NULL,NULL,舰船舰艇,护卫舰,168人,112米,中国,东海,26.5节,NULL,"""蒲田""号(523)导弹护卫舰",NULL,{'$oid': '5cc931d4831b973d657f16f8'},NULL,NULL,2000-5000吨,NULL,1999年12月
http://images.huanqiu.com/sarons/2013/11/2678a8ad2bc76162bfd082db0ecf5c78.jpg,NULL,服役中,2400吨,"
527 洛阳号，053H3型（北约称江卫Ⅱ级)导弹护卫舰，2004年8月1日上海沪东造船厂下水，2005年9月入列海军，隶属北海舰队某驱逐舰支队。
",上海沪东造船厂,NULL,5000海里/16节,2座4联装“鹰击”-83反舰导弹发射架；防空导弹,NULL,NULL,12.4米,NULL,NULL,舰船舰艇,护卫舰,168人,112米,中国,北海,26.5节,NULL,“洛阳”号（527）导弹护卫舰,NULL,{'$oid': '5cc931d4831b973d657f16f9'},NULL,2004年8月1日,2000-5000吨,NULL,2005年9月
http://images.huanqiu.com/sarons/2013/11/0e8938d9128ef30b134463d4861a24e6.jpg,NULL,退役,1661.5吨,"
509 常德号，053H型(江湖I级)导弹护卫舰。曾服役于南海舰队。2007年3月退役，后改装为海警1002舰。
",沪东造船厂,NULL,4000海里/18节,NULL,NULL,NULL,10.8米,NULL,NULL,舰船舰艇,护卫舰,200人,103.2米,中国,南海,26节,NULL,常德号（509）导弹护卫舰,1978年1月13日,{'$oid': '5cc931d4831b973d657f16fa'},NULL,1979年4月29日,500-2000吨,NULL,1979年9月30日
http://images.huanqiu.com/sarons/2013/11/5ce69376141685171350333f1e1c7b0c.jpg,NULL,服役中,1661.5吨,"
519 长治号，053H型(江湖I级)导弹护卫舰。1978年3月14日开工，1979年7月24日下水，1979年10月9日—11月16日试航，1979年12月16日交船，服役于北海舰队。
",沪东造船厂,NULL,3888海里,NULL,NULL,NULL,10.8米,NULL,NULL,舰船舰艇,护卫舰,190人,103.2米,中国,中国北海,26节,NULL,“长治”号(519)护卫舰,1978年,{'$oid': '5cc931d4831b973d657f16fb'},NULL,1979年,500-2000吨,NULL,1979年
http://images.huanqiu.com/sarons/2013/11/d7831fc8eb275e511aa783136ad75418.jpg,NULL,2012年3月退役,1960吨,"
1984年12月29日开工，1986年3月10日下水，1986年6月27日服役于南海舰队。
",NULL,NULL,4000海里/18节,NULL,NULL,NULL,10.8米,NULL,NULL,舰船舰艇,护卫舰,200人,103.22米,中国,NULL,25.5节,NULL,“安顺”号（554）护卫舰,1984年12月29日,{'$oid': '5cc931d4831b973d657f16fc'},NULL,1986年3月10日,500-2000吨,NULL,1986年6月27日
http://images.huanqiu.com/sarons/2013/11/d057d53ee2e0494a39320e7885ccd9be.jpg,NULL,NULL,2250吨,"541 
淮北号，053H2G（江卫I级)型护卫舰，沪东造船厂制造，1990年开工，1992年12月下水，1993年7月1日服役。于1994年4月8日正式命名授旗。",沪东造船厂,NULL,4000海里/18节,NULL,NULL,NULL,12.1米,NULL,NULL,舰船舰艇,护卫舰,170人,111.7米,中国,NULL,25节,NULL,“淮北”号（541）护卫舰,NULL,{'$oid': '5cc931d4831b973d657f16fd'},NULL,NULL,2000-5000吨,NULL,1993年
http://images.huanqiu.com/sarons/2013/11/cf62e4a4e2d24747c6f86d4cfd137b3f.jpg,NULL,NULL,2250吨,"

",NULL,NULL,4000海里/18节,NULL,NULL,NULL,12.4米,NULL,NULL,舰船舰艇,护卫舰,170人,111.7米,中国,NULL,27节,NULL,“安庆”号（539）护卫舰,1988年,{'$oid': '5cc931d5831b973d657f16fe'},NULL,1990年,2000-5000吨,NULL,1992年6月
http://images.huanqiu.com/sarons/2013/11/b62b01099874c5874ccd98f801295edd.jpg,NULL,1986年6月退役,1924吨,053K级护卫舰是中国第一型防空型护卫舰，但算不上是个成功的舰型。由于种种原因，特别是专为该级舰研制的红旗61防空导弹迟迟没有定型，致使该级舰成军后十年竟然没有自己的主战装备，成为中国海军最短命的舰艇之一。,上海求新船厂,NULL,10778海里/15节,NULL,NULL,NULL,10.8米,NULL,NULL,舰船舰艇,护卫舰,200人,103米,中国,NULL,26节,NULL,“中东”号（532）防空型护卫舰,1971年10月,{'$oid': '5cc931d5831b973d657f16ff'},NULL,NULL,500-2000吨,NULL,1977年7月
http://images.huanqiu.com/sarons/2013/11/27fdfe722bf2050bdf5db152bc3f6ac9.jpg,NULL,NULL,2400吨,"
522 连云港号，053H3型（北约称江卫Ⅱ级)导弹护卫舰，上海沪东造船厂制造，1997年10月下水，1998年命名，1999年1月服役于东海舰队。
",上海沪东造船厂,NULL,5000海里/16节,2座4联装“鹰击”-83反舰导弹发射架。防空导弹,NULL,NULL,12.4米,NULL,NULL,舰船舰艇,护卫舰,168人,112米,中国,NULL,26.5节,NULL,“连云港”号（522）护卫舰,NULL,{'$oid': '5cc931d5831b973d657f1700'},NULL,1997年10月,2000-5000吨,NULL,1999年1月
http://images.huanqiu.com/sarons/2013/11/49b0c195b201737636b0070c448d8a66.jpg,NULL,NULL,1960吨,"
559 佛山号，053H1G型（江湖Ⅴ级）导弹护卫舰。1993年12月29日在黄埔造船厂下水，1994年5月中央军委命令“559舰”为“佛山舰”，1994年5月21日“佛山舰”在珠海市举行了首航仪式。
",NULL,NULL,4000海里/18节,NULL,NULL,NULL,10.8米,NULL,NULL,舰船舰艇,护卫舰,200人,103.2米,中国,NULL,25.5节,NULL,“佛山”号（559）导弹护卫舰,NULL,{'$oid': '5cc931d5831b973d657f1701'},NULL,1993年,500-2000吨,NULL,1994年
NULL,NULL,退役,1250吨,"
529 海口号(原称209 广州号，1980年改为529 海口号)，65型(江南级)火炮护卫舰首舰，1964年8月1日在上海江南造船厂铺设龙骨，1965年12月25日下水，1966年8月1日服役于东海舰队，1981年编入了南海舰队。1993年退役。
",上海江南造船厂,NULL,2700海里/16节,NULL,NULL,NULL,10.2米,NULL,NULL,舰船舰艇,护卫舰,148人,90米,中国,NULL,20.5节,NULL,“海口”号（529）火炮护卫舰,1964年8月1日,{'$oid': '5cc931d5831b973d657f1702'},NULL,1965年12月25日,500-2000吨,"100毫米单管火炮3门前一后二61式37毫米双管火炮4门。机枪",1966年8月1日
http://images.huanqiu.com/sarons/2013/11/94b80cf618efb7c5d8da21e672e0bc54.jpg,NULL,退役,1661.5吨,"
551 茂名号，053H型(江湖I级)导弹护卫舰。1978年11月17日开工，1980年4月10日下水。
",NULL,NULL,3888海里,NULL,NULL,NULL,10.8米,NULL,NULL,舰船舰艇,护卫舰,190人,103.2米,中国,南海,26节,NULL,“茂名”号（551）护卫舰,1978年11月17日,{'$oid': '5cc931d5831b973d657f1703'},NULL,1980年4月10日,500-2000吨,NULL,1980年9月30日
http://images.huanqiu.com/sarons/2013/11/04a7a316682ac26eb8f55774e9ca34d0.jpg,NULL,NULL,1960吨,"
556 湘潭号，江湖II级（053H1型)。1985年11月15日开工，1987年7月14日下水，1987年12月20日服役。
",NULL,NULL,4000海里/18节,NULL,NULL,NULL,10.8米,NULL,NULL,舰船舰艇,护卫舰,200人,103.22米,中国,NULL,25.5节,NULL,“湘潭”号（556）导弹护卫舰,1985年11月15日,{'$oid': '5cc931d5831b973d657f1704'},NULL,1987年7月14日,500-2000吨,NULL,1987年12月20日
NULL,NULL,退役,1250吨,"
503 开源号(原弦号233，1980年改为503)，65型(江南级)火炮护卫舰，1966年5月在广州造船厂开工。
",广州造船厂,NULL,2700海里/16节,NULL,NULL,NULL,10.2米,NULL,NULL,舰船舰艇,护卫舰,148人,90米,中国,南海,20.5节,NULL,“开源”号（503）火炮护卫舰,1966年5月,{'$oid': '5cc931d5831b973d657f1705'},NULL,NULL,500-2000吨,NULL,1969年6月
http://images.huanqiu.com/sarons/2013/11/6483389501dde7e3dcbc7913a83f6acc.jpg,NULL,NULL,1960吨,"
534 金华号，053H1型(江湖II级)护卫舰，沪东造船厂制造。1982年5月21日开工建造，1983年5月27日下水，1983年12月13日服役于东海舰队。
",沪东造船厂,NULL,4000海里/18节,NULL,NULL,NULL,10.8米,NULL,NULL,舰船舰艇,护卫舰,200人,103.22米,中国,NULL,25.5节,NULL,“金华”号（534）护卫舰,1982年5月21日,{'$oid': '5cc931d6831b973d657f1706'},NULL,1983年5月27日,500-2000吨,NULL,1983年12月13日
http://images.huanqiu.com/sarons/2013/11/3b1ba6c04fb0947b016245aed71fa45d.jpg,NULL,NULL,1960吨,"
558 北海号，053H1G型（江湖Ⅴ级）导弹护卫舰，原名自贡号。1991年6月在黄埔造船厂开工，1993年1月20日下水，1993年5月交船服役于南海舰队。
",NULL,NULL,4000海里/18节,NULL,NULL,NULL,10.8米,NULL,NULL,舰船舰艇,护卫舰,200人,103.2米,中国,NULL,25.5节,NULL,“北海”号（558）导弹护卫舰,1991年6月,{'$oid': '5cc931d6831b973d657f1707'},NULL,1993年1月20日,500-2000吨,NULL,1993年5月
http://images.huanqiu.com/sarons/2013/11/129f235bc36691dea408f8aabc13552f.jpg,NULL,NULL,1960吨,"
1985年11月15日开工，1987年11月8日下水，1988年6月15日服役于南海舰队。
",NULL,NULL,4000海里/18节,NULL,NULL,NULL,10.8米,NULL,NULL,舰船舰艇,护卫舰,200人,103.22米,中国,mlml,25.5节,NULL,“吉首”号（557）护卫舰,1985年11月,{'$oid': '5cc931d6831b973d657f1708'},NULL,1987年11月,500-2000吨,NULL,1988年6月
http://images.huanqiu.com/sarons/2013/11/a756b679f55f235cb2e3e92219da2891.jpg,NULL,NULL,1960吨,"
1984年10月15日沪东造船厂开工建造，1985年12月28日下水，1986年12月15日正式服役于东海舰队，后于2000年调整到北海舰队。
",沪东造船厂,NULL,2700海里/18节,NULL,NULL,NULL,10.83米,NULL,NULL,舰船舰艇,护卫舰,160人,103.2米,中国,NULL,28节,NULL,“黄石”号（535）导弹护卫舰,1984年10月,{'$oid': '5cc931d6831b973d657f1709'},NULL,1985年12月,500-2000吨,NULL,1986年12月
NULL,NULL,已退役,1661.5吨,"
1976年12月13日在沪东造船厂开工，1978年2月11日下水，1978年11月1日—12月2日试航，1979年1月25日交船，曾服役于东海舰队，服役35年后于2013年5月12日正式退役。
",NULL,NULL,2700海里/18节,NULL,NULL,NULL,10.8米,NULL,NULL,舰船舰艇,护卫舰,190人,103.2米,中国,NULL,26节,NULL,“镇江”号（514）护卫舰,1976年12月,{'$oid': '5cc931d6831b973d657f170a'},NULL,1978年2月,500-2000吨,NULL,NULL
http://images.huanqiu.com/sarons/2013/11/a0d8da15869ac8087408168a3aaa5312.jpg,NULL,NULL,1960吨,"
543 丹东号，江湖III级（053H1型)。1983年12月23日开工 1985年1月25日下水 1985年5月30日服役。
",NULL,NULL,4000海里/18节,NULL,NULL,NULL,10.8米,NULL,NULL,舰船舰艇,护卫舰,200人,103.2米,中国,NULL,25.5节,NULL,“丹东”号（543）护卫舰,1983年12月23日,{'$oid': '5cc931d6831b973d657f170b'},NULL,1985年1月25日,500-2000吨,NULL,1985年5月30日
http://images.huanqiu.com/sarons/2013/11/fd6462b57d1b4daa69600fd03bf53048.jpg,NULL,NULL,1661.5吨,"
1976年8月21日在沪东造船厂开工，1977年7月27日下水，1977年3月12日—4月4日试航。
",NULL,NULL,4000海里/18节,NULL,NULL,NULL,10.8米,NULL,NULL,舰船舰艇,护卫舰,190人,103.2米,中国,NULL,26节,NULL,“无锡”号（512）导弹护卫舰,1976年8月,{'$oid': '5cc931d7831b973d657f170c'},NULL,1977年7月,500-2000吨,NULL,1978年12月
http://images.huanqiu.com/sarons/2013/11/88b632a4b6237c08efd30d72bbfbe406.jpg,NULL,NULL,3900吨,"
526 温州号，054型(江凯I级)护卫舰，2003年11月30日在黄埔造船厂下水，2009年10月30日-2010年4月23日赴亚丁湾、索马里海域执行第四批护航任务。
",NULL,NULL,3800海里/18节,NULL,NULL,NULL,15米,NULL,NULL,舰船舰艇,护卫舰,190人,132米,中国,NULL,27节,NULL,“温州”号（526）护卫舰,NULL,{'$oid': '5cc931d7831b973d657f170d'},NULL,2003年11月,2000-5000吨,NULL,2005年9月
http://images.huanqiu.com/sarons/2013/11/500ad1bcfec587db55fc0c168bfccd43.jpg,NULL,退役,1389吨,"
507 萍乡号，曾命名贵阳号，6601型（成都级）护卫舰，1955年9月在上海沪东造船厂开工建造，1957年下水，507 萍乡号，曾命名贵阳号，6601型（成都级）护卫舰，60年代，在沪东造船厂进行了中修。1971年5月—1973年9月期间进行了改装，拆除舰舯的鱼雷发射管，安装“上游-1”型反舰导弹。
",沪东造船厂,上游-1型(SY-1)双联装反舰导弹1座。火炮,2000公里/18节,NULL,NULL,NULL,10.1米,NULL,NULL,舰船舰艇,护卫舰,190人,91.5米,中国,NULL,28节,NULL,“萍乡”号（507）护卫舰,1955年9月,{'$oid': '5cc931d7831b973d657f170e'},NULL,1957年,500-2000吨,NULL,1958年
http://images.huanqiu.com/sarons/2013/11/3d4e1d31b0049af48077bf25ff377ccd.jpg,NULL,NULL,1960吨,"
545 临汾号，江湖II级（053H1型)。1985年8月30日开工，1986年11月9日下水，1987年9月30日服役。80年代末进行了改装，改装包括100炮系统、37炮系统、雷达、电子设备等。
",NULL,NULL,4000海里/18节,NULL,NULL,NULL,10.8米,NULL,NULL,舰船舰艇,护卫舰,200人,103.2米,中国,NULL,25.5节,NULL,“临汾”号（545）护卫舰,1985年8月30日,{'$oid': '5cc931d7831b973d657f170f'},NULL,1986年11月9日,500-2000吨,NULL,1987年9月30日
http://images.huanqiu.com/sarons/2013/11/1e0e0d12e8201cf61ce00773e9738d51.jpg,NULL,退役,1661.5吨,"
1977年10月23日在沪东造船厂开工，1979年1月26日下水，1979年5月15日—6月16日试航。
",NULL,NULL,4000海里/18节,NULL,NULL,NULL,10.8米,NULL,NULL,舰船舰艇,护卫舰,190人,103.2米,中国,NULL,26节,NULL,“绍兴”号（510）导弹护卫舰 ,1977年10月,{'$oid': '5cc931d7831b973d657f1710'},NULL,1979年1月,500-2000吨,NULL,1979年6月
http://images.huanqiu.com/sarons/2013/11/f4f7e783e6d238c8038d4dd49330b192.jpg,NULL,NULL,2250吨,"
2004年5月下水，2005年4月入列海军，隶属北海舰队某驱逐舰支队。2013年2月，绵阳舰首赴亚丁湾执行护航任务，创造了护航舰艇吨位最小的新纪录。2013年9月23日，第14批护航编队053H3绵阳舰通过护航考验。
",NULL,NULL,5000海里/16节,2座4联装C802导弹发射架，M1.0，射程120公里；防空导弹,NULL,NULL,12.4米,NULL,NULL,舰船舰艇,护卫舰,180人,115米,中国,NULL,28节,NULL,“绵阳”号（528）导弹护卫舰,NULL,{'$oid': '5cc931d7831b973d657f1711'},NULL,2004年5月,2000-5000吨,NULL,NULL
http://images.huanqiu.com/sarons/2013/11/1f03eadb749b832ea01057f72a726c27.jpg,NULL,NULL,1960吨,"
533“宁波”号/“台州”号，江湖II级(053H1型)首舰，1980年7月12日在沪东造船厂开工建造，1981年12月13日下水，1982年6月30日正式服役。该舰原名宁波号，2003年6月改为台州号。
",NULL,NULL,4000海里/18节,NULL,NULL,NULL,10.8米,NULL,NULL,舰船舰艇,护卫舰,200人,103.22米,中国,NULL,25.5节,NULL,“宁波”号（533）导弹护卫舰,1980年7月,{'$oid': '5cc931d7831b973d657f1712'},NULL,1981年12月,500-2000吨,NULL,1982年6月
NULL,NULL,已退役,1250吨,"
504东川号，原弦号214，1980年改为504，65型火炮护卫舰，1965年8月1日在广州造船厂开工，1966年6月25日下水，1966年12月2日服役于南海舰队，现已退役。
",广州造船厂,NULL,2700海里/16节,NULL,NULL,NULL,10.2米,NULL,NULL,舰船舰艇,护卫舰,148人,90米,中国,中国南海,20.5节,NULL,“东川”号(504)护卫舰,1965年,{'$oid': '5cc931d7831b973d657f1713'},NULL,1966年,500-2000吨,NULL,1966年
http://images.huanqiu.com/sarons/2013/11/63e8946e764a6015784122610dda09c5.jpg,NULL,NULL,1661吨,"
552 宜宾号，053H型(江湖I级)导弹护卫舰。1978年12月25日开工，1980年7月17日下水，1980年10月19日至11月15日试航，1980年12月19日交船，服役于南海舰队，2012年10月被拆解。
",NULL,NULL,4000海里/18节,NULL,NULL,NULL,10.8米,NULL,NULL,舰船舰艇,护卫舰,190人,103.2米,中国,NULL,26节,NULL,“宜宾”号（552）导弹护卫舰,1978年12月25日,{'$oid': '5cc931d8831b973d657f1714'},NULL,1980年7月17日,500-2000吨,NULL,1980年12月19日
http://images.huanqiu.com/sarons/2013/11/a6ad3868790e1b1ab1805fae08fb649e.jpg,NULL,NULL,1661.5吨,"
518 吉安号，053H型(江湖I级)导弹护卫舰。1977年4月22日在沪东造船厂开工，1978年7月10日下水，1978年11月14日-12月4日试航，1979年3月31日交船，服役于南海舰队。
",NULL,NULL,4000海里/18节,NULL,NULL,NULL,10.8米,NULL,3.19米,舰船舰艇,护卫舰,190人,103.2米,中国,NULL,26节,NULL,“吉安”号（518）护卫舰,1977年4月22日,{'$oid': '5cc931d8831b973d657f1715'},NULL,1978年7月10日,500-2000吨,NULL,NULL
http://images.huanqiu.com/sarons/2013/11/801ab74bb0c9a4b87d57047976d838af.jpg,NULL,已退役,1661.5吨,"
520 开封号，053H型(江湖I级)导弹护卫舰。1978年10月3日开工，1979年10月7日下水，1980年6月28日服役于北海舰队。
",NULL,NULL,4000海里/18节,NULL,NULL,NULL,10.8米,NULL,3.19米,舰船舰艇,护卫舰,190人,103.2米,中国,NULL,26节,NULL,“开封”号（520）导弹护卫舰,1978年10月3日,{'$oid': '5cc931d8831b973d657f1716'},NULL,1979年10月7日,500-2000吨,NULL,NULL
http://images.huanqiu.com/sarons/2013/11/0df51ec27175320099dcaab816e9bb53.jpg,NULL,在役,1960吨,"
553 韶关号，053H1型(江湖II级)护卫舰，1984年3月31日开工，1985年5月2日下水，1985年9月24日服役于南海舰队。
",广州造船厂,NULL,4000海里/18节,NULL,NULL,NULL,10.8米,NULL,NULL,舰船舰艇,护卫舰,200人,103.2米,中国,NULL,25.5节,NULL,“韶关”号（553）护卫舰,1984年3月31日,{'$oid': '5cc931d8831b973d657f1717'},NULL,1985年5月2日,500-2000吨,NULL,1985年9月24日
http://images.huanqiu.com/sarons/2013/11/4d411d98d943ac3cfcec3e5a94e2e07f.jpg,NULL,NULL,1661.5吨,"
516 九江号，曾命名长沙号，1978年1月舷号由526改为516，1981年8月1日命名为“九江舰”。053H型（江湖I级）导弹护卫舰的首舰。1975年2月2日根据“订字75—160号”合同开工在沪东造船厂开工建造，1975年6月28日下水，1975年9月17日—10月10日试航，1975年12月31日交船，服役于东海舰队。
",沪东造船厂,NULL,4000海里/18节,NULL,NULL,NULL,10.8米,NULL,3.19米,舰船舰艇,护卫舰,190人,103.2米,中国,NULL,26节,NULL,“九江”号（516）导弹护卫舰,1975年2月2日,{'$oid': '5cc931d8831b973d657f1718'},NULL,1975年6月28日,500-2000吨,NULL,NULL
http://images.huanqiu.com/sarons/2013/11/a1db4745d2f21631fcf32869dd866ada.jpg,NULL,2012年8月16日退役,1661.5吨,511南通号属053H型(江湖I级)导弹护卫舰。1976年2月23日在沪东造船厂开工，1976年11月9日下水，1986年8月1日被命名为“南通舰”。,沪东造船厂,NULL,4000海里/18节,NULL,NULL,NULL,10.8米,NULL,NULL,舰船舰艇,护卫舰,190人,103.2米,中国,NULL,26节,NULL,“南通”号（511）护卫舰,1976年2月23日,{'$oid': '5cc931d8831b973d657f1719'},NULL,1976年11月9日,500-2000吨,NULL,1977年3月31日
http://images.huanqiu.com/sarons/2013/11/7ebee07c40b4aaa64c88de9ae0ac0ece.jpg,NULL,NULL,2400吨,567 襄樊号，053H3型（北约称江卫Ⅱ级)导弹护卫舰，广州造船厂制造，2002年5月服役于南海舰队。,广州造船厂,NULL,5000海里/16节,NULL,NULL,NULL,12.4米,NULL,NULL,舰船舰艇,护卫舰,168人,112米,中国,NULL,26.5节,NULL,“襄樊”号（567）,NULL,{'$oid': '5cc931d8831b973d657f171a'},NULL,NULL,2000-5000吨,NULL,2002年5月
http://images.huanqiu.com/sarons/2013/11/692a70e02b1423890742ab3b83652e96.jpg,NULL,NULL,2250吨,“江卫II”级护卫舰565号也曾被命名为“玉林”号，但现今已改名为“三亚”号2010年2月1日南海舰队054型护卫舰(“江卫II”级护卫舰)569号交付 。569号国产最新型导弹护卫舰入列命名“玉林”号（原来565玉林舰改名三亚舰，2013年4月，又改名为葫芦岛舰）。,广州造船厂,NULL,5000海里/16节,NULL,NULL,NULL,14米,葫芦岛舰,NULL,舰船舰艇,护卫舰,180人,115米,中国,NULL,28节,“三亚”号,“玉林”号（565）护卫舰,NULL,{'$oid': '5cc931d9831b973d657f171b'},NULL,NULL,2000-5000吨,NULL,2010年2月1日
NULL,NULL,已退役,1389吨,508 西昌号，曾命名为衡阳号，6601型护卫舰，是中国海军自行建造的第一型护卫舰6601型护卫舰的四号舰，1956年3月在上海沪东造船厂开工建造，1958年服役于华东军区海军，服役早期舷号为208，命名为衡阳舰。,上海沪东造船厂,NULL,2000海里/14节,NULL,NULL,NULL,10.1米,NULL,NULL,舰船舰艇,护卫舰,190人,91.5米,中国,NULL,28节,NULL,“西昌”号(508) 护卫舰,1956年,{'$oid': '5cc931d9831b973d657f171c'},NULL,1957年,500-2000吨,NULL,1958年
http://images.huanqiu.com/sarons/2013/11/1a65037c20797a6429005b665a1bbf42.jpg,NULL,NULL,2250吨,542 铜陵号，053H2G（江卫I级)型护卫舰，沪东造船厂制造，1991年开工，1993年12月下水，1994年7月1日服役。1994年11月10日，被命名为“铜陵舰”。,沪东造船厂,NULL,4000海里/18节,2座三联装鹰击-8A舰舰导弹发射装置防空导弹,NULL,NULL,12.1米,NULL,NULL,舰船舰艇,护卫舰,170人,111.7米,中国,NULL,25节,NULL,“铜陵”号（542） ,1991年,{'$oid': '5cc931d9831b973d657f171d'},NULL,1993年12月,2000-5000吨,NULL,1994年7月1日
http://images.huanqiu.com/sarons/2013/11/36eea8aa842a5cbec39eea1131c31963.jpg,NULL,NULL,2250吨,淮南号，江卫级（053H2G)护卫舰，沪东造船厂制造，于1990年下水，1992年6月服役。,沪东造船厂,NULL,4000海里/18节,NULL,NULL,NULL,12.1米,NULL,NULL,舰船舰艇,护卫舰,170人,111.7米,中国,NULL,25节,NULL,“淮南”号（540）,NULL,{'$oid': '5cc931d9831b973d657f171e'},NULL,1990年,2000-5000吨,NULL,1992年6月
http://images.huanqiu.com/sarons/2013/11/3d822ce1946dc93fc337a8d8238da132.jpg,NULL,已退役,1389吨,"
506 成都号，6601型（成都级）护卫舰，1955年8月在上海沪东造船厂开工建造，1956年9月26日下水，1957年开始服役于东海舰队，1974年西沙海战后调往南海舰队。1994年退役。
",上海沪东造船厂,NULL,2000公里/18节,NULL,NULL,NULL,10.1米,NULL,NULL,舰船舰艇,护卫舰,190人,91.5米,中国,NULL,28节,NULL,“成都”号(506)护卫舰,1955年,{'$oid': '5cc931d9831b973d657f171f'},NULL,1956年,500-2000吨,NULL,1957年
http://images.huanqiu.com/sarons/2013/11/60273c8708155a50a9094a73b99bb870.jpg,NULL,NULL,1661.5吨,563 肇庆号，053H1G型（江湖Ⅴ级）导弹护卫舰。广州黄埔造船厂建造，1995年服役于南海舰队。,广州黄埔造船厂,NULL,4000海里/18节,NULL,NULL,NULL,10.8米,NULL,NULL,舰船舰艇,护卫舰,190人,103.2米,中国,NULL,28节,NULL,“肇庆”号（563）护卫舰,NULL,{'$oid': '5cc931da831b973d657f1720'},NULL,NULL,500-2000吨,NULL,1995年
http://images.huanqiu.com/sarons/2013/11/bbe2ec5ad622fcfa98bd0ef9aebe4fa4.jpg,NULL,已退役,1661.5吨,"513 淮安号，053H型(江湖I级)导弹护卫舰。原名“淮阴号”，2006年12月20日更名为“淮安号” 
。1976年3月22日在沪东造船厂开工，1977年4月19日下水，1977年10月29日—11月29日试航，1977年12月31日交船，服役于东海舰队。2013年5月20日退役。",沪东造船厂,NULL,4000海里/18节,NULL,NULL,NULL,10.8米,NULL,NULL,舰船舰艇,护卫舰,190人,103.2米,中国,NULL,26节,NULL,“淮阴”号(513)护卫舰,1976年,{'$oid': '5cc931da831b973d657f1721'},NULL,1977年,500-2000吨,NULL,1977年
http://images.huanqiu.com/sarons/2013/11/1dab956c5c25a58d199221b237318155.jpg,NULL,NULL,1960吨,561 汕头号，053H1G型（江湖Ⅴ级）导弹护卫舰。广州黄埔造船厂建造，1993年10月“汕头舰”命名，现服役于南海舰队。,广州黄埔造船厂,NULL,4000海里/18节,NULL,NULL,NULL,10.8米,NULL,NULL,舰船舰艇,护卫舰,200人,103.2米,中国,NULL,25.5节,NULL,“汕头”号(561)护卫舰,1991年,{'$oid': '5cc931da831b973d657f1722'},NULL,NULL,500-2000吨,NULL,1993年
http://images.huanqiu.com/sarons/2013/11/c5c95bcdba8ca14d5dad67c5a8742d1e.jpg,NULL,NULL,1960吨,"
560 东莞号，053H1G型（江湖Ⅴ级）导弹护卫舰。1993年3月广州黄埔造船厂下水，1993年6月6日命名，1993年10月服役于南海舰队。2007年12月4806船厂改装。
",广州黄埔造船厂,NULL,4000海里/18节,NULL,NULL,NULL,10.8米,NULL,NULL,舰船舰艇,护卫舰,200人,103.2米,中国,亚洲,25.5节,NULL,“东莞”号（560）护卫舰,NULL,{'$oid': '5cc931da831b973d657f1723'},NULL,1993年3月,500-2000吨,NULL, 1993年10月
http://images.huanqiu.com/sarons/2013/11/d0266dceb6a058ddbda4b1eb50943523.jpg,NULL,NULL,2784吨,"
美国海军第一艘濒海战斗舰(LCS-1)""自由""号于2008年11月8日正式服役。它是美国海军""由海向陆""、""前沿存在""等战略的产物，它的服役填补了当前美国海军力量与新海上战略之间所存在的""空白""。
",NULL,NULL,4300海里/18节；4500海里/16节,NULL,NULL,NULL,3.16米,NULL,NULL,舰船舰艇,护卫舰,70人,127.4米,美国,NULL,44节,NULL,自由级濒海战斗舰(LCS-1),NULL,{'$oid': '5cc931da831b973d657f1724'},NULL,NULL,2000-5000吨,NULL,2008年11月8日
http://images.huanqiu.com/sarons/2013/11/506c928f6a27cd35e7d9b57bf64708e7.jpg,NULL,NULL,2250吨,564 宜昌号，053H3型（北约称江卫Ⅱ级)导弹护卫舰，广州造船厂制造，1999年12月服役，2000年2月16号正式命名。,广州造船厂,NULL,5000海里/16节,2座4联装“鹰击”-83反舰导弹发射架防空导弹,NULL,NULL,14米,NULL,NULL,舰船舰艇,护卫舰,180人,115米,中国,亚洲，欧洲,28节,NULL,“宜昌”号（564） ,NULL,{'$oid': '5cc931da831b973d657f1725'},NULL,NULL,2000-5000吨,NULL,1999年12月
http://images.huanqiu.com/sarons/2013/11/b88c6b436fd2a1181578f3234aa779e5.jpg,053H2G,在役,2980吨,"
421 纳莱颂恩(Naresuan)号，F25T型(纳来颂恩级)导弹护卫舰，是以053H2G为原型设计的出口泰国型。首舰“纳莱颂恩”号整体结构由上海中华造船厂建造，然后选择中国或西方国家的电子、武器装备进行安装。1992年2月开工建造，1993年7月24日建成下水，1994年12月15日服役。1993年7月24日出口泰国的新型导弹护卫舰“纳来颂恩”号（H.T.M.S.NARE SUAN）在中华船厂下水。泰国海军司令威切上将、船舶总公司副总经理王荣生、上海市人大常委会副主任胡传治、上海市原经委书记张定鸿等参加了下水典礼。
",上海中华造船厂,NULL,4000海里/18节,NULL,NULL,NULL,13米,NULL,NULL,舰船舰艇,护卫舰,150人,120米,中国,印度洋,32节,NULL,421 纳莱颂恩(Naresuan)号,1992年2月,{'$oid': '5cc931da831b973d657f1726'},NULL,1993年7月24日,2000-5000吨,NULL,1994年12月15日
http://images.huanqiu.com/sarons/2013/11/f569a69eec08fd1aad0723f26877d174.jpg,NULL,NULL,1960吨,"
555 昭通号，053H1型(江湖II级)护卫舰，1985年8月3日开工，1986年9月7日下水，1987年3月24日服役于南海舰队。
",广州造船厂,NULL,4000海里/18节,NULL,NULL,NULL,10.8米,NULL,NULL,舰船舰艇,护卫舰,200人,103.22米,中国,NULL,25.5节,NULL,“昭通”号（555）护卫舰,1985年8月3日,{'$oid': '5cc931db831b973d657f1727'},NULL,1986年9月7日,500-2000吨,NULL,1987年3月24日
NULL,NULL,服役中,1960吨,562 江门号，053H1G型（江湖Ⅴ级）导弹护卫舰。广州黄埔造船厂建造，1995年“江门舰”命名，现服役于南海舰队。,广州黄埔造船厂,NULL,4000海里/18节,NULL,NULL,NULL,10.8米,NULL,NULL,舰船舰艇,护卫舰,200人,103.2米,中国,NULL,25.5节,NULL,“江门”号（562）护卫舰,NULL,{'$oid': '5cc931db831b973d657f1728'},NULL,NULL,500-2000吨,NULL,1995年
NULL,T级,NULL,3076吨,"
K级常规动力攻击潜艇（Kilo class，基洛为Kilo的音译）是俄罗斯海军战后第三代、目前主力柴电潜艇。基洛级原型的苏俄编号是877级鲽鱼型，而后基洛级在经过现代化等改装后形成了基洛级改进型（Improved Kilo），俄方编号636级华沙之歌型。印度的基洛级经改装后被命名为Sindhughosh级。基洛级是目前俄罗斯出口量最大的潜艇等级。以火力强大、噪音小而闻名。

自前苏联成功研制核动力攻击潜艇后，对于一般动力潜艇的研究也相对减少了不少。而K级则是前苏联在这期间研制的最成功的柴电动力潜艇。该艇由红宝石设计局于1974年起开始设计，首艇1979年下水，1982年服役。其改进型更成为了柴电动力潜艇中的佼佼者。是目前世界上柴电动力潜艇中最安静的潜艇之一。 未来，基洛级可能将由拉达级潜艇取代。
",NULL,NULL,NULL,NULL,2325吨,NULL,9.9米,拉达级潜艇,240米,舰船舰艇,护卫舰,52人,74.3米,苏/俄,亚洲，欧洲,NULL,NULL,基洛级（877EKM/636/636M型）366号常规潜艇,1974年,{'$oid': '5cc931db831b973d657f1729'},NULL,1979年,2000-5000吨,NULL,1982年
NULL,053H2G,在役,2980吨,NULL,上海中华造船厂,NULL,4000海里/18节  ,NULL,NULL,NULL,13米,NULL,NULL,舰船舰艇,护卫舰,150人,120米,中国,印度洋,32节,NULL,422 塔克辛(Taksin)号,1992年2月,{'$oid': '5cc931db831b973d657f172a'},NULL,1994年5月14日,2000-5000吨,NULL,1995年9月28日
http://images.huanqiu.com/sarons/2013/11/c7269f1e009a2142f98f485f91500789.jpg,NULL,NULL,1960吨,江湖III型(053H2)导弹护卫舰首舰，1987年12月20日沪东造船厂开工建造，1989年10月30日下水，1990年11月17日服役，弦号537命名“舟山号”，2006年由东海舰队划拨北海舰队，弦号不变，重新命名为“沧州号”。,沪东造船厂,NULL,2700海里/18节,NULL,NULL,NULL,10.83米,NULL,NULL,舰船舰艇,护卫舰,160人,103.2米,中国,NULL,28节,沧州号,“舟山”号（537）护卫舰,1987年12月20日,{'$oid': '5cc931db831b973d657f172b'},NULL,1989年10月30日,500-2000吨,NULL,1990年11月17日
http://images.huanqiu.com/sarons/2013/11/75a4ebdf26d5375121e066b9651f3897.jpg,053H2护卫舰,NULL,1924吨,NULL,NULL,NULL,3500海里/18节  ,NULL,NULL,NULL,11.3米,NULL,NULL,舰船舰艇,护卫舰,168人,103.2米,中国,NULL,30节,，053HT型“湄南”级（“昭披耶”级）导弹护卫舰,455 昭披耶导弹护卫舰,1989年3月,{'$oid': '5cc931db831b973d657f172c'},NULL,1990年6月24日,500-2000吨,NULL,1991年4月5日
http://images.huanqiu.com/sarons/2013/11/b08953c2880ade5dd017c2d0de13b8c5.jpg,F22P型(剑级)导弹护卫舰,NULL,3144吨,NULL,中国上海沪东中华造船集团,NULL,4000海里,NULL,NULL,NULL,13.4米,NULL,NULL,舰船舰艇,护卫舰,NULL,123米,中国,NULL,29节,NULL,253 赛义夫(Saif)号护卫舰,NULL,{'$oid': '5cc931dc831b973d657f172d'},NULL,NULL,2000-5000吨,NULL,2009年至2010年间
NULL,053H2护卫舰,NULL,1924吨,NULL,NULL,NULL,3500海里/18节  ,NULL,NULL,NULL,11.3米,NULL,3.1米,舰船舰艇,护卫舰,168人,103.2米,中国,亚洲,30节,053HT型“湄南”级（“昭披耶”级）导弹护卫舰第二艘,456邦巴功号导弹护卫舰,1989年,{'$oid': '5cc931dc831b973d657f172e'},NULL,1990年7月25日,500-2000吨,NULL,1991年7月20日
NULL,NULL,NULL,NULL,NULL,NULL,NULL,NULL,NULL,NULL,NULL,NULL,NULL,NULL,舰船舰艇,护卫舰,NULL,NULL,中国,NULL,NULL,NULL,45米级导弹护卫艇,NULL,{'$oid': '5cc931dc831b973d657f172f'},NULL,NULL,NULL,NULL,NULL
NULL,053H2护卫舰,NULL,1924吨,NULL,NULL,NULL,3500海里/18节 ,NULL,NULL,NULL,11.3米,NULL,NULL,舰船舰艇,护卫舰,168人,103.2米,中国,亚洲,30节,053HT(H)型“湄南”级（“昭披耶”级）导弹护卫舰,458 塞巴里号导弹护卫舰,1990年,{'$oid': '5cc931dc831b973d657f1730'},NULL,1991年8月27日,500-2000吨,NULL,1992年8月4日
NULL,NULL,NULL,1662吨,956纳赛尔（Al Nasser）号，053H出口型(扎菲尔级)，埃及型，1981年6月-1982年底进行技术设计和施工设计。,NULL,NULL,2700海里（18节）,NULL,NULL,NULL,10.8米,NULL,NULL,舰船舰艇,护卫舰,190人,103米,中国,NULL,26节,053H出口型(扎菲尔级),956 纳赛尔号护卫舰,1982年8月27日,{'$oid': '5cc931dc831b973d657f1731'},NULL,1983年12月20日,500-2000吨,NULL,1984年7月21日
NULL,053H2护卫舰,NULL,1924吨,457 克拉巴厘（Kraburi）号，053HT(H)型“湄南”级（“昭披耶”级）导弹护卫舰，是以053H2为原型设计的出口泰国型。1990年在沪东造船厂开工，1990年12月28日下水，1992年1月16日服役。这艘舰拆除了艉部的79式100MM56口径主炮，换上了直升机甲板。,沪东造船厂,NULL,3500海里/18节,NULL,NULL,NULL,11.3米,NULL,NULL,舰船舰艇,护卫舰,168人,103.2米,中国,NULL,30节,053HT(H)型“湄南”级（“昭披耶”级）导弹护卫舰,457 克拉巴厘号,1990年,{'$oid': '5cc931dc831b973d657f1732'},NULL,1990年12月28日,500-2000吨,NULL,1992年1月16日
NULL,NULL,NULL,NULL,NULL,NULL,NULL,NULL,NULL,NULL,NULL,NULL,NULL,NULL,舰船舰艇,护卫舰,NULL,NULL,中国,NULL,NULL,053H出口型,951 纳吉姆·扎费尔号导弹护卫舰,1982年8月27日,{'$oid': '5cc931dc831b973d657f1733'},NULL,1983年12月20日,NULL,NULL,1984年7月21日
http://images.huanqiu.com/sarons/2013/11/e104a75d24fbf63bc1c603e6bd79e83a.jpg,F22P型(剑级)导弹护卫舰,现役,3144吨,"
251佐勒菲卡尔(Zulfiquar)号，F22P型(剑级)导弹护卫舰，是为出口巴基斯坦而在053H3型护卫舰基础上所研制的，由中国上海沪东中华造船集团建造，2009年7月交付巴基斯坦海军。
",中国上海沪东中华造船集团,NULL,NULL,NULL,NULL,NULL,13.4米,NULL,NULL,舰船舰艇,护卫舰,NULL,123米,中国,NULL,29节,NULL,251 佐勒菲卡尔(Zulfiquar)号护卫舰,NULL,{'$oid': '5cc931dc831b973d657f1734'},NULL,NULL,2000-5000吨,NULL,2009年7月
http://images.huanqiu.com/sarons/2013/11/2b36858bd2c4fccaed7390272cc28cb3.jpg,F22P型(剑级)导弹护卫舰,NULL,NULL,"
252 沙姆谢尔(Shamsheer)号，F22P型(剑级)导弹护卫舰，是为出口巴基斯坦而在053H3型护卫舰基础上所研制的，由中国上海沪东中华造船集团建造，于2009年至2010年间交付巴基斯坦海军。
",中国上海沪东中华造船集团,NULL,NULL,NULL,NULL,NULL,NULL,NULL,NULL,舰船舰艇,护卫舰,NULL,NULL,中国,NULL,29节,NULL,252 沙姆谢尔(Shamsheer)号护卫舰,NULL,{'$oid': '5cc931dd831b973d657f1735'},NULL,NULL,NULL,NULL,2009年
http://images.huanqiu.com/sarons/2013/11/95884996f1c5df315d36551df45274c1.jpg,NULL,NULL,135吨,NULL,NULL,NULL,600海里,NULL,NULL,NULL,5.3米,NULL,NULL,舰船舰艇,护卫舰,36人,38.7米,中国,NULL,30节,NULL,062型(上海级)高速护卫艇 ,NULL,{'$oid': '5cc931dd831b973d657f1736'},NULL,NULL,500吨以内,NULL,1962年
http://images.huanqiu.com/sarons/2013/11/677b407ff2061394c02acca4ec1f6a09.jpg,F22P型(剑级)导弹护卫舰,现役,3144吨,"
254 阿斯雷特（Aslat）号，F22P型(剑级)导弹护卫舰第四艘，是中国为出口巴基斯坦而在053H3型护卫舰基础上所研制的。
",NULL,NULL,4000海里,NULL,NULL,NULL,13.4米,NULL,NULL,舰船舰艇,护卫舰,NULL,123米,中国,NULL,29节,NULL,254 阿斯雷特（Aslat）号护卫舰,NULL,{'$oid': '5cc931dd831b973d657f1737'},NULL,2011年6月16日,2000-5000吨,NULL,2013年4月19日
NULL,NULL,在役,NULL,"
1978年8月19日，印度通过海岸警卫法组建成立了继陆海空军后第四支武装力量海岸警卫队。这支队伍主要任务是在国防部的有效控制下对印度220万平方公里的专署经济区进行保护。
",NULL,NULL,NULL,NULL,NULL,NULL,NULL,NULL,NULL,舰船舰艇,护卫舰,NULL,NULL,印度,NULL,NULL,NULL,海上防卫艇,NULL,{'$oid': '5cc931dd831b973d657f1738'},NULL,NULL,NULL,NULL,1986年9月19日（拉吉卡马 61）
http://images.huanqiu.com/sarons/2014/01/21fe5c384f663d872a8e882ebc7fa1c7.jpg,NULL,NULL,600吨,"阿兹玛特/AZMAT级导弹艇，2010年中巴签署采购2艘“阿兹玛特”级导弹艇的协议，同年首艇在天津新港造船厂安放龙骨，2011年9月24日下水，2012年4月交付，2012年6月加入巴基斯坦海军。“阿兹玛特”级除了海上突击，还要承担巡逻、护渔等长期任务，续航能力不可忽视。
 1013艇为阿兹玛特级导弹艇首艇。第二艘“Azmat” 级导弹快艇PNS Dehshat号于8月16日在巴基斯坦的Karachi Shipyard and Engineering Works (KS&EW)船厂下水。",NULL,NULL,1852千米,NULL,NULL,NULL,8.8米,NULL,NULL,舰船舰艇,护卫舰,60人,60米,巴基斯坦,NULL,30节,NULL,阿兹马特级护卫舰,NULL,{'$oid': '5cc931dd831b973d657f1739'},NULL,2011年9月24日,NULL,NULL,2012年6月
http://images.huanqiu.com/sarons/2013/11/3d67524e3e4d4c1e1e872a3a3bece818.jpg,NULL,NULL,4400吨,NULL,黄埔厂,NULL,3800海里/18节,2座4联装YJ-83反舰导弹发射架；防空导弹,NULL,15天,16米,NULL,NULL,舰船舰艇,护卫舰,190人,134米,中国,NULL,27节,NULL,烟台舰(538),NULL,{'$oid': '5cc931dd831b973d657f173a'},NULL,2010年8月24日,2000-5000吨,NULL,2011年7月30日
http://images.huanqiu.com/sarons/2014/01/74de46689bb3a54dc78684bba20bf8b2.jpg,NULL,NULL,2500吨,中国上海沪东中华造船厂为巴基斯坦海军建造的首艘F-22P型护卫舰正式交付。F-22P护卫舰从2005年开始设计建造，是在053H3的基础上研制而成的，装备了现代化的武器装备，并且能够携带Z9EC直升机。长桥楼舰型和全封闭结构。2009年底，巴基斯坦卡拉奇船厂已开始建造与中国联合研制的F-22P型护卫舰。根据中巴2005年签署的合同，巴总共订购了四艘F-22P型护卫舰，前三艘均由中方负责建造（首舰已于2009年7月交付巴海军），而第四艘则由巴方自行建造。,中国上海沪东中华造船厂，巴基斯坦卡拉奇船厂,NULL,6000海里/18节,NULL,NULL,NULL,13.2米,NULL,NULL,舰船舰艇,护卫舰,183人,118米,中国,NULL,30节,NULL,F-22P级护卫舰,2005年,{'$oid': '5cc931dd831b973d657f173b'},NULL,NULL,2000-5000吨,NULL,NULL
http://images.huanqiu.com/sarons/2013/12/62f57be7a0d43545731bf7b74d5f45e8.jpg,054型护卫舰,在役,4053吨,"
054A型护卫舰（北约代号：江凯II级）是我国海军最新型的护卫舰等级，目前有15艘在役。首舰徐州号（530）于2006年9月30日在广州黄埔造船厂下水，于2008年服役。舰身设计与054型护卫舰相仿，火力则比较054型护卫舰强劲许多，为我国海军装备的第一种区域防空型护卫舰。柳州号，中国第一型真正形成量产的隐身护卫舰。054A型（北约称江凯II级）导弹护卫舰，由沪东造船厂建造，2011年12月10日下水，2012年12月26日服役于南海舰队。
",沪东造船厂,NULL,3800海里/18节,NULL,NULL,NULL,15.2米,NULL,NULL,舰船舰艇,护卫舰,190人,134米,中国,NULL,27节,NULL,柳州号护卫舰（573）,NULL,{'$oid': '5cc931de831b973d657f173c'},NULL,2011年12月10日,2000-5000吨,NULL,2012年12月26日
http://images.huanqiu.com/sarons/2014/01/ac42059f5e55fad7311f50965b5e96d7.jpg,NULL,NULL,3000吨,NULL,NULL,NULL,3500海里/18节,NULL,NULL,NULL,17.5米,NULL,NULL,舰船舰艇,护卫舰,75人,115米,美国,NULL,43节,NULL,LCS-5/密尔沃基号濒海战斗舰,2011年,{'$oid': '5cc931de831b973d657f173d'},NULL,2013年12月18日,2000-5000吨,NULL,NULL
http://images.huanqiu.com/sarons/2014/01/9d4e88bd07b654ed4002c1a9ad7a5447.jpg,NULL,NULL,1470吨,NULL,NULL,NULL,NULL,NULL,NULL,NULL,10.8米,NULL,NULL,舰船舰艇,护卫舰,160人,93米,日本,NULL,24节,NULL,“筑后”级导弹护卫舰,NULL,{'$oid': '5cc931de831b973d657f173e'},NULL,NULL,500-2000吨,NULL,NULL
http://images.huanqiu.com/sarons/2013/11/03ad2e45717edd985254010686b0068b.jpg,NULL,NULL,4053吨,NULL,沪东造船厂,NULL,3800海里/18节 ,2座4联装YJ-83反舰导弹发射架；防空导弹,NULL,15天,15.2米,NULL,NULL,舰船舰艇,护卫舰,190人,134米,中国,NULL,27节,NULL,潍坊舰(550) ,NULL,{'$oid': '5cc931de831b973d657f173f'},NULL,2012年7月9日,2000-5000吨,NULL,2013年6月
