飞行速度,图片,研发单位,乘员,简介,最大航程,发动机,生产单位,发动机数量,大类,类型,产国,退役时间,空重,翼展,最大飞行速度,名称,_id,首飞时间,旋翼直径,机高,服役时间,最大起飞重量,气动布局,机长
超音速,NULL,北京航空学院,NULL,靶6是我国在萨姆-2(红旗-2)地空导弹基础上加装新翼面、冲压喷气发动机而发展出来的三倍音速无人靶机。该机的研制目的是用于模仿美国SR-71“黑鸟”三倍音速高空侦察机，为针对“黑鸟”的红旗-3、红旗-4地空导弹试验定型工作服务。,NULL,CF-03B冲压式喷气发动机,NULL,单发,飞行器,无人机,中国,NULL,662千克,2.65米,NULL,靶-6无人驾驶靶机,{'$oid': '5cc93104831b973d657f1219'},1969年9月,NULL,2.47米,NULL,1585千克,后掠翼,10.87米
亚音速,http://images.huanqiu.com/sarons/2013/07/738800606dfdff8ff296691a2a16e930.jpg,美国通用原子公司,NULL,RQ/MQ-9无人机由通用原子航空系统为美国空军、美国海军和英国皇家空军开发。机是一种极具杀伤力的新型无人作战飞机，并可以执行情报、监视与侦察任务。美国空军在其作战试验刚刚结束后，就决定将其投入实战，并于去年3月组建了“死神”无人机攻击中队，即内华达州克里奇空军基地第42航空攻击机中队，还成立了专门的“死神”无人机工作组，开始研究战术、训练机组人员和进行实战演练。,1852千米,霍尼韦尔TPE331-10T发动机,NULL,单发,飞行器,无人机,美国,NULL,2223千克,20米,482千米每小时,RQ/MQ-9“捕食者B” 无人驾驶飞行器,{'$oid': '5cc93105831b973d657f121a'},2001年2月2日,NULL,3.6米,2002年,4760千克,平直翼,11米
亚音速,http://images.huanqiu.com/sarons/2013/11/005f25db510ac1128e932a0d9e7ad050.jpg,西北工业大学，西安爱生技术集团,NULL,ASN-206是西北工业大学西安爱生技术集团研制的多用途无人驾驶飞机。1994年12月完成研制工作。该机是一种配套完整、功能齐全、性能先进、适合野外条件使用的无人机。尤其是它的实时视频侦察系统，为我军前线侦察提供了一种利器。1996年该机获国家科技进步一等奖。1996年在珠海国际航展上展出，现已投入批量生产。,150千米,水平对置气冷4缸2冲程51马力的HS700型活塞发动机,NULL,单发,飞行器,无人机,中国,NULL,1060千克,6米,210千米每小时,ASN-206无人机,{'$oid': '5cc93105831b973d657f121b'},NULL,NULL,1.4米,1996年,222千克,平直翼,3.8米
亚音速,http://images.huanqiu.com/sarons/2013/07/e03a3ff482d013bb1de21370a783bf89.jpg,美国诺斯罗普－格鲁曼公司,NULL,"
RQ-8A“火力侦察兵”无人机是美国诺斯罗普-格鲁曼公司的瑞恩航空中心为美国海军研制的下一代舰载垂直起降战术无人机，用于执行侦查和瞄准任务，军方编号RQ-8A。该机的机械部分大量采用了民用Schweitzer 
333型直升机的成熟技术。 
",639千米,阿里逊／罗-罗250-C20W发动机,NULL,单发,飞行器,无人机,美国,NULL,661千克,8.38米,213千米每小时, RQ-8“火力侦察兵”,{'$oid': '5cc93105831b973d657f121c'}, 2002年5月19日,NULL,2.87米,NULL,1157千克,单旋翼,6.97米
亚音速,http://images.huanqiu.com/sarons/2013/11/88547b065de091dea853476ff21e36c5.jpg,西北工业大学，西安爱生技术集团公司,NULL,"
ASN-105侦察无人机系统是西安爱生技术集团公司在D-4基础上研制的侦察无人机系统。主要用于前线和敌后侦察，可完成战区实时监视、攻击前后战效分析任务。可提供实时无线电图象和硬拷贝图象，可装备夜视设备。系统包括六架无人机和一个地面站。ASN-105的遥控距离为100千米，机上装有全方位航向飞行控制系统、无线电系统、航空照相机及电视摄像机等，该机不需机场和跑道，借助火箭助推，在发射架上发射。
",300千米,四缸二行程气冷活塞式发动机,NULL,单发,飞行器,无人机,中国,NULL,NULL,4.3米,170千米每小时,ASN-105,{'$oid': '5cc93105831b973d657f121d'},1982年10月,NULL,0.9米,NULL,140千克,平直翼,3.3米
亚音速,http://images.huanqiu.com/sarons/2013/07/4a2f2048d6a847fb04bb3d66e4ccdbdb.jpg,美国诺斯罗谱•格鲁曼公司,NULL,"
 “全球鹰”无人机是美国诺斯罗谱•格鲁曼公司研制的高空高速无人侦察机。“全球鹰”相貌不凡，看起来很像一头虎鲸，它身体庞大、双翼直挺，翼展超过波音747飞机，球状机头将直径达1.2米的雷达天线隐藏了起来。“全球鹰”飞行控制系统采用GPS全球定位系统和惯性导航系统，可自动完成从起飞到着陆的整个飞行过程。通过使用一个卫星链路，自动将无人机的飞行状态数据发送到任务控制单元。
",24985千米,阿里逊／罗-罗AE3007H发动机,NULL,单发,飞行器,无人机,美国,NULL,4173千克,35.43米,644千米每小时,RQ-4“全球鹰” 无人驾驶飞行器,{'$oid': '5cc93105831b973d657f121e'},1998年2月28日,NULL,4.63米,NULL,11612千克,NULL,13.41米
亚音速,NULL,美国通用原子公司,NULL,"
通用原子公司的“I-蚊蚋-ER”系统是“蚊蚋-750”的改进型号，与该公司集续航时间长、有效载荷大、易于使用、维护成本低于一身的“蚊蚋-750”相比，它就是一个放大版。
",13440千米,Rotax 914发动机,NULL,单发,飞行器,无人机,美国,NULL,254千克,14.85米,336千米每小时,I-蚊蚋-ER无人驾驶飞行器,{'$oid': '5cc93105831b973d657f121f'},NULL,NULL,0.65米,NULL,748千克,平直翼,5.76米
亚音速,http://images.huanqiu.com/sarons/2013/07/187e6e3ef4e28bd6df53e797fd081b47.jpg,美国通用原子航空系统公司,NULL,“蚊蚋-750”最初是由无人驾驶飞行器（UAV）制造商中的先驱--领先系统公司研发，作为该公司国防先进研究计划的成功机型、在1980年代秘密生产的“琥珀”无人驾驶飞行器的后继机发展的，“蚊蚋（也译为‘蚊子’）-750”基本上是从该公司的“蚊蚋-400”衍生出的。,9216千米,Rotax 582发动机,NULL,单发,飞行器,无人机,美国,NULL,907千克,10.77米,192千米每小时,“蚊蚋-750” 无人驾驶飞行器,{'$oid': '5cc93105831b973d657f1220'},1989年年中,NULL,0.75米,1994年,517千克,平直翼,5米
亚音速,NULL,捷克空军研究院(捷克共和国，布拉格),NULL,NULL,100千米,一台22千瓦(29.5马力)的UVMvVM115双缸双冲程引擎；双叶片固定斜度的木制推进螺旋桨,NULL,单发,飞行器,无人机,捷克,NULL,NULL,4.12米,180千米每小时,Sojka III侦察无人飞机,{'$oid': '5cc93105831b973d657f1221'},2006年,NULL,1.08米,NULL,145千克,平直翼,2.1米
亚音速,http://images.huanqiu.com/sarons/2013/11/443918744b83941da036bdbf6b3929f1.jpg,北京航空航天大学,NULL,"
长虹-1号由中国北京航空航天大学无人驾驶飞行器设计研究研制，是高空多用途无人驾驶飞机。该机在军内称无侦-5，英文DR-5。长虹-1可用于军事侦察、高空摄影、靶机或地质勘测、大气采样等科学研究。
",2500千米,涡喷-11小型涡喷发动机,NULL,单发,飞行器,无人机,中国,NULL,1060千克,9.76米,800千米每小时,长虹-1,{'$oid': '5cc93106831b973d657f1222'},1972年11月28日,NULL,2.18米,1980年,1700千克,平直翼,8.97米
亚音速,http://images.huanqiu.com/sarons/2013/07/570f70ff6983fac8c9a854e44a8144cf.jpg,洛克希德-马丁公司和波音飞机公司,NULL,RQ-3“暗星”属于一种全新概念的新型无人机，将主要用于实时侦察和监视。其研制计划由美国国防部高级研究计划局和防务空中侦察办公室负责组织制定和论证，主承包商是洛克希德-马丁公司和波音飞机公司。这种无人驾驶飞行器短而宽的机身上安装着发动机、两个航空电子设备隔舱和起落架。“暗星”是美国空军的一次招标设计的，RQ-3仅在飞行中遇到飞行计划和传感器方向改变时才需要操作员输入，这些变化可以通过无线电或通信中信实现。RQ-3既可配备传感器也可配备雷达，在飞行中，它可以通过卫星传送数字信号。,925千米,成廉姆斯FJ44-1发动机,NULL,单发,飞行器,无人机,美国,NULL,1980千克,21.03米,464千米每小时,RQ-3“暗星” 无人驾驶飞行器,{'$oid': '5cc93106831b973d657f1223'},1996年3月29日,NULL,1.1米,NULL,3901千克,平直翼,4.57米
亚音速,http://images.huanqiu.com/sarons/2013/07/34cfac3376b766c158c8c2ecb191eb77.jpg,美国通用原子公司,NULL,"
RQ/MQ-1“捕食者”被定类为UAV或称无人飞行器，是由美国通用公司所研发及制造的。RQ-1被设计作为一架空中监视和无人侦察机。 因应需要在2002年开始有部份RQ-1被改装为攻击用途并在两翼各挂一枚地狱火导弹进行任务。这导致了MQ-1在2005年的正式出现成为一种多功能的载具。RQ-1和MQ-1当前装备于美国空军的第11及第15侦测纵队。 这些飞虫在波斯尼亚、也门、阿富汗和伊拉克等地使用非常成功。
",8880千米,Rotax 914发动机,NULL,单发,飞行器,无人机,美国,NULL,512千克,14.85米,222千米每小时,RQ/MQ-1“捕食者A” 无人驾驶飞行器,{'$oid': '5cc93106831b973d657f1224'},1994年7月,NULL,2.11米,NULL,1020千克,平直翼,8.13米
亚音速,NULL,法国达索公司,NULL,NULL,150千米,两台0.2 kN(45磅)航空微喷气机技术(AMT)公司的喷气发动机,NULL,NULL,飞行器,无人机,法国,NULL,35千克,2.4米,600千米每小时,AVE无人机,{'$oid': '5cc93106831b973d657f1225'},2000年7月18日,NULL,NULL,2010年9月,NULL,NULL,2.4米
亚音速,NULL,伊朗飞机制造工业公司(HESA),NULL,NULL,NULL,一台P73转式活塞发动机(额定值不祥)；带动双叶片推进螺旋桨,NULL,单发,飞行器,无人机,伊朗,NULL,NULL,3.33米,300千米每小时,Ababli-s监视无人机,{'$oid': '5cc93106831b973d657f1226'},NULL,NULL,0.935米,NULL,83千克,平直翼,2.8米
亚音速,NULL,国际航空技术研究院,NULL,"
INTA公司ALO是一个轻量级的无人机，提供实时侦察，监视和目标捕获信息ALO包括三架飞机配备可见光或红外传感器，移动控制单元和发射系统的设置，而无需起落架。目前INTA正在寻求商业合作伙伴。
",50千米, 一台4.78千瓦(6.4马力)活塞式引擎,NULL,单发,飞行器,无人机,西班牙,NULL,NULL,3.48米,200千米每小时,INTA公司ALO,{'$oid': '5cc93107831b973d657f1227'},NULL,NULL,NULL,NULL,45千克,平直翼,1.75米
亚音速,http://images.huanqiu.com/sarons/2013/11/244a17f7d7297a9acf042457489637b9.jpg,南京航空学院,NULL,NULL,900千米,WP-6涡喷发动机,NULL,单发,飞行器,无人机,中国,NULL,1230千克,7.5米,920千米每小时,长空-1无人机,{'$oid': '5cc93107831b973d657f1228'},1966年12月6日,NULL,2.955米,1976年,2500千克,平直翼,8.44米
亚音速,NULL,BAE系统航空电子设备公司,NULL,NULL,706.5千米,一台18.6千瓦(25马力)Meggitt MDS 342双缸双冲程引擎,NULL,单发,飞行器,无人机,英国,NULL,NULL,5.6米,166千米每小时,BAE10系统公司“不死鸟”,{'$oid': '5cc93107831b973d657f1229'},NULL,0.78米,NULL,NULL,180千克,平直翼,3.8米
亚音速,NULL,NULL,NULL,NULL,NULL,NULL,NULL,单发,飞行器,无人机,中国,NULL,NULL,NULL,NULL,天翅高空无人侦察机,{'$oid': '5cc93107831b973d657f122a'},NULL,NULL,3.44米,NULL,2350千克,平直翼,8.9米
亚音速,NULL,萨基姆公司（SAGEMDivision Defense et Securite)  (法国，巴黎),NULL,NULL,NULL,18.6千瓦(25马力)Meggitt公司的WAE342双缸双冲程引擎；双叶片木制推进螺旋桨,NULL,单发,飞行器,无人机,法国,NULL,NULL,3.3米,240千米每小时,“红隼” 无人机,{'$oid': '5cc93107831b973d657f122b'},NULL,NULL,0.71米,NULL,110千克,三角面,2.7米
亚音速,NULL,雅科夫列夫设计局(Yakovlev),NULL,该型无人机主要由俄罗斯Yakovlev 公司于上世纪80年代研制，曾在1995年车臣战役中投入使用并立下战功。Pchela-T机身装备了红外线仪器，不但可以从1000米以上高空确定运动目标的型号，甚至看得清弹坑深度和分辨出伪装的坦克。,400千米,一台23.9千瓦Samara p-032双缸双冲程引擎,NULL,单发,飞行器,无人机,苏/俄,NULL,86千克,3.25米,180千米每小时,Pchela-T无人机,{'$oid': '5cc93107831b973d657f122c'},1983年,NULL,1.11米,NULL,138千克,平直翼,2.78米
亚音速,NULL,Qods航空工业公司(伊朗，德黑兰),NULL,NULL,NULL,一台18.6千瓦(25马力)的卧式双活塞发动机；驱动双叶片推进螺旋桨,NULL,单发,飞行器,无人机,伊朗,NULL,NULL,3.8米,200千米每小时,Mohadjer4侦察机 ,{'$oid': '5cc93108831b973d657f122d'},未知,NULL,0.915米,NULL,175千克,平直翼,2.88米
亚音速,NULL,航空武器联合公司,NULL,NULL,550千米,100 cc活塞发动机,NULL,单发,飞行器,无人机,巴基斯坦,NULL,26千克,3.66米,175千米每小时,航空武器联合公司MKⅡ,{'$oid': '5cc93108831b973d657f122e'},2003年,0.61米,NULL,NULL,60千克,平直翼,2.74米
亚音速,NULL,韩国宇航工业公司,NULL,“夜间入侵者”最早由大宇公司于1991年负责开发，该项目最初代号为“Bijo”。“夜间入侵者”型无人飞行器采用上单翼常规气动布局，后置动力采用单台功率为50马力的汪克尔引擎，在外形上与南非研制的“探寻者（Seeker）”较为相似。,1030千米,AEL AR801R转式发动机,NULL,单发,飞行器,无人机,韩国,NULL,215千克,6.4米,185千米每小时,夜间入侵者,{'$oid': '5cc93108831b973d657f122f'},1993年,NULL,1.47米,2003年,300千克,平直翼,4.8米
亚音速,NULL,航空防务系统公司,NULL,"
Aerosky侦察机，由以色列航空防务系统公司研制。该型侦察机采用固定式三轮着陆装置，发射和回收均采用普通轮式起飞和降落方式。其设计为单翼和窄机身、推进器引擎、单(Aerolight)或双(Aerosky和Aerostar)尾桁以及T形尾翼单元。Aerolight中还有一个摇拍-变倍-变焦光学相机，并配备有防抖、万向安装的白天/夜间E-O/IR传感器。
",NULL,活塞发动机；双叶片推进螺旋桨,NULL,单发,飞行器,无人机,以色列,NULL,40千克,4米,NULL,Aerosky侦察机,{'$oid': '5cc93108831b973d657f1230'},未知,NULL,NULL,NULL,70千克,平直翼,3.05米
亚音速,NULL,中国航空工业集团,NULL,"
“鹞鹰”无人机是由中航工业研制的大中型无人机。自从“鹞鹰I”一问世，就承担起了许多重要的科研试飞工作。由中科院光电研究院、北京信息技术研究所、中航工业贵航等多家单位参与的“863计划”地球观测与导航技术领域“无人机遥感载荷综合验证系统”项目，选择“鹞鹰I”无人机作为遥感载荷性能指标综合飞行验证关键技术研究平台，顺利完成了高精度全极化合成孔径雷达和高光谱光学载荷双装载科学试验飞行。此外，改进型还有“鹞鹰Ⅱ”多用途无人机，“鹞鹰III”双发飞翼式无人机。
",4800千米,Rotax914F,NULL,单发,飞行器,无人机,中国,NULL,1010千克,14.4米,150千米每小时,“鹞鹰”无人机,{'$oid': '5cc93108831b973d657f1231'},2013年3月24日,NULL,2.77米,NULL,1250千克,平直翼,7.5米
亚音速,http://images.huanqiu.com/sarons/2013/11/e52bf80a965b4cb1075b070578ab335b.jpg,NULL,NULL,"
NEURON（Dassault NEURON），是法国达索公司的实验性无人战斗航空载具(UCAV)。使用三角翼隐形外型，也是达索三阶段式无人机计划最后阶段，直到2005六月巴黎航空展，装上全比例引擎的AVE-C Moyen Duc(2001) “战术无人航具”对外发表外界才知道它类似诺斯洛普·格鲁门公司‎的B-2轰炸机缩小版。
",NULL, 2台劳斯莱斯Turboméca Adour (预计换成M88) 涡轮发动机,达索航太，芬梅卡尼卡,单发,飞行器,无人机,法国,NULL,4900千克,12.5米,980千米每小时,神经元（NEURON）无人战斗机 ,{'$oid': '5cc93108831b973d657f1232'},2012年12月1日,NULL,NULL,NULL,NULL,飞翼,9.5米
亚音速,NULL,沈阳飞机设计研究所,NULL,NULL,NULL,NULL,洪都航空工业集团,单发,飞行器,无人机,中国,NULL,NULL,NULL,NULL,利剑无人作战飞机,{'$oid': '5cc93108831b973d657f1233'},2013年11月21日 ,NULL,NULL,NULL,NULL,飞翼,NULL
亚音速,NULL,印度国防部航空开发组织(印度，班加罗尔),NULL,NULL,100千米,一台37.3千瓦(50马力)UEL AR BOLR转式发动机；双叶片推进螺旋桨。,NULL,双发,飞行器,无人机,印度,NULL,252千克,6.64米,185千米每小时,ADE公司“黎明”,{'$oid': '5cc93108831b973d657f1234'},NULL,NULL,1.183米,NULL,375千克,平直翼,4.63米
亚音速,http://images.huanqiu.com/sarons/2013/11/7528df4dd7b0e0d023abf28f7271a344.jpg,中航工业直升机所,NULL,NULL,NULL,NULL,NULL,双发,飞行器,无人机,中国,NULL,NULL,NULL,450千米每小时,绝影-8无人飞行器,{'$oid': '5cc93109831b973d657f1235'},NULL,NULL,NULL,NULL,NULL,单旋翼,NULL
亚音速,http://images.huanqiu.com/sarons/2013/11/a79fef1455749f4f8ee705e75c232586.jpg,NULL,NULL,NULL,NULL,“阿杜尔”系列MK951,BAE系统公司,单发,飞行器,无人机,英国,NULL,NULL,11.46米,1235千米每小时,“雷神”无人战斗机,{'$oid': '5cc93109831b973d657f1236'},2013年,NULL,NULL,NULL,8000千克,飞翼,11.35米
亚音速,NULL,NULL,NULL,"
在2010年新加坡航展上，中国正在推销一款新型垂直起降无人机。中国航空技术进出口总公司在航展上并未展出这种飞机的模型或实物，但他们首次推出了U8E型垂直起降无人机的介绍手册，并十分乐意介绍这种对众多分析家而言颇为神秘的机型。
",150千米,NULL,NULL,单发,飞行器,无人机,中国,NULL,4千克,3.86米,150千米每小时,U8E无人直升机,{'$oid': '5cc93109831b973d657f1237'},NULL,NULL,1.47米,NULL,220千克,单旋翼,3.7米
亚音速,NULL,NULL,NULL,NULL,120千米,Fichtel & Sachs公司研制的双缸发动机，功率为24 kW,NULL,单发,飞行器,无人机,德国,NULL,150千克,3.42米,220千米每小时,STN阿特拉斯公司KZO,{'$oid': '5cc93109831b973d657f1238'},1998年,NULL,0.96米,NULL,150千克,平直翼,2.3米
亚音速,http://images.huanqiu.com/sarons/2013/11/8359dbf2c2b49f5ea07a6f54a0577ff7.jpg,成都飞机设计研究所,NULL,NULL,4000千米,1× 活塞发动机，100 马力（74.6 千瓦）,NULL,单发,飞行器,无人机,中国,NULL,NULL,14米,280千米每小时,翼龙无人机,{'$oid': '5cc93109831b973d657f1239'},2007年10月,NULL,2.77米,NULL,1200千克,平直翼,9.34米
亚音速,NULL,NULL,NULL,"
资料暂缺。
",NULL,NULL,NULL,四发,飞行器,无人机,中国,NULL,NULL,NULL,NULL,运-8E,{'$oid': '5cc93109831b973d657f123a'},NULL,NULL,NULL,NULL,NULL,平直翼,NULL
亚音速,NULL,EMT公司,NULL,NULL,80千米,双缸双冲程,NULL,单发,飞行器,无人机,德国,NULL,40千克,4.17米,140千米每小时,月神无人机,{'$oid': '5cc93109831b973d657f123b'},2000年,NULL,NULL,NULL,20千克,平直翼,2.36米
亚音速,NULL,中航工业哈尔滨飞机工业集团有限责任公司与北京航空航天大学联合设计,NULL,NULL,NULL,螺旋桨推进式,NULL,单发,飞行器,无人机,中国,NULL,NULL,NULL,NULL,BZK-005高空大航程无人机,{'$oid': '5cc9310a831b973d657f123c'},NULL,NULL,NULL,NULL,1250千克,后掠翼,NULL
亚音速,NULL,洛克希德马丁,NULL,NULL,1530千米,一台线性气塞式发动机,NULL,单发,飞行器,无人机,美国,NULL,28440千克,22.06米,17690千米每小时,X-33试验机,{'$oid': '5cc9310a831b973d657f123d'},NULL,NULL,5.88米,NULL,131000千克,飞翼,20.29米
亚音速,NULL,瑞士厄利空康特拉夫斯公司,NULL,"
别动队(Ranger)无人机，它是瑞士厄利空康特拉夫斯公司在以色列别动队无人机基础上，根据瑞士的特定要求研制的。它适合于在多山的地区及恶劣环境下昼夜使用。
",100千米,活塞发动机 38马力 ,NULL,单发,飞行器,无人机,瑞士,NULL,270千克,5.7米,220千米每小时,别动队(Ranger)无人机,{'$oid': '5cc9310a831b973d657f123e'},NULL,NULL,0.9米,NULL,275千克,平直翼,4.6米
超音速,http://images.huanqiu.com/sarons/2014/01/e9fad00b8caef8eda25a4983aec51a30.jpg,NULL,NULL,"
X-7试验机是一个冲压发动机和导弹制导技术的无人测试平台。由洛克希德导弹与空间公司研制，主要用来进行高速冲压喷气发动机的研究工作。

其主要型号有 X-7A-1、X-7A-3 和 X-7B。从1951年4月至1960年7月为止，X-7共飞了130次，是世界上第一架采用冲压喷气发动机速度达到 3 马赫的飞行器。
",NULL,一台 X202-C3助推火箭发动机，推力 467千牛，一台冲压发动机,洛克希德公司,单发,飞行器,无人机,美国,1960年,NULL,6.34米,4640千米每小时,X-7试验机,{'$oid': '5cc9310a831b973d657f123f'},1951年4月26日,NULL,2.1米,NULL,3600千克,NULL,9.99米
亚音速,http://images.huanqiu.com/sarons/2014/01/572da1b82385a7b2284774e0d1936332.jpg,NULL,NULL,NULL,180千米,柴油发动机,NULL,单发,飞行器,无人机,德国,NULL,NULL,5米,150千米每小时,TANAN 300无人直升机,{'$oid': '5cc9310a831b973d657f1240'},NULL,NULL,1.2米,NULL,NULL,单旋翼,4.32米
亚音速,http://images.huanqiu.com/sarons/2013/11/4e0eeb2047bce111568301dabb3af829.jpg,美国诺思罗普·格鲁曼公司,NULL,NULL,3889千米,1台普惠F100-220U涡扇发动机,诺斯罗普·格鲁曼公司,单发,飞行器,无人机,美国,NULL,6350千克,18.92米,NULL,X-47B无人机,{'$oid': '5cc9310a831b973d657f1241'},2013年5月14日,NULL,3.1米,2013年7月10日,20215千克,飞翼,11.63米
亚音速,http://images.huanqiu.com/sarons/2014/01/4a20e7334769a5a25f3af9429157946a.jpg,以色列航空工业公司,NULL,NULL,500千米,AR731气冷活塞发动机,NULL,NULL,飞行器,无人机,以色列,NULL,135千克,2.1米,185千米每小时,哈比无人机,{'$oid': '5cc9310b831b973d657f1242'},1995年,NULL,NULL,NULL,NULL,后掠翼,2.7米
亚音速,http://images.huanqiu.com/sarons/2014/01/9b2a3a0cb41f973b7eb60206be8193fb.jpg,泰利斯英国公司,NULL,"
“守望者”无人机系统采用一小、一大两套无人机（被指定为WK180和WK450），它们分别基于以色列埃尔比特公司战术无人机“赫姆斯”180无人机和“赫姆斯”450无人机。无人机发展和生产联合企业将会以埃尔比特公司无人飞机设计能力和泰利斯英国公司探测、识别、光电、图像和信号处理以及系统整合能力为基础。
",200千米,9000 转/每分 52 马力,英国无人机发动机有限公司,单发,飞行器,无人机,英国,NULL,NULL,10.5米,175.94千米每小时,守望者（Watchkeeper）无人机,{'$oid': '5cc9310b831b973d657f1243'},NULL,NULL,NULL,2006年,450千克,平直翼,6.1米
亚音速,http://images.huanqiu.com/sarons/2014/01/72782472353c2b431aa2900ed4495059.jpg,洛克希德·马丁公司,NULL,NULL,NULL,NULL,NULL,单发,飞行器,无人机,美国,NULL,NULL,20米,NULL,RQ-170“哨兵”无人机,{'$oid': '5cc9310b831b973d657f1244'},NULL,NULL,1.8米,NULL,3856千克,飞翼,NULL
亚音速,http://images.huanqiu.com/sarons/2014/01/3d84d5e6f626e98525bc581c81ab5ad6.jpg,美国波音公司和英国Insitu公司联合研制,NULL,"
扫描鹰无人机（ScanEagle）是一种舰载小型无人机，由美国波音公司与英西图公司联合开发。主要用于海上监视与观察、情报搜集、目标搜捕、通信中继等各种战术支援。
",NULL,单缸双冲程发动机，功率2.5马力,NULL,单发,飞行器,无人机,美国,NULL,12千克,3.1米,148千米每小时,扫描鹰（ScanEagle）无人机,{'$oid': '5cc9310b831b973d657f1245'},2001年1月9日,NULL,NULL,NULL,20千克,平直翼,1.2米
亚音速,http://images.huanqiu.com/sarons/2014/01/78caf293f6219d6d02e05df55e1c477e.jpg,以色列飞机工业公司,NULL,NULL,250千米,REL转子发动机,NULL,单发,飞行器,无人机,以色列,NULL,NULL,7.22米,194千米每小时,搜索者侦察机,{'$oid': '5cc9310b831b973d657f1246'},1991年,NULL,1.16米,1992年,372千克,平直翼,5.2米
高超音速,http://images.huanqiu.com/sarons/2014/01/0a4654917d9c166963eafa9696abf38c.jpg,洛克希德·马丁公司,NULL,"
SR-72高超音速无人侦察机主要用于取代上世纪70年代研制的SR-71“黑鸟”高速高空侦察机，其最高飞行速度将达到惊人的马赫数6(也就是声音速度的6倍)，是SR-71高速高空侦察机最大飞行速度的两倍，是目前第四代战斗机最大飞行速度的三倍，甚至其飞行速度比一些常见的导弹还要快，堪称人类制造的“最快飞机”。 

因为其速度优势，高超音速飞行器给目前防空系统的压力极大，一些著名的地空导弹，如美国的“爱国者”、俄罗斯的S-400和中国的红旗-9甚至无法追上这种飞机，从而无法拦截和击落它。
",NULL,超燃冲压发动机,NULL,双发,飞行器,无人机,美国,NULL,NULL,NULL,NULL,SR-72高超音速无人侦察机 ,{'$oid': '5cc9310b831b973d657f1247'},2018年左右,NULL,NULL,2030年左右,NULL,飞翼,NULL
亚音速,NULL,英国阿得拉斯电子系统公司,NULL,"
英国早期装备的轻型无人机主要以自行研制的LUNA近程侦察无人机和加拿大研制的CL289远程侦察无人机为主，但这两类飞行器的功能比较有限。为适应反恐战争新形势，使英国无人机达到国际先进水平，英国军方下决心投入巨大人力和财力加紧研制，ALH无人侦察机就是在这种背景下问世的。
",NULL,NULL,NULL,单发,飞行器,无人机,英国,NULL,NULL,NULL,NULL,ALH无人侦察机,{'$oid': '5cc9310c831b973d657f1248'},NULL,NULL,NULL,2004年,NULL,后掠翼,NULL
亚音速,http://images.huanqiu.com/sarons/2014/01/cf280d7480e1753de3c3ad51f9984248.jpg,通用原子技术公司,2人,NULL,NULL,Honeywell TP331-10T 涡轮螺旋桨发动机,NULL,单发,飞行器,无人机,美国,NULL,2223千克,20米,313千米每小时,MQ-9无人机,{'$oid': '5cc9310c831b973d657f1249'},2001年,NULL,3.8米,2002年,4760千克,平直翼,11米
亚音速,NULL,美国海军研究实验室,NULL,"
美国海军研究实验室(NRL)开发的一种名为“西卡德”(CICADA，close-in covert autonomous disposable aircraft/“近距、隐蔽、自主、一次性使用的航空器”)的新概念微型无人机(UAV)。

“西卡德”可大批量部署，用来进行电子情报搜集，为前进中的部队预先构建战场通信网络。美海军将其形容为“可飞行的印制计算机集成电路板”。
",NULL,NULL,NULL,单发,飞行器,无人机,美国,NULL,30千克,0.21米,92.5千米每小时,西卡德新概念微型无人机,{'$oid': '5cc9310c831b973d657f124a'},NULL,NULL,NULL,NULL,NULL,平直翼,NULL
亚音速,http://images.huanqiu.com/sarons/2014/01/fcf342f9b4a7e88186d61b7ffcd8465b.jpg,NULL,NULL,"
""微星""（MicroSTAR）是桑德斯公司根据1998年4月与美国防预先研究计划局签订的合同，而研制的一种固定翼型无人机。

""视景""（Vision）VV5404传感器要求提供质量足以识别一班人大小目标的图像。它将通过哈里斯公司的PRISM无线电通信链路把信息传送到由两块个人计算机卡构成的地面控制板。
",5千米,NULL,美国桑德斯公司,单发,飞行器,无人机,美国,NULL,0.007千克,0.15米,55.6千米每小时,微星（MicroSTAR）无人机,{'$oid': '5cc9310c831b973d657f124b'},NULL,NULL,NULL,NULL,0.085千克,后掠翼,NULL
亚音速,http://images.huanqiu.com/sarons/2014/01/94051e5dbfdcd5b2fb9a336ce75151f4.jpg,NULL,NULL,"
美国海军陆战队的“龙眼”(Dragon Eye)无人机是一种小型侦察无人机系统，这种小型无人机为营连级指挥官提供实时侦察信息，同时减少了派出人员进行侦察可能遇到的风险。

美国海军陆战队首次使用""龙眼""无人机是在2001年的阿富汗""持久自由行动""中，随后在2003年的""伊拉克自由行动""中广泛使用。
",NULL,NULL,航宇环境公司,单发,飞行器,无人机,美国,NULL,2.27千克,1.14米,NULL,龙眼(Dragon Eye)无人机,{'$oid': '5cc9310d831b973d657f124c'},NULL,NULL,NULL,NULL,2.49千克,平直翼,0.91米
亚音速,http://images.huanqiu.com/sarons/2014/01/232d17cbbcfd6ca78ae3fd73a063378f.jpg,NULL,NULL,RQ-11是用手发射的小型无人机，为营及以下部队提供支援。2003年首次飞行，随后进入美国特种作战部队司令部服役。2004年美国陆军将它作为标准的短距无人机系统使用，到2007年年中共有2469架飞行器（包括老式的RQ-11A）在使用。2007年1月，美国陆军宣布将使用中的型别作为其“未来战斗系统”Ⅱ级无人机。,10千米,Aveox 27/26/7简易电动马达,NULL,单发,飞行器,无人机,美国,NULL,1.9千克,1.4米,81.5千米每小时,RQ-11渡鸭无人机,{'$oid': '5cc9310d831b973d657f124d'},2003年,NULL,NULL,NULL,NULL,平直翼,0.9米
亚音速,http://images.huanqiu.com/sarons/2014/01/309eb13c75bc96a3dc549de31ba692a7.jpg,中科院,NULL,"
锐鸢无人机是“中翔二号”无人机(UAV)的量产名称，为中科院以翔鹰计划代号为名，自主研发的无人飞机，是一款全天候、长滞空时间、多用途、战术型无人飞机系统。此系统具有全球定位导航、自动飞行控制、电子反干扰、即时影像传输等功能。目前以本岛地面部署，进行战场侦察、不对称作战与提供天然灾害救灾资讯为主。
",600千米,NULL,NULL,单发,飞行器,无人机,中国,NULL,453千克,7.6米,180千米每小时,锐鸢无人机,{'$oid': '5cc9310d831b973d657f124e'},NULL,NULL,1.8米,NULL,450千克,平直翼,5.7米
超音速,NULL,洛克希德公司,NULL,"
D-21无人侦察机（Lockheed D-21）是美国空军所使用的一款三倍音速长程战略侦察机，取代原先的A-12侦察机。D-21无人侦察机从1962年10月开始研发，原本称为洛克希德Q-12设计案。
",5550千米,RJ43-MA-20S4冲压发动机,NULL,双发,飞行器,无人机,美国,1971年,NULL,5.79米,3560千米每小时,D-21侦察机,{'$oid': '5cc9310d831b973d657f124f'},1964年,NULL,2.14米,1969年,5000千克,三角面,12.8米
亚音速,http://images.huanqiu.com/sarons/2014/01/e56d0f5486fdc1fa6a4678a4623aa3be.jpg,波音公司,NULL,"A160T是原由Frontier Systems设计的""蜂鸟""无人旋翼机(波音于2004年购入)的采用涡轮发动机的改型，该机于6月完成首飞。其能执行持久情报、监视和侦察，以及目标捕获、定向引导、通信中继和精确补给等任务。",9150千米,一台普惠加拿大PW207  发动机,NULL,单发,飞行器,无人机,美国,NULL,1134千克,NULL,258千米每小时,A160T“蜂鸟”无人直升机,{'$oid': '5cc9310d831b973d657f1250'},2002年,10.973米,NULL,NULL,NULL,单旋翼,10.7米
亚音速,http://images.huanqiu.com/sarons/2014/01/5064bc823666785867745091ebee8746.jpg,诺思罗普-格鲁曼公司,NULL,"
RQ-180无人机，是位于美国51区的一款秘密无人隐形侦察机，由诺思罗普-格鲁曼公司研发制造。RQ-180无人机与X-47B无人机外形相似，尤其是无尾翼和“蝙蝠式机翼”的外形设计。RQ-180无人机的设计用于在争议地区空域进行侦察探测，与已退役的SR-71“黑鸟”高速战略侦察机作用类似，这款无人机可能用于对朝鲜、伊朗或中国进行侦察。同时，它也有能力进行电子战，它的大小和续航时间与全球鹰无人机相似，能连续飞行24小时到距离基地1200海里（约合2200公里）远的地方。
",2200千米,2台GE公司的CF-34中等涵道比涡扇发动机,诺思罗普-格鲁曼公司,单发,飞行器,无人机,美国,NULL,14630千克,40米,NULL,RQ-180无人隐形侦察机,{'$oid': '5cc9310d831b973d657f1251'},NULL,NULL,NULL,NULL,14641千克,飞翼,NULL
亚音速,NULL,NULL,NULL,NULL,NULL,一台11.2千瓦(15马力)带远程启动的Minarelli两冲程引擎,希伯尔电子有限公司,单发,飞行器,无人机,奥地利,NULL,43千克,NULL,NULL,Comcopter5.1近程直升机,{'$oid': '5cc9310d831b973d657f1252'},NULL,3.09米,0.8米,NULL,68千克,单旋翼,2.68米
亚音速,http://images.huanqiu.com/sarons/2014/01/db4d7b22df2b39f671620e97cea37e23.jpg,NULL,NULL,"
1985年美国取得它的生产权之后立即普及到陆、海军和陆战队中，“先锋”无人机为美海军及海军陆战队使用的无人空中侦察系统。

主要用于侦察、目标搜索和战损评估等；海军“先锋”则使用舰载发射架，主要观测弹着点。美军在海湾战争中共出动“先锋”共183个架次，合计飞行时间1083.1小时。
",185千米,汽油活塞发动机,NULL,单发,飞行器,无人机,美国,NULL,205千克,5.2米,120千米每小时,先锋RQ-2无人机,{'$oid': '5cc9310e831b973d657f1253'},NULL,NULL,1米,NULL,NULL,平直翼,4.27米
亚音速,NULL,赖安航空公司,NULL,"
BQM-34火蜂无人机是美国特里达因·瑞安飞机公司研制的一种装涡轮喷气发动机、可回收并重复使用的无人驾驶靶机，也是世界上生产数量最多的无人机之一。

1960年1月“火蜂”进行了首次生产型的飞行。它共生产7400架,包括早期的 Q-2/KDA型号。它是在世界上最广为人知的无人机,同时也是广大中国人最熟识的美国无人机。

主要任务是用于鉴定各种空对空和地对空武器系统，并用以训练战斗机驾驶员和防空部队等。它的有些改型还能执行侦察、电子战、飞行试验、携带炸弹或导弹进行对地攻击等任务。
",1282千米,一台J-69-41A涡喷发动机,NULL,单发,飞行器,无人机,美国,NULL,680千克,3.9米,1176千米每小时,BQM-34火蜂无人机,{'$oid': '5cc9310e831b973d657f1254'},1960年1月,NULL,2.1米,NULL,1135千克,后掠翼,7米
亚音速,http://images.huanqiu.com/sarons/2014/01/e2bfb15dc5d185ead316e23f468deaaa.jpg,科达拉(Codarra)高级系统公司,NULL,NULL,25千米,电机(镍/镉电池)  双叶推进螺旋桨,科达拉(Codarra)高级系统公司,单发,飞行器,无人机,澳大利亚,NULL,NULL,2.5米,50千米每小时,天神无人机,{'$oid': '5cc9310e831b973d657f1255'},NULL,NULL,NULL,NULL,3.5千克,平直翼,NULL
亚音速,NULL,NULL,NULL,NULL,NULL,一个小型单缸活塞式引擎 双叶片螺旋桨,中国西安(ASN)技术集团,单发,飞行器,无人机,中国,NULL,NULL,3米,90千米每小时,ASN-1轻型无人机,{'$oid': '5cc9310e831b973d657f1256'},NULL,NULL,NULL,NULL,NULL,单旋翼,1.8米
