大类,类型,名称,炮管长度,最大射程,_id,图片,产国,研发单位,编辑评分,全长,型号,炮口初速,简介,口径,研发时间,总重
火炮,自行火炮,PLZ89式122毫米自行榴弹炮,3660毫米,22000米,{'$oid': '5cc93352831b973d657f208c'},NULL,中国,NULL,NULL,NULL,NULL,NULL,NULL,122毫米,20世纪80年代末,20000千克
火炮,自行火炮,W90式203毫米自行榴弹炮,9135毫米,40000米,{'$oid': '5cc93353831b973d657f208d'},NULL,中国,北方工业公司,NULL,NULL,NULL,933米/秒,NULL,203毫米,1985年,16396千克
火炮,自行火炮,2S3式加榴炮,635毫米,18500米,{'$oid': '5cc93353831b973d657f208e'},http://images.huanqiu.com/sarons/2014/03/12d7a5cce1116518651a9c6f1fc41c34.jpg,苏/俄,NULL,(4.8分),NULL,榴弹,670米/秒,"
2S3式加榴炮是前苏联于20世纪60年代末研制的一种152mm自行加榴炮。装有炮口制退器和抽烟装置，由机械装填机装填弹药，车体封闭，三防能力强，可空运。
",152毫米,20世纪60年代末,27500千克
火炮,自行火炮,105毫米6X6轮式装甲突击炮,NULL,5000米,{'$oid': '5cc93353831b973d657f208f'},NULL,中国,NULL,NULL,NULL,12.7毫米枪弹,NULL,NULL,105毫米,NULL,18000千克
火炮,自行火炮,PGZ-88式双管37毫米自行高炮,NULL,8500米,{'$oid': '5cc93353831b973d657f2090'},http://images.huanqiu.com/sarons/2013/11/15acd144e90e96189143c106d7854c2d.jpg,中国,NULL,NULL,NULL,杀伤爆破榴弹,1000米/秒,NULL,37毫米,NULL,35000千克
火炮,自行火炮,“飞虎”30毫米自行高炮 ,NULL,3000米,{'$oid': '5cc93353831b973d657f2091'},http://images.huanqiu.com/sarons/2013/11/d57e1b40e103bb67d4a96137e3b8df08.jpg,韩国,韩国大宇重工(现属于斗山集团),NULL,NULL,NULL,NULL,"
“飞虎”（Flying Tiger；Biho）双管30毫米自行高炮是韩国自行研制的自行防空火炮。主要担负韩陆军低空防御任务。
",30毫米,1983年,25000千克
火炮,自行火炮,PLZ45式155毫米自行加榴炮,6200毫米,24000米,{'$oid': '5cc93353831b973d657f2092'},NULL,中国,哈尔滨第一机械厂,NULL,NULL,NULL,NULL,NULL,155毫米,20世纪80年代,32000千克
火炮,自行火炮,中国59式100毫米高射炮,5350毫米,21000米,{'$oid': '5cc93354831b973d657f2093'},NULL,中国,NULL,NULL,NULL,NULL,900米/秒,"
59式100毫米高射炮，系苏联KC-19M2式100毫米高射炮的仿制改进产品。用于对付高度在12000米以下的空中目标，也可对地面和水上目标进行射击。
",100毫米,1958年,9550千克
火炮,自行火炮,PLL05式120毫米自行迫榴炮,5400毫米,9500米,{'$oid': '5cc93354831b973d657f2094'},NULL,中国,北方工业公司,NULL,NULL,高爆榴弹,NULL,NULL,120毫米,NULL,16500千克
火炮,自行火炮,59-1式130毫米自行加农炮,NULL,38000米,{'$oid': '5cc93354831b973d657f2095'},NULL,中国,NULL,NULL,NULL,NULL,930米/秒,"
59-1式130毫米自行加农炮是在59-1式130毫米加农炮的炮架前加装辅助推进装置组成，主要供外贸出口用。该辅助推进装置主要由一个中等功率的发动机和液压传动系统组成。具有传动效率高、重量轻、体积小、运转可靠、操作维修方便、适用于多种重型火炮等特点。
",130毫米,1970年,1800千克
火炮,自行火炮,83式152毫米自行加榴炮,NULL,17200米,{'$oid': '5cc93354831b973d657f2096'},NULL,中国,中国北方工业总公司,NULL,NULL,分装式杀伤爆破榴弹,655米/秒,这种自行加榴炮由火炮、炮塔和履带式底盘组成。火炮通过耳轴安装在炮塔上，炮塔则通过座圈与车体相连接。其主要用途是：以不间断的火力支援摩托化步兵和装甲兵的战斗行动；压制和歼灭敌有生力量及火器，破坏敌野战防御工事；与敌炮兵、坦克和装甲车辆作战。,152.4毫米,1981年,29500千克
火炮,自行火炮,PTZ89式120毫米自行反坦克炮,NULL,5000米,{'$oid': '5cc93354831b973d657f2097'},NULL,中国,NULL,NULL,8.6毫米,NULL,1740米/秒,NULL,120毫米,NULL,30000千克
火炮,自行火炮,PLZ式05自行榴弹炮,8370毫米,50000米,{'$oid': '5cc93354831b973d657f2098'},http://images.huanqiu.com/sarons/2013/11/66539f79f492a36fc7994caeb0995104.jpg,中国,NULL,NULL,NULL,底凹榴弹 ,930米/秒,NULL,155毫米,1996年,45000千克
火炮,自行火炮,80式57毫米自行高炮,NULL,6000米,{'$oid': '5cc93355831b973d657f2099'},NULL,中国,NULL,NULL,8408毫米,NULL,NULL,NULL,57毫米,NULL,30000千克
火炮,自行火炮,BHIM式榴弹炮,NULL,520000米,{'$oid': '5cc93355831b973d657f209a'},http://images.huanqiu.com/sarons/2013/11/daeda4ef0cd1292bbbf1cb049eaf6097.jpg,印度,印度国营地面车辆(Bharat Earth Movers)公司,NULL,NULL,NULL,NULL,NULL,155毫米,1999年,54000千克
火炮,自行火炮,105毫米8×8轮式自行突击炮,NULL,5000米,{'$oid': '5cc93355831b973d657f209b'},NULL,中国,NULL,NULL,NULL,12.7毫米枪弹,NULL,NULL,105毫米,NULL,20000千克
火炮,自行火炮,法国AMX13式高射炮,NULL,10200米,{'$oid': '5cc93355831b973d657f209c'},http://images.huanqiu.com/sarons/2013/11/69780bb7dbfe93e09a6e3e4efbc46177.jpg,法国,NULL,NULL,NULL,穿甲弹,NULL,NULL,30毫米,NULL,15200千克
火炮,自行火炮,75式榴弹炮,NULL,18500米,{'$oid': '5cc93355831b973d657f209d'},NULL,日本,日本制钢公司和三菱重工,NULL,7.79毫米,NULL,720米/秒,NULL,155毫米,1969年,25300千克
火炮,自行火炮,“阿伯特”榴弹炮,NULL,17000米,{'$oid': '5cc93356831b973d657f209e'},NULL,英国,NULL,NULL,5709毫米,NULL,NULL,"
“阿伯特”榴弹炮是英国于1967年装备的一种105mm自行榴弹炮。该型榴弹炮战斗全重16570kg，发射榴弹时最大射程17km，最大射速12发/min。最大时速47.5km/h，最大公路行程389.3km。
",105毫米,1967年,16570千克
火炮,自行火炮,96式迫击炮,NULL,8100米,{'$oid': '5cc93356831b973d657f209f'},http://images.huanqiu.com/sarons/2013/11/b8d91e749c1cd338da0c55b5547c4e98.jpg,日本,日立制作所,NULL,6.7毫米,NULL,NULL,NULL,120毫米,1993年,23500千克
火炮,自行火炮,74式榴弹炮,NULL,11200米,{'$oid': '5cc93356831b973d657f20a0'},http://images.huanqiu.com/sarons/2013/11/40632d77cfab07fbb5d0c8a8c3871eb3.jpg,日本,小松制作所,NULL,5900毫米,NULL,NULL,NULL,105毫米,1964年,16500千克
火炮,自行火炮,GCT式榴弹炮 ,NULL,18000米,{'$oid': '5cc93356831b973d657f20a1'},http://images.huanqiu.com/sarons/2013/11/acb84589b7a3d04929cc002bebacd622.jpg,法国,NULL,NULL,NULL,榴弹,NULL,"
GCT式榴弹炮是法国于1969年开始研制的一种155mm自行榴弹炮。该型榴弹炮由炮身、摇架、反后坐装置、自动装弹系统、火控系统和车体等部分组成，具有射程远、机动性强的特点，具备三防能力，弱点是结构复杂，使用维护困难。
",155毫米,1969年,43500千克
火炮,自行火炮,83式自行火炮,NULL,21500米,{'$oid': '5cc93356831b973d657f20a2'},http://images.huanqiu.com/sarons/2013/11/e61d15dda27fb36366b0871d0093657c.jpg,中国,674厂,NULL,7.33毫米,杀伤爆破榴弹,NULL,"
83式自行火炮是中国人民解放军装备的第一款大口径自行火炮，由于采用的火炮技术已经落伍，其生产并未持续太长时间，之后不久便推出了更新型的88式自行火炮。
",152毫米,1970年,30000千克
火炮,自行火炮,“帕尔玛利亚”榴弹炮,NULL,30000米,{'$oid': '5cc93357831b973d657f20a3'},NULL,意大利,意大利奥托梅莱拉公司,NULL,NULL,NULL,817米/秒,NULL,155毫米,1977年,46000千克
火炮,自行火炮,M44式榴弹炮,NULL,14600米,{'$oid': '5cc93357831b973d657f20a4'},http://images.huanqiu.com/sarons/2013/11/4d139d3859598677384068dc25720360.jpg,美国,NULL,NULL,NULL,照明弹,563.9米/秒,"
M44式榴弹炮是美国于1953年研制定型的一种155mm自行榴弹炮。战斗全重28350kg，发射榴弹时最大初速563.9m/s，最大射程14.6km，可发射榴弹、照明弹、发烟弹和化学弹等多种常规弹药。最大时速56.3kg/h，最大行程122km。
",155毫米,1953年,28350千克
火炮,自行火炮,120毫米8×8轮式自行反坦克炮 ,NULL,9000米,{'$oid': '5cc93357831b973d657f20a5'},http://images.huanqiu.com/sarons/2014/01/0109c72e473048936624912c36b01075.jpg,中国,NULL,NULL,NULL,12.7毫米车载机枪,960米/秒,NULL,120毫米,NULL,22000千克
火炮,自行火炮,“猎豹”高射炮,NULL,12.8米,{'$oid': '5cc93357831b973d657f20a6'},NULL,德国,NULL,NULL,NULL,曳光脱壳穿甲弹,1175米/秒,NULL,NULL,1966年,46300千克
火炮,自行火炮,G6式加榴炮,NULL,30800米,{'$oid': '5cc93357831b973d657f20a7'},NULL,南非,NULL,NULL,NULL,发烟弹,897米/秒,"
G6式榴弹炮是南非于1988年研制定型的一种155mm自行加榴炮。该型加榴炮采用自紧身管，身管长45倍口径，装有抽烟装置、炮口有蘑菇形制退器，炮塔可全方位旋转。装备有电子初速测定仪、激光测距机、炮口基准装置、半自动装填系统和先进的射击控制系统等。
",155毫米,1988年,46000千克
火炮,自行火炮,M52式榴弹炮,NULL,11270米,{'$oid': '5cc93358831b973d657f20a8'},NULL,美国,NULL,NULL,NULL,火箭增程弹,472.4米/秒,NULL,105毫米,1955年,24040千克
火炮,自行火炮,ZSU-23-4式23毫米高炮,NULL,7000米,{'$oid': '5cc93358831b973d657f20a9'},http://images.huanqiu.com/sarons/2013/11/0eae676ec377e73c34d35068a76f3758.jpg,苏/俄,图拉仪表设计局,NULL,6540毫米,杀伤爆破燃烧弹,970米/秒,NULL,23毫米,1955年,19000千克
火炮,自行火炮,英国“神枪手”高射炮,NULL,4000米,{'$oid': '5cc93358831b973d657f20aa'},NULL,英国,英国BAE公司,NULL,NULL,NULL,1175米/秒,NULL,35毫米,1983年,NULL
火炮,自行火炮,“约克中士”高射炮,NULL,12500米,{'$oid': '5cc93358831b973d657f20ab'},NULL,美国,美国福特宇航公司,NULL,7.76毫米,NULL,1060米/秒,NULL,40毫米,1974年,54000千克
火炮,自行火炮,2S19式加农炮,NULL,30000米,{'$oid': '5cc93358831b973d657f20ac'},NULL,苏/俄,NULL,NULL,NULL,NULL,810米/秒,"
2S19式加农炮是前苏联研制的一种152mm自行加农炮。该型加农炮采用2A65式152mm榴弹炮身管和T-80坦克底盘构成，采用全自动装填装置，还装备有射击诸元显示器。
",152毫米,1989年,42500千克
火炮,自行火炮,95式25毫米自行高炮,NULL,4000米,{'$oid': '5cc93358831b973d657f20ad'},NULL,中国,NULL,NULL,67100毫米,NULL,1050米/秒,NULL,25毫米,20世纪80年代末,22500千克
火炮,自行火炮,“野猫”高射炮,NULL,6.5米,{'$oid': '5cc93358831b973d657f20ae'},NULL,德国,NULL,NULL,NULL,NULL,1040米/秒,"
“野猫”系统是联邦德国新研制成功的一种轮式自行高射炮，已准备投产，主要用于对外出口，供那些无力采购“猎豹”35毫米双管自行高射炮的国家使用。
",NULL,NULL,18500千克
火炮,自行火炮,意大利“奥托”高射炮,NULL,NULL,{'$oid': '5cc93359831b973d657f20af'},NULL,意大利,意大利奥托.梅拉拉公司,NULL,NULL,榴弹,900米/秒,"
意大利奥托.梅拉拉公司在76/72快速舰炮基础上研制的口径大、射程远的高射炮，以对付武装直升机、低空飞机及地面轻装甲目标。
",76毫米,NULL,46600千克
火炮,自行火炮,SP-70式榴弹炮,NULL,NULL,{'$oid': '5cc93359831b973d657f20b0'},NULL,德国,NULL,NULL,NULL,NULL,NULL,NULL,大口径炮,NULL,NULL
火炮,自行火炮,研2S1式“石竹”榴弹炮,NULL,15200米,{'$oid': '5cc93359831b973d657f20b1'},NULL,苏/俄,NULL,NULL,7300毫米,榴弹,690米/秒,NULL,122毫米,NULL,16000千克
火炮,自行火炮, PzH2000自行榴弹炮,NULL,40000米,{'$oid': '5cc93359831b973d657f20b2'},http://images.huanqiu.com/sarons/2013/11/55e73c3c64af1e36d48d5d8b3cd0a291.jpg,德国,NULL,NULL,NULL,杀伤爆破榴弹,NULL,NULL,155毫米,1990年,55800千克
火炮,自行火炮,克罗地亚“勇士”-30高炮,NULL,NULL,{'$oid': '5cc93359831b973d657f20b3'},NULL,克罗地亚,NULL,NULL,NULL,NULL,NULL,NULL,12.4毫米,NULL,NULL
火炮,自行火炮,2S5式152毫米自行加榴炮,7800毫米,28500米,{'$oid': '5cc9335a831b973d657f20b4'},http://images.huanqiu.com/sarons/2013/11/2c1abca8f3e8bf523682074347a13d38.jpg,苏/俄,NULL,NULL,NULL,NULL,NULL,NULL,中口径炮,NULL,NULL
火炮,自行火炮,M109自行榴弹炮,NULL,23500米,{'$oid': '5cc9335a831b973d657f20b5'},http://images.huanqiu.com/sarons/2013/11/5776633a8d487c06294bf409c14e7cd9.jpg,美国,NULL,NULL,NULL,NULL,NULL,"
作为美军和北约的主力自行榴弹炮，M109可以用飞机空运。在其服役的60～90年代，M109一直进行着改进，使其始终保持着先进的水平。尤其是其最新的 M109A6“游侠”(Paladin)，由于对火控系统进行了很大的改进，是美军电子化作战的标准火炮配备,是重型机械化部队主要的火力支援武器。此次地面进攻，美军地面部队就是在M109A6的齐射中冲向了伊军阵地。
",156毫米,NULL,NULL
火炮,自行火炮,休斯34型 机炮吊舱,NULL,NULL,{'$oid': '5cc9335a831b973d657f20b6'},NULL,美国,美国休斯直升机公司,NULL,5460毫米,炮弹重890/670克，备弹量750发,NULL,NULL,小口径炮,NULL,475千克
火炮,自行火炮,AS-90自行榴弹炮,NULL,NULL,{'$oid': '5cc9335a831b973d657f20b7'},http://images.huanqiu.com/sarons/2013/11/42d5546041d3c216a83f9953628ab1dd.jpg,英国,英国维克斯造船与工程公司,NULL,9.07毫米,NULL,NULL,NULL,155毫米,1981年,NULL
火炮,自行火炮,M109L47式榴弹炮,NULL,NULL,{'$oid': '5cc9335a831b973d657f20b8'},http://images.huanqiu.com/sarons/2013/11/1f0d81799e65f1c61ac50c7093b08d9a.jpg,南非,NULL,NULL,NULL,NULL,NULL,NULL,155毫米,NULL,27000千克
火炮,自行火炮,MOBAT式榴弹炮,NULL,20000米,{'$oid': '5cc9335b831b973d657f20b9'},NULL,荷兰,RDM技术公司,NULL,NULL,NULL,NULL,NULL,105毫米,NULL,NULL
火炮,自行火炮,M109A6 Paladin“游侠”自行火炮,NULL,23500米,{'$oid': '5cc9335b831b973d657f20ba'},http://images.huanqiu.com/sarons/2013/11/d1e8a1364cea9b7dd7b09e3654d9f688.jpg,美国,NULL,NULL,NULL,NULL,NULL,"
M109是一种美制155毫米口径自行火炮，于1963年开始进入美国陆军服役，提供师和旅级部队所需的非直射火力支援。从1963年量产至今，生产总数已超过7,000辆以上，使用国超过30个，可说是1970至1990年代西方国家的标准自行火炮。

在XM2001十字军（Crusader）自行火炮发展计划被取消后，M109A6帕拉丁自行火炮对美国陆军将更显重要。
",NULL,NULL,28700千克
火炮,自行火炮,美国“火神”高射炮 ,NULL,1200米,{'$oid': '5cc9335b831b973d657f20bb'},http://images.huanqiu.com/sarons/2013/11/fa2c23c20801918bee40d4334d6cf64f.jpg,美国,NULL,NULL,NULL,曳光榴弹,NULL,NULL,20毫米,NULL,1565千克
火炮,自行火炮,AS90式榴弹炮,NULL,30000米,{'$oid': '5cc9335b831b973d657f20bc'},http://images.huanqiu.com/sarons/2013/11/3196905c285d7774a9dcfae9ef07edd9.jpg,英国,英国维克斯造船和工程公司（现为BAE系统公司）,NULL,NULL,北约155毫米制式弹药,NULL,"
英国AS-90自行榴弹炮是为了替换“阿伯特”105毫米榴弹炮和老式的 M109 自行火炮。由英国政府招标，最终英国维克斯造船和工程公司（现为BAE系统公司）的AS90中标。1992年首次装备部队。英国陆军计划采购241辆。AS90的炮塔采用了维克斯造船和工程公司GBT155通用炮塔的改进型。改进后的榴弹炮远距离射击精度高，机动性好，具有爆发射击能力。
",155毫米,20世纪80年代,NULL
火炮,自行火炮,TDA 2R2M式120毫米自行迫击炮,NULL,13000米,{'$oid': '5cc9335b831b973d657f20bd'},NULL,法国,NULL,NULL,NULL,NULL,NULL,NULL,120毫米,NULL,NULL
火炮,自行火炮,“厄利肯护卫者”高射炮,NULL,4000米,{'$oid': '5cc9335b831b973d657f20be'},http://images.huanqiu.com/sarons/2013/11/de3e80781bfd46d30364b8f324abea4e.jpg,瑞士,NULL,NULL,NULL,NULL,NULL,NULL,35毫米,NULL,24000千克
火炮,自行火炮,芬兰AMOS自行迫击炮,3000毫米,NULL,{'$oid': '5cc9335b831b973d657f20bf'},http://images.huanqiu.com/sarons/2013/11/a30abd7c5bf15ba9c0b6dde3624056d4.jpg,芬兰,帕特里亚武器系统公司和瑞典的赫格隆公司,NULL,NULL,120mm红外烟幕弹,480米/秒,"
AMOS是Advanced Mortar System（先进迫击炮系统）的英文缩写。实际上，它是一套包括2门120mm追击炮和炮塔在内的模块化组件，适于装载在多种武器平台上。将大口径迫击炮装在移动底盘上，克服了传统的迫击炮撤出阵地慢、射速低等缺点，使之如虎添翼。
",120毫米,20世纪90年代中期,4.4千克
火炮,自行火炮,M110A1式榴弹炮,8240毫米,21300米,{'$oid': '5cc9335c831b973d657f20c0'},NULL,美国,NULL,NULL,NULL,榴弹、核炮弹、火箭增程弹、子母弹、化学弹、 M106 式榴弹 ,711米/秒,"
M110自行火炮（M110 203mm self-propelled gun）是美国生产的履带式自行火炮系列之一，也是美国制造的自行火炮中装载火炮口径最大的一款。

M110A1于1976年开始服役，由M107改装而成。搭载新制作的37倍径203毫米M201式榴弹炮以及新型装药，射程以及运用弹性大幅度提升，除了武装变更以外车体也进行了部份设计更动以提升可靠性。
",203毫米,NULL,NULL
火炮,自行火炮,87式高射炮,NULL,12800米,{'$oid': '5cc9335c831b973d657f20c1'},NULL,日本,NULL,NULL,NULL,NULL,1175米/秒,"
87式高射炮是日本于1965年开始研制的一种35mm双联装自行高射炮。
",小口径炮,1965年,NULL
火炮,自行火炮,“奥托”高射炮,NULL,16000米,{'$oid': '5cc9335c831b973d657f20c2'},NULL,意大利,NULL,NULL,NULL,NULL,900米/秒,"
该型高射炮由76机关炮、炮塔、火控系统和OF40主战坦克底盘等组成。炮塔靠电液压驱动，并配有稳定装置，具有三防能力。
",76毫米,20世纪70年代末,46600千克
火炮,自行火炮,“阿伯特”榴弹炮,NULL,17000米,{'$oid': '5cc9335c831b973d657f20c3'},NULL,英国,NULL,NULL,NULL,NULL,NULL,"
该炮1958年开始研制，1961年制成首批12门样炮。1966年部队使用。试验后定型为阿伯特105毫米自行榴弹炮。于1967年装备的一种105毫米自行榴弹炮。这种榴弹炮主要装备印度陆军(68门)，用于遂行直接火力支援任务，也可用于攻击装甲目标。
",105毫米,1958年,16570千克
火炮,自行火炮,卡尔600毫米自行迫击炮,5000毫米,1000米,{'$oid': '5cc9335c831b973d657f20c4'},http://images.huanqiu.com/sarons/2013/11/6623283b9facf843eb73fc690d6fa884.jpg,德国,德国莱茵金属公司,NULL,11150毫米,重磅炮弹,NULL,"
卡尔600mm自行迫击炮，不是重型坦克，赛过重型坦克，有人称他为超级战车。1934年希特勒上台伊始，便积极扩军备战，为发动侵略战争做准备。为了能攻陷马奇诺防线一类坚固设防工事，希特勒对一些重型兵器青睐有加，重型迫击炮便是其中的秘密武器之一。
",600毫米,1935年,124千克
火炮,自行火炮,前苏联2C9“九度音”-C迫击炮,NULL,7100米,{'$oid': '5cc9335c831b973d657f20c5'},NULL,苏/俄,NULL,NULL,NULL,NULL,NULL,"
2C9“九度音”-C迫击炮是前苏联研制的一种120mm自行迫击炮。
",120毫米,NULL,8500千克
火炮,自行火炮,M109A3式榴弹炮,6045毫米,18100米,{'$oid': '5cc9335d831b973d657f20c6'},NULL,美国,NULL,NULL,NULL,榴弹、火箭增程弹、核炮弹、激光制导炮弹、子母弹、布雷弹、化学弹、发烟弹、照明弹,684米/秒,"
M109A3式榴弹炮主要改进了送弹器、反后坐装置和炮手安全装置。采用M109A2式榴弹炮的改进技术将M109A1式榴弹炮改装而成。
",155毫米,NULL,NULL
火炮,自行火炮,“大宇”高射炮,NULL,3000米,{'$oid': '5cc9335d831b973d657f20c7'},NULL,韩国,NULL,NULL,NULL,NULL,NULL,"
“大宇”高射炮是韩国研制的一种30mm双联装自行高射炮。
",30毫米,NULL,25000千克
火炮,自行火炮,87式100毫米6X6轮式自行反坦克炮,NULL,NULL,{'$oid': '5cc9335d831b973d657f20c8'},NULL,中国,NULL,NULL,NULL,NULL,NULL,该型号是我国对轮式装甲突击炮最早的尝试，资料称作87式100毫米6X6轮式自行反坦克炮，该炮在WZ551底盘上面安装一门86式100毫米滑膛反坦克炮及装甲炮塔，是我国第一代轮式装甲突击炮。底盘没有作大的改动，因为重量的增加，机动性相比WZ551系列有所下降，防护能力也不足。,100毫米,NULL,NULL
火炮,自行火炮,89型122毫米自行榴弹炮 ,NULL,500000米,{'$oid': '5cc9335d831b973d657f20c9'},http://images.huanqiu.com/sarons/2013/11/da09f7a9786aa53618e33e686a34fa07.jpg,中国,NULL,NULL,3660毫米,杀伤爆破底凹榴弹,NULL,"
PLZ89式122毫米自行榴弹炮是我国自主研制的新一代自行火炮，装备陆军部队和海军陆战队。由炮塔和履带式底盘组成，战斗全重20吨，乘员5人。其战斗部分由火炮和炮塔组成，采用发动机前置式，发动机室在炮车的右前方，驾驶室在左前方，炮车的中、后部是战斗室。
",122毫米,20世纪60年代后期,20000千克
火炮,自行火炮,155毫米“雷声”2型自行榴弹炮,NULL,450000米,{'$oid': '5cc9335d831b973d657f20ca'},NULL,伊朗,伊朗防务工业机构装甲武器分公司,NULL,NULL,NULL,NULL,"
“雷声”2型自行榴弹炮也由伊朗防务工业机构装甲武器分公司研制并生产，其布局与“雷声”1型基本相同。2001年伊朗公布对外公布了“雷声-2”型自行榴弹炮，照片显示该车的外形和总体布置与美国的M109A1自行榴弹炮非常相似。
",155毫米,NULL,36000千克
火炮,自行火炮,240毫米自行迫击炮M1975,NULL,9650米,{'$oid': '5cc9335e831b973d657f20cb'},NULL,苏/俄,乌拉尔运输与机械工业,NULL,8.5毫米,高爆破片炮弹,NULL,"
240毫米自行迫击炮M1975是俄罗斯2S4式“郁金香”240毫米自行迫击炮是苏联设计制造的一种自走迫击炮。是历史上出现的口径最大、重量最重的自行迫击炮。于1975年首次发现已配属苏联陆军服役，故北约给予M-1975之代号（苏联型号为SM-240，缩写为2S4）。
",240毫米,1970年,27500千克
火炮,自行火炮,M107型175毫米自行火炮,4640毫米,32800米,{'$oid': '5cc9335e831b973d657f20cc'},http://images.huanqiu.com/sarons/2014/01/83dc2f1a6e6c2352eb534648fedf87cf.jpg,美国,NULL,NULL,11300毫米,175毫米M113/M113A1主炮,NULL,NULL,175毫米,NULL,283000千克
火炮,自行火炮,“章鱼”反坦克炮,NULL,12200米,{'$oid': '5cc9335e831b973d657f20cd'},NULL,苏/俄,NULL,NULL,NULL,NULL,NULL,"
“章鱼”反坦克炮是前苏联研制的一种125mm牵引反坦克炮。该型反坦克炮采用三条开脚式大架，可提供大范围、快速的火力机动性。
",NULL,NULL,NULL
火炮,自行火炮,83式自行火炮 ,NULL,45000米,{'$oid': '5cc9335e831b973d657f20ce'},NULL,中国,哈尔滨第一机器制造厂,NULL,7.33毫米,NULL,NULL,"
83式152毫米自行加榴炮是中国人民解放军装备的第一款大口径自行火炮，主要武器为一门苏制D20型榴弹炮的授权生产改进版——66式152毫米加榴炮。
",152毫米,1970年,30000千克
火炮,自行火炮,PGZ-95自行高射炮,NULL,450000米,{'$oid': '5cc9335e831b973d657f20cf'},http://images.huanqiu.com/sarons/2013/11/46d48f08a112ab1e5ccbe09f3e16e702.jpg,中国,陜西省西北机电工程研究所,NULL,6710毫米,4x25mm 机炮; 4x QW-2 导弹,NULL,"
PGZ-95自行高射炮是中国自制防空炮车的一款，系统由陜西省西北机电工程研究所研究设计开发。1990年末期交付地面部队，最初被设计为一个半自动化的系统，只能在白天操作的光电(电视)瞄准系统。解放军最后要求设计出全自动操作系统。
",25毫米,1990年,22.5千克
火炮,自行火炮,AMX-10RC式反坦克炮 ,NULL,NULL,{'$oid': '5cc9335e831b973d657f20d0'},http://images.huanqiu.com/sarons/2013/11/30f3dd4e0c061755268c8e0c823b4fe0.jpg,法国,NULL,NULL,NULL,穿甲弹,NULL,"
法国AMX-10RC轮式自行反坦克炮是法国陆军70年代末期装备的装甲侦察车，摩洛哥和卡塔尔也有装备。车体和炮塔均为全焊接的铝制结构，可调节车底距地高度，能水陆两栖。
",105毫米,NULL,15800千克
火炮,自行火炮,122毫米“雷声”1型自行榴弹炮,NULL,15200米,{'$oid': '5cc9335e831b973d657f20d1'},NULL,伊朗,伊朗防务工业机构装甲武器分公司,NULL,66500毫米,榴弹,721米/秒,"
伊朗在2002年初首次对外公布了伊朗防务工业机构装甲武器分公司研制的“雷声”-1型122毫米自行榴弹炮，该炮底盘由DIO下属的沙希德·科拉杜兹工业联合体负责(SKDIC)，战斗系统部分由哈迪德炮兵工厂负责。
",122毫米,NULL,17500千克
火炮,自行火炮,“石勒喀”23毫米自行高炮,NULL,7000米,{'$oid': '5cc9335f831b973d657f20d2'},http://images.huanqiu.com/sarons/2013/11/640537b9fb7e781020b766b17f8e6334.jpg,苏/俄,NULL,NULL,NULL,OFZT式曳光燃烧榴弹,970米/秒,"
“石勒喀”是苏联装备的第一种全天候、全自动多管联装的自行高射炮，全系统由改进的AЗП式23毫米4管自动炮、封闭式炮塔、ГM575底盘和雷达火控系统组成。“石勒喀”的单个组部件都不是最先进的，但由于选用成熟技术，合理匹配，注重总体综合性能，是当时发展比较成功的自行高射炮之一，而且也是世界上比较有代表性的自行高射炮。
",23毫米,1960年2月,NULL
火炮,自行火炮,85型122毫米自行火炮 ,NULL,18300米,{'$oid': '5cc9335f831b973d657f20d3'},NULL,中国,中国北方工业公司,NULL,6369毫米,底凹杀伤破甲榴弹,NULL,"
85型自行火炮是中国北方工业公司新研制的装甲履带式自行火炮。是根据前苏联D-30式122毫米榴弹炮仿制的。主要用于出口，国内只装备西南地区的山地部队。瞄准装置为PG-1M型周视瞄准镜、OP-4M-45型直接瞄准镜与K-1准直仪。
",122毫米,20世纪80年代,20500千克
火炮,自行火炮,70-1式自行榴弹炮,NULL,NULL,{'$oid': '5cc9335f831b973d657f20d4'},http://images.huanqiu.com/sarons/2014/01/9c60e3dab66cd908e10066810afe246a.jpg,中国,中国北方工业公司,NULL,NULL,122mm 榴弹炮,NULL,NULL,NULL,1981年9月,15300千克
火炮,自行火炮,“克莱博”155毫米自行火炮,NULL,650米,{'$oid': '5cc9335f831b973d657f20d5'},http://images.huanqiu.com/sarons/2013/11/affacc18a65111bd59c725711fe4a948.jpg,英国,英国BAE系统公司、皇家军械防务公司,NULL,NULL,NULL,NULL,"
2001年6月12日，波兰HSW公司军事生产中心展出了新型52倍口径155毫米自行榴弹炮样炮，该炮计划于8月进行首次实弹射击试验，为此波兰已从南非迪奈尔集团采购了少量155毫米弹药（预计于7月交付）。波兰地面部队目前正在接收供试验用的6门AS90炮塔，新型火炮的试验将持续到2004年，试验期间还将组建一个试验炮兵连。波兰将在2007年之前建成第一支装备18门新型火炮的炮兵营，在2016年之前还将再购置至少60～80门火炮。
",155毫米,NULL,45千克
火炮,自行火炮,“帕尔玛利亚”155毫米自行榴弹炮,NULL,30000米,{'$oid': '5cc9335f831b973d657f20d6'},http://images.huanqiu.com/sarons/2014/01/18fbee35f7205c7322c9b48845be056d.jpg,意大利,意大利奥托梅莱拉公司,NULL,NULL,NULL,817米/秒,NULL,155毫米,1977年,46000千克
火炮,自行火炮,凯撒155毫米自行火炮 ,NULL,NULL,{'$oid': '5cc9335f831b973d657f20d7'},NULL,法国,法国地面武器工业集团,NULL,9.95毫米,NULL,NULL,"
凯撒(CAESAR)155毫米(6×6)自行火炮最初由法国地面武器工业集团自行投资研发，第一次技术展示在1994年。随后，开始制造预生产车型，2000年末，法国武器装备总署(DGA)授予法国地面武器工业集团公司一份合约，要求从2002年～2003年向法国陆军交付五辆预生产系统。这些被广泛用于试验。2004年中期，DGA和法国地面武器工业集团公司签署合约，订购72辆将采用新型雷诺卡车防务6×6底盘的量产系统。
",155毫米,NULL,17400千克
火炮,自行火炮,155毫米AS90自行火炮,NULL,370000米,{'$oid': '5cc9335f831b973d657f20d8'},http://images.huanqiu.com/sarons/2013/11/06c7fbc706b4c53916192a6af1dbba09.jpg,英国,英国维克斯造船和工程公司,NULL,NULL,NULL,NULL,"
英国AS-90自行榴弹炮是为了替换“阿伯特”105毫米榴弹炮和老式的 M109 自行火炮。在原来打算和德国、意大利联合研制SP70计划夭折之后，由英国政府招标，最终英国维克斯造船和工程公司（现为BAE系统公司）的AS90中标。1992年首次装备部队。英国陆军计划采购241辆。AS90的炮塔采用了维克斯造船和工程公司GBT155通用炮塔的改进型。
",155毫米,1981年,42000千克
火炮,自行火炮,L-33型155毫米自行火炮,2000毫米,20000米,{'$oid': '5cc93360831b973d657f20d9'},NULL,以色列,索尔塔姆系统公司,NULL,8470毫米,155毫米榴弹炮×60发,NULL,"
L-33是在20世纪60年代由索尔塔姆(Soltam)系统开发的，以满足以色列陆军需求，本质就是改造后的谢尔曼坦克底盘，且原装汽油发动机被柴油机取代，还有新的全封闭上层结构。L-33的口径与榴弹炮相同。它最早用于军事行动是在1973年中东战争期间。
",155毫米,20世纪60年代,41500千克
火炮,自行火炮,203毫米自行火炮M1975,NULL,37500米,{'$oid': '5cc93360831b973d657f20da'},NULL,苏/俄,NULL,NULL,NULL,2A44 59倍径203毫米榴弹炮,960米/秒,"
苏联M1975式203毫米自行榴弹炮是苏联陆军服役过的、口径最大的自行火炮。于1977年开始列装并作为苏军方面军重型炮兵部队的正式装备。M1975式203毫米自行榷弹炮的尺寸很大，可能是苏联军队装备中迄今最大的装甲车辆。
",203毫米,1975年,NULL
火炮,自行火炮,K9“雷电”自行火炮,7440毫米,30000米,{'$oid': '5cc93360831b973d657f20db'},NULL,韩国,韩国三星特克温造船重工业公司,NULL,12000毫米,NULL,924米/秒,"
韩国三星特克温造船重工业公司成为新型52倍口径155毫米自行榴弹炮的主承包商。第一门样炮于1994年完成（型号为XK9），随后，在全尺寸研制阶段又制造了3门试生产型火炮系统，其中第3门完成于1998年。在样炮试验中，新型自行榴弹炮的机动性和射击可靠性得到了检验，截至1998年底，累计行程18000千米，发射弹药12000发。目前已组建了第一个炮兵营，包括3个炮兵连，每个连装备6门K9式自行榴弹炮。
",155毫米,1989年,46300千克
火炮,自行火炮,75式155毫米自行火炮,NULL,24000米,{'$oid': '5cc93360831b973d657f20dc'},http://images.huanqiu.com/sarons/2013/11/508637c7f8106fec84e54c8df103ca1a.jpg,日本,日本制钢公司和三菱重工,NULL,7790毫米,NULL,NULL,"
75式155毫米自行火炮由日本制钢公司和三菱重工60年代后期研制，1975定型生产的155毫米新型装甲自行火炮，1978年首先装备日本陆上自卫队北部方面军第7机械化师（现改编为装甲师）的炮兵团，全团10门。
",155毫米,20世纪60年代后期,25300千克
火炮,自行火炮,83式152毫米自行加榴炮,NULL,17000米,{'$oid': '5cc93360831b973d657f20dd'},NULL,中国,NULL,NULL,7330毫米,NULL,NULL,"
83式152毫米履带式自行加榴炮是中国陆军现役装备的大口径自行压制兵器。该炮曾在1984年以来的数次国庆阅兵中“抛头露面”，备受世界各国关注。其更是我国第一代大口径自行炮，为我军军、师两级主要装备之一。
",152毫米,NULL,29000千克
火炮,自行火炮,2S1式自行火炮 ,NULL,15200米,{'$oid': '5cc93361831b973d657f20de'},http://images.huanqiu.com/sarons/2013/11/f62085dd6904150e089d244f61945536.jpg,苏/俄,彼得洛夫设计局,NULL,7300毫米,121.92毫米炮,NULL,"
122毫米自行火炮M1974(美国陆军称谓)于20世纪70年代早期开始装备俄罗斯陆军，1974年在波兰陆军阅兵式上首次公开亮相。俄罗斯正确命名应为SO-122，但俄罗斯陆军通常称其为Gvozdika，(康乃馨)；该车工业号为2S1。
",122毫米,20世纪60年代后期,15700千克
火炮,自行火炮,M109A2型155毫米自行火炮,NULL,30000米,{'$oid': '5cc93361831b973d657f20df'},http://images.huanqiu.com/sarons/2013/11/e143fb3f28f751ee5e1e8cde6398b0ef.jpg,美国,NULL,NULL,NULL,M185型155毫米榴弹炮,NULL,"
M109是一种美制155毫米口径自行火炮，于1963年开始进入美国陆军服役，提供师和旅级部队所需的非直射火力支援。从1963年量产至今，生产总数已超过7,000辆以上，使用国超过30个，可说是1970至1990年代西方国家的标准自行火炮。M109A2是其改良型。
",155毫米,NULL,275000千克
火炮,自行火炮,MkF3自行火炮,NULL,300000米,{'$oid': '5cc93361831b973d657f20e0'},NULL,法国,法国地面武器工业集团(法国，罗昂),NULL,6.22毫米,NULL,NULL,"
155毫米MkF3基于AMX-13轻型坦克底盘，研发于20世纪50年代。在法国陆军中，本系统现已被155毫米GCT自行火炮所取代。155毫米火炮安装在底盘后部，没有为乘员提供针对恶劣天气、核生化攻击、轻型武器火力和炮弹碎片的防护装置。
",155毫米,20世纪50年代,17400千克
火炮,自行火炮,PLL-05自行迫击榴弹炮,NULL,9500米,{'$oid': '5cc93361831b973d657f20e1'},http://images.huanqiu.com/sarons/2014/01/252697ead7c3b5021328f11d5296b4bb.jpg,中国,NULL,NULL,6700毫米,NULL,NULL,NULL,120毫米,NULL,16500千克
火炮,自行火炮,GPU-2/A 火神 机炮吊舱,3251毫米,NULL,{'$oid': '5cc93362831b973d657f20e2'},NULL,美国,美国通用电气公司,NULL,NULL,M50系列标准炮弹,NULL,NULL,小口径炮,NULL,266千克
火炮,自行火炮,70式122毫米自行榴弹炮 ,NULL,11800米,{'$oid': '5cc93362831b973d657f20e3'},http://images.huanqiu.com/sarons/2014/01/4774e103cfebaf5d31f2c3193c767633.jpg,中国,中国北方车辆厂,NULL,5476毫米,NULL,NULL,NULL,122毫米,NULL,15300千克
火炮,自行火炮,小松60式106毫米自行无后坐力炮,NULL,7000米,{'$oid': '5cc93362831b973d657f20e4'},NULL,日本,NULL,NULL,4300毫米,NULL,500米/秒,"
60式自行无后坐力炮是在美国M40式106毫米无后坐力炮基础上发展而成的。该炮于1956年开始研制，1960年装备日本陆上自卫队。目前，该炮仍在日本陆上自卫队服役，但在机械化步兵师中正逐渐退出现役，由反坦克导弹取代。
",106毫米,1956 年,8000千克
火炮,自行火炮,SH-2型122毫米车载榴弹炮,NULL,22000米,{'$oid': '5cc93362831b973d657f20e5'},NULL,中国,NULL,NULL,NULL,NULL,NULL,"
SH-2型122毫米车载榴弹炮是中国自主开发研制，具有完全自主知识产权的新型武器装备。该炮在研制过程中突出解决了总体优化设计、车炮一体化和轻量化、高效能防护、射击稳定性、底盘四轮转向、火控与信息系统综合集成等多项关键技术，代表了轻型车载炮的发展方向。
",122毫米,NULL,11500千克
火炮,自行火炮,M100型203毫米自行火炮,NULL,21300米,{'$oid': '5cc93362831b973d657f20e6'},NULL,美国,美国太平洋汽车与铸造公司,NULL,NULL,NULL,NULL,"
美国太平洋汽车与铸造公司于1956年1月提交了一份新型重型自行榴弹炮的设计方案并承接了设计试制和生产任务。公司开始了样车的底盘试验，公司决定将动力装置由汽油机改为柴油机。美国军方正式将它定型为M110型203毫米自行榴弹炮，第一批M110出厂，1963年初，第一批M110装备美军自行榴弹炮营。
",203毫米,NULL,26534千克
火炮,自行火炮,Raad-2型155毫米自行火炮,NULL,450000米,{'$oid': '5cc93362831b973d657f20e7'},NULL,伊朗,国防工业组织、装甲工业集团、ShahidKarimi工业联合体(伊朗),NULL,9140毫米,155毫米火炮×30发,NULL,"
Raad-2型155毫米/39口径自行火炮由伊朗国防工业组织(DIO)、装甲工业集团和Shahid Karimi工业联合体研发。它是伊朗自主研发的第二代自行火炮系统，第一种为Raad-1型122毫米系统。
",155毫米,NULL,36000千克
火炮,自行火炮,87式双35自行高炮 ,NULL,NULL,{'$oid': '5cc93362831b973d657f20e8'},http://images.huanqiu.com/sarons/2014/01/ce256d79b78e95b5d8b86c8b7ecfe772.jpg,日本,三菱重工业公司,NULL,6700毫米,NULL,NULL,NULL,35毫米,1979年,38000千克
火炮,自行火炮,“普赖默斯”155毫米自行火炮 ,NULL,NULL,{'$oid': '5cc93363831b973d657f20e9'},NULL,新加坡,新加坡武装部队、国防科技局和新加坡技术动力公司,NULL,10210毫米,NULL,NULL,"
由新加坡武装部队、国防科技局和新加坡技术动力公司三方联合研发了一种名为SSPH1“普赖默斯”(Primus)的新型155毫米/39倍口径自行榴弹炮。“Primus”在拉丁文中是“第一”的意思，取自炮兵部队的拉丁文训言—“In Oriente Primus”，即“东方第一”。

“普赖默斯”155毫米自行火炮集射程、火力和精度于一体，并能够伴随装甲部队进行快节奏作战的自行榴弹炮系统，以满足陆军特种作战需求，增强陆军合成部队作战能力。
",155毫米,20世纪90年代,28300千克
火炮,自行火炮,AS90式155毫米自行火炮,NULL,NULL,{'$oid': '5cc93363831b973d657f20ea'},http://images.huanqiu.com/sarons/2014/01/ed7f5127edc94472eaea419c15b8035a.jpg,英国,英国维克斯公司,NULL,NULL,NULL,NULL,NULL,155毫米,NULL,NULL
火炮,自行火炮,122 毫米自行榴弹炮 ,NULL,22000米,{'$oid': '5cc93363831b973d657f20eb'},NULL,中国,NULL,NULL,NULL,NULL,NULL,"
122毫米自行榴弹炮是中国研制的轮式自行榴弹炮。主要用于协同坦克作战，为坦克提供火力支援，以歼敌有生力量，压制敌火器，摧毁野战工事及火力点。
",122毫米,NULL,20000千克
火炮,自行火炮,PLZ-07式自行榴弹炮,NULL,2200米,{'$oid': '5cc93363831b973d657f20ec'},http://images.huanqiu.com/sarons/2013/11/f477be49a683e8efacb489a763712714.jpg,中国,NULL,NULL,NULL,NULL,NULL,"
PLZ-07式是国产第3代122毫米自行榴弹炮，之前两代产品分别是70/70-1式（使用63式装甲运输车底盘）和85式（出口型）、89式（内销型）。

07式122自行榴弹炮，是在89式自行榴弹炮基础上改进的新产品。采用97步战车底盘，增大炮塔内部空间，配备新型的122榴弹炮。装备各炮兵营，运用于团级单位火力压制。
",122毫米,NULL,NULL
火炮,自行火炮,Raad-1型122毫米自行火炮/榴弹炮 ,NULL,NULL,{'$oid': '5cc93363831b973d657f20ed'},NULL,伊朗,伊朗国防工业组织，装甲工业集团，Shahid Karimi工业,NULL,6.5毫米,122毫米火炮×35发,NULL,"
Raad-1型122毫米自行火炮/榴弹炮是由伊朗国防工业组织、装甲工业集团和Shahid Karimi工业联合体研发的。它是第一种为伊朗服役的自行火炮系统，随后出现了Raad-2型155毫米/39口径系统。据知这两种系统都未出口。Raad-1的底盘是对伊朗Boraq装甲人员输送车进一步改进而成的，后者与俄罗斯BMP-1及其中国等效车WZ-501非常相似。
",122毫米,NULL,17500千克
火炮,自行火炮,SO-120自行榴弹炮,NULL,NULL,{'$oid': '5cc93364831b973d657f20ee'},http://images.huanqiu.com/sarons/2013/11/04fe5dabd0f4a19ea11c827870fba1ff.jpg,苏/俄,NULL,NULL,6.02毫米,NULL,NULL,"
20毫米SO-10(工业号为2S9)“秋牡丹”(Anona，Anemone)自行榴弹炮/迫击炮开发于20世纪80年代早期，于1985年首次对外亮相。最初装备当时的苏联空降师，后又装备其他部队。该车装有自动撞锤，每分钟可发射6～8发炮弹，炮弹发射后，后盖打开，撞锤会向炮膛压入空气将炮管内的烟雾从炮口挤出。
",120毫米,20世纪80年代早期,8700千克
火炮,自行火炮,2S31“静脉”120毫米自行迫榴炮,NULL,15000米,{'$oid': '5cc93364831b973d657f20ef'},http://images.huanqiu.com/sarons/2014/03/4c58ffe7cb441ed7c09dd5164b5ba9bc.jpg,苏/俄,NULL,NULL,NULL,配用榴弹、制导迫击炮弹、火箭增程弹和破甲弹等。,367米/秒,"
俄罗斯研制的口径120毫米自行迫榴炮，与2S9式2S23式的两种120毫米自行火炮构成具有迫击炮和榴弹炮双重弹道特性的自行式火炮系列。北约组织将其列入炮塔式自行迫击炮系列。装备俄陆军空降兵、轻型装甲兵部队和海军陆战队。
",120毫米,1990年,NULL
