图片,前型,现状,满载排水量,简介,制造厂,续航距离,反舰导弹,水上排水量,自持力,主炮,型宽,次型,潜航深度,大类,类型,编制,舰长,产国,活动范围,航速,新造时,同型,名称,建造时间,防空兵器,舰舰导弹,_id,关注度,下水时间,满排吨位,服役时间
http://images.huanqiu.com/sarons/2014/05/38845e47514b4335be3455fcab25abc3.jpg,052C型驱逐舰,建造中,7500吨,"
052D型驱逐舰（北约代号：Luyang III，旅洋III级），是中国人民解放军海军建造中的新型导弹驱逐舰，为型的最新改良型，雷达、舰载武器配置与052C型有明显不同。首艘052D型驱逐舰于2012年8月28日下水。

052D型驱逐舰是继德国护卫舰、荷兰护卫舰、丹麦伊万·休特菲尔德级护卫舰、日本秋月级护卫舰、直升机驱逐舰之后第六种配备四面主动相控阵雷达和通用垂直发射装置的军舰，这标志着中国从此拥有跻身世界先进行列的新锐防空舰。
",江南造船厂（上海），辽南造船厂（大连）,NULL,NULL,NULL,NULL,NULL,17.5米,NULL,NULL,舰船舰艇,驱逐舰,NULL,156米,中国,NULL,30节,NULL,NULL,052D型驱逐舰,NULL,NULL,NULL,{'$oid': '5cc931b2831b973d657f1610'},(5分),2012年8月28日,5000-10000吨,NULL
http://images.huanqiu.com/sarons/2014/03/9490b0c3d794e4773b49fdbd96e5e818.jpg,纪德级,现役,8315吨,"
阿利·伯克级驱逐舰（Arleigh Burke-class destroyer）是美国海军隶下唯一一型现役驱逐舰，为美国海军主力。本级舰配备有“宙斯盾”战斗系统和“SPY-1D”相控阵雷达，以舰队防空为主要作战任务，是世界上最先进的现役驱逐舰。现役62艘，仍在建造，也是世界上建造数量最多的现役驱逐舰。本级舰以首舰阿利·伯克号命名，阿利伯克号得名自前美国海军作战部长阿利·艾伯特·伯克上将，他在伯克号服役典礼上说：“此舰为战而生，你们拥有的是世上最好的战舰！”
",巴斯钢铁厂，英戈尔斯造船厂,20节航速时航程4400英里,NULL,NULL,NULL,NULL,20.4米,朱姆沃尔特级,NULL,舰船舰艇,驱逐舰,300人,153.8米,美国,NULL,32节,NULL,NULL,“阿利·伯克”（Arleigh Burke）级导弹驱逐舰,1986年7月,NULL,NULL,{'$oid': '5cc931b2831b973d657f1611'},(4.5分),1989年9月,5000-10000吨,1991年7月
http://images.huanqiu.com/sarons/2013/07/4c39f4d97ec0178d07f90f89263cc7e9.jpg,051型驱逐舰,服役,4800吨,"
旅沪级是北约对中国海军052型的代号，该舰是由中国上海沪东造船厂建造的多任务导弹驱逐舰。是中国第一艘现代化的多用途战斗舰艇，具有全面的水面打击、空中防御和反潜战斗（ASW）能力。它也是中国建造军舰中的第一艘配备有很多的复杂西方设计的武器系统和传感器系统。两艘舰艇（112号“哈尔滨”和113号“青岛”）在1990年早期建造。两艘舰艇近年已经接受现代化改装。
",上海江南造船厂,5000海里/15节,NULL,NULL,NULL,NULL,15米,051B型驱逐舰，052B型驱逐舰,NULL,舰船舰艇,驱逐舰,230人,142米,中国,NULL,31节,NULL,哈尔滨舰（舷号112），青岛舰（舷号113）,“旅沪”（Luhu）级导弹驱逐舰,1992年2月29日（青岛号）,NULL,NULL,{'$oid': '5cc931b2831b973d657f1612'},NULL,1993年10月（青岛号）,2000-5000吨,1996年5月28日（青岛号）
http://images.huanqiu.com/sarons/2013/07/20da7eafe32b6c7b2a37d916c6567abf.jpg,NULL,NULL,5300吨,“易洛魁人”级为二战后加拿大在70年代设计的大型驱逐舰，是加拿大海军目前装备唯一一级防空导弹导弹驱逐舰，该级设计时对三防要求较高，最初设计以反潜为主，配备2架舰载直升机。90年代初期加拿大海军对其进行了现代化改装，使得该级可承担舰队区域防空任务，并可执行护航、登陆支援作战等多种作战任务，现代化改装后“易洛魁人”级将延期服役至2010年左右。,加拿大戴维造船厂,4500海里/20节,NULL,NULL,NULL,NULL,15.2米,NULL,NULL,舰船舰艇,驱逐舰,292人,129.8米,加拿大,NULL,29节,NULL,NULL,“易洛魁人”(Iroquoi)级导弹驱逐舰,1969年1月15日,NULL,NULL,{'$oid': '5cc931b2831b973d657f1613'},NULL,1970年11月28日,5000-10000吨,1972年7月29日
http://images.huanqiu.com/sarons/2013/07/8f86210d359ddf5f21129860bca825c6.jpg,果敢级驱逐舰,NULL,6200吨,郡级驱逐舰主要是为了在英国航母编队中担负主力防空护卫任务，前苏联TU-95轰炸机搭载导弹使得英国海军编队受到极大的威胁，郡级驱逐舰便应运而生。“普拉特”级（郡级）驱逐舰是英国皇家海军划时代的驱逐舰。它是皇家海军第一种导弹驱逐舰；也是皇家海军第一种具有区域防御能力的驱逐舰；同时还是皇家海军第一种装备大型直升机的驱逐舰。,NULL,3041海里/28节,NULL,NULL,NULL,NULL,16.5米,布里斯托尔级驱逐舰,NULL,舰船舰艇,驱逐舰,438人,158.7米,英国,NULL,30节,NULL,NULL,“普拉岸”(Prat)级（原“郡”级)驱逐舰,1959年3月9日  ,NULL,NULL,{'$oid': '5cc931b2831b973d657f1614'},NULL,1960年6月10日 ,5000-10000吨,1962年11月15日  
http://images.huanqiu.com/sarons/2013/11/8a74647038e91cb72bfd123d673c6036.jpg,NULL,服役中,6288吨,171 海口号，052C型导弹驱逐舰，主要作战使命是负责作战编队的防空、反潜作战以及配合其它舰艇进行反舰攻击。,江南造船厂,4500海里/15节,NULL,NULL,NULL,NULL,17.24米,NULL,NULL,舰船舰艇,驱逐舰,NULL,155.5米,中国,南海,29节,NULL,NULL,“海口”号(171),NULL,NULL,NULL,{'$oid': '5cc931b3831b973d657f1615'},(3分),2003年10月23日,5000-10000吨,2005年12月
http://images.huanqiu.com/sarons/2013/07/5f860612b4173886bdd1405b3e7115cb.jpg,07型驱逐舰（鞍山级）,9艘现役，7艘退役，1艘爆炸事故沉没,3670吨,"
型驱逐舰是中国在20世纪70年代至80年代末期自主设计和建造的第一型导弹驱逐舰。参照苏联56型驱逐舰（据苏联方面说法是参照更早的41型“不惧”级(Neustrashimy) 驱逐舰）的资料自主设计，是当时中国研制的最大吨位的水面作战舰艇。 由于051型首舰被国外情报机关发现在大连建造，并停泊在旅顺港，所以该型驱逐舰被北约命名为“旅大”级驱逐舰，由于早期保密的原因，较之于其官方型号，北约命名代号更为人所熟悉。
",大连造船厂,2970海里/18节，3640海里/14.5节,NULL,NULL,NULL,NULL,12.8米,052型驱逐舰（旅沪级）,NULL,舰船舰艇,驱逐舰,268人,132米,中国,NULL,36节,NULL,NULL,“旅大”(Luda)I/Ⅱ级(051、051D、051z)导弹驱逐舰,1968年12月24日,NULL,NULL,{'$oid': '5cc931b3831b973d657f1616'},NULL,1970年7月30日,2000-5000吨,1971年12月31日
http://images.huanqiu.com/sarons/2013/07/10e2af13c6182d6ebc309f137ee18ab4.jpg,07型驱逐舰（鞍山级）,NULL,3750吨,NULL,首舰大连造船厂,2970海里/18节，3640海里/14.5节,NULL,NULL,NULL,NULL,12.8米,052型驱逐舰（旅沪级）,NULL,舰船舰艇,驱逐舰,235人,132米,中国,南海,32节,NULL,051D型051Z型051DT型051S型051G1/G2型,“旅大”Ⅲ051DT级导弹驱逐舰,1968年12月24日（济南号）,NULL,NULL,{'$oid': '5cc931b3831b973d657f1617'},NULL,1970年7月30日（济南号）,2000-5000吨,1971年12月31（济南号）
http://images.huanqiu.com/sarons/2013/07/2c82aa935af9da34f93cb425fd4e0354.jpg,NULL,NULL,3360吨,MEKO概念的基础，是由德国的布隆-渥斯造船厂发展出来的，是指一系列符合MEKO/FES规格的标准船体及经由标准界面安装于舰体的自含模组。MEKO 360级是一种对世界各地不同的任务形态所设计，能适应任何气候状况的通用驱逐舰。现在已有5艘服役，其中阿根廷4艘：布朗上将号、阿根廷号、赫洛依那号、萨兰第号，阿尔及利亚一艘：阿拉度号。,德国布洛姆－福斯造船厂,3910海里/18节,NULL,NULL,NULL,NULL,14米,NULL,NULL,舰船舰艇,驱逐舰,NULL,125.9米,德国,NULL,30.5节,NULL,NULL,“布朗上将”级（Meko 360）导弹驱逐舰,1981年,NULL,NULL,{'$oid': '5cc931b3831b973d657f1618'},NULL,NULL,2000-5000吨,NULL
http://images.huanqiu.com/sarons/2013/07/bd09dbce073c63870e579de44107dc63.jpg,052型,服役,6600吨,"
旅海级驱逐舰是中国20世纪90年代后期设计生产的一型大型驱逐舰。此前所建造的旅大级驱逐舰排水量只有3670吨，生产初期的设计中包括反舰型与防空型，70年代初中国完成了反舰型号的生产。

在入役时，167“深圳”舰是中国人民解放军海军建造和使用过的吨位最大的水面作战舰艇，被中国的媒体和军事迷称作“神州第一舰”。 同时167“深圳”舰也频频亮相于各种出访活动。
",大连船舶重工（426厂） ,14000 海里/14 节,NULL,NULL,NULL,NULL,16.5米,052B型，051C型,NULL,舰船舰艇,驱逐舰,250人,153米,中国,NULL,30节,NULL,NULL,“旅海”(Luhai)级导弹驱逐舰,1995年12月,NULL,NULL,{'$oid': '5cc931b3831b973d657f1619'},NULL,1997年10月,5000-10000吨,1999年2月
http://images.huanqiu.com/sarons/2013/07/60b83e2ed66ce84a3af8fe938ccb07b0.jpg,42型导弹驱逐舰,服役中,22690吨,"
1991年，皇家海军在参与的法、意未来护卫舰“水平线”（CNGF）计划失败后， 英国决定自行发展新一代驱逐舰。桑普森相控阵雷达
",英国宇航系统公司（BAE），苏格吐温造船厂，霍氏克罗夫特造船厂,5850海里/16节,NULL,NULL,NULL,NULL,24.7米,NULL,NULL,舰船舰艇,驱逐舰,856人,239.6米,英国,大西洋,32节,NULL,NULL,“勇敢”（45型）级导弹驱逐舰,2003年3月,NULL,NULL,{'$oid': '5cc931b3831b973d657f161a'},(4.1分),NULL,10000-50000吨,2007年
http://images.huanqiu.com/sarons/2014/03/988c5fe0d47b3558653616a7b1d0727c.jpg,052B型驱逐舰,服役于我国南海舰队，东海舰队,7000吨,NULL,江南造船厂,NULL,NULL,NULL,NULL,NULL,17.5米,052D型驱逐舰,NULL,舰船舰艇,驱逐舰,250人,155米,中国,NULL,29节,NULL,NULL,052C型（旅洋Ⅱ级）驱逐舰,NULL,NULL,NULL,{'$oid': '5cc931b3831b973d657f161b'},(4.9分),2003年04月,5000-10000吨,2005年9月
http://images.huanqiu.com/sarons/2013/07/3aa96671ded2d875710c0acb57a2cc09.jpg,NULL,在役,6635吨,"
地平线级驱逐舰( Horizon Common New Generation Frigate (CNGF) 是21世纪初英国、法国、意大利联合设计生产的最新型防空驱逐舰。英国撤出后由法意两国继续专案，在意大利称为Orizzonte级法国称为Horizon级。”地平线”级新型战舰集多种功能于一身，除为航母提供有效的防空火力支援外，还具有较强的反潜、反舰及对岸作战能力。
",法国舰艇建造局洛里昂船厂，意大利泛安科纳船厂,7000海里/18节,NULL,NULL,NULL,NULL,20.3米,NULL,NULL,舰船舰艇,驱逐舰,174人,151.6米,法国,NULL,29节,NULL,NULL,“地平线”级驱逐舰,2002年4月 （“福尔宾”号）,NULL,NULL,{'$oid': '5cc931b3831b973d657f161c'},NULL,2005年3月10日（“福尔宾”号）,5000-10000吨,2006年底（“福尔宾”号）
http://images.huanqiu.com/sarons/2013/07/3bc4c01c8adc98c38c0411bfa065c9a4.jpg,NULL,退役,6700吨,"
“榛名”级是日本海上自卫队1970年代建造的现役大型驱逐舰。有可以停放三架直升机的大型直升机舱。后来80年代升级了海麻雀导弹系统，方阵快炮和干扰丝发射器。“榛名”级导弹直升机驱逐舰，共建造2 艘（DDH-141“榛名""号、DDH-142""比睿""号）。
",三菱重工业长崎造船所（“榛名”号），石川岛播磨重工业（“比睿”号）,7000海里/20节,NULL,NULL,NULL,NULL,17.5米,“白根”级驱逐舰,NULL,舰船舰艇,驱逐舰,370人,153米,日本,NULL,31节,NULL,“榛名”号（DDH 141），“比睿”号（DDH 142）,“榛名”（Haruna）级导弹驱逐舰,1970年3月19日 （“榛名”号）,NULL,NULL,{'$oid': '5cc931b4831b973d657f161d'},NULL,1972年2月1日（“榛名”号）,5000-10000吨,NULL
http://images.huanqiu.com/sarons/2013/07/459c7698d1e5d0e6d186513267846bed.jpg,俄罗斯“卡辛”级导弹驱逐舰,在役,6700吨,1986年3月，印度海军提出“15号计划”，它的中心内容就是建造一级多用途导弹驱逐舰。获得批准后建造的即是“德里”级导弹驱逐舰。它也是迄今印度自行建造的最大的战舰。印度海军赋予该级舰的使命是保卫印度领海、岛屿和200海里专属经济区，确保印度的海上贸易自由。是印度海军向远洋迈进的重要一步。该级舰共建3艘，均属在役状态。,印度马扎冈船坞有限公司,5000海里/18 节,NULL,NULL,NULL,NULL,17米,NULL,NULL,舰船舰艇,驱逐舰,360人,163米,印度,印度洋,32节,NULL,“德里”号(D61)，“迈索尔”号（D60），“孟买”号(D62),“德里”（Delhi）级导弹驱逐舰,1987年11月（首舰“德里”号）,NULL,NULL,{'$oid': '5cc931b4831b973d657f161e'},NULL,1991年2月下水（首舰“德里”号）,5000-10000吨,1997年11月15日（首舰“德里”号）
http://images.huanqiu.com/sarons/2014/02/ed028f7ad29b638415cde4ff05d1b6bd.jpg,051B型驱逐舰,服役,5585吨,"
052B型驱逐舰（北约代号：旅洋I级，英文：Luyang I）又称广州级驱逐舰，是中国人民解放军海军装备的第一型自制的具备舰队区域防空能力的多用途驱逐舰。由于部分武器、电子装备与俄国现代级驱逐舰十分相似，所以又有“中华现代”之称。
",上海江南造船厂,1215海里/15节,NULL,NULL,NULL,NULL,16米,052C型驱逐舰/ 052D型驱逐舰,NULL,舰船舰艇,驱逐舰,280人,154米,中国,中国南海,30节,NULL,NULL,052B型驱逐舰(“旅洋”I级),1999年,NULL,NULL,{'$oid': '5cc931b4831b973d657f161f'},NULL,2002年5月 （广州号）,5000-10000吨,2004年7月（广州号）
http://images.huanqiu.com/sarons/2013/07/a325a1b9e06e209d03a039a782ae8ea6.jpg,NULL,絮弗伦号退役，迪凯纳”号在役,6780吨,NULL,NULL,5100海里/18节；2400海里/29节；2000海里/30节,NULL,NULL,NULL,NULL,15.5米,NULL,NULL,舰船舰艇,驱逐舰,355人,157.6米,法国,NULL,34节,NULL,“迪凯纳”号(D603),“絮弗伦”(Suffren)级导弹驱逐舰,1962年12月21日（絮弗伦号）,NULL,NULL,{'$oid': '5cc931b4831b973d657f1620'},NULL,1965年05月15日（絮弗伦号）,5000-10000吨,1967年10月20日（絮弗伦号）
http://images.huanqiu.com/sarons/2013/07/efe1fb38b484ca998408d06fcac28023.jpg,阿迪斯级驱逐舰,在役,5400吨,"
“德·拉·潘尼”级是意大利产的多功能驱逐舰，首舰1993年服役，它可以从事防空，反潜，对舰，登陆支援等多项任务，是十分强大的现代的军舰。它的优秀设计使它的雷达反射，热量辐射，声波反射等都降低到较低。
",NULL,7000海里/18 节,NULL,NULL,NULL,NULL,16.1米,地平线级驱逐舰,NULL,舰船舰艇,驱逐舰,400人,147.7米,意大利,NULL,31.5节,NULL,“德•拉•潘尼”号(D560)，“弗朗切斯科•明贝利”号(原“阿迪门托索”号，D561),“德•拉•潘尼”(Dela Penne)级(原“阿尼莫索”级)导弹驱逐舰,1988年（“德•拉•潘尼”号）,NULL,NULL,{'$oid': '5cc931b4831b973d657f1621'},NULL,1989年10月20日（“德•拉•潘尼”号）,5000-10000吨,1993年3月18日（“德•拉•潘尼”号）
http://images.huanqiu.com/sarons/2013/07/423ac6d65a6f075206118179d13e7603.jpg,NULL,退役,4400吨,"
“勇敢”级驱逐舰是冷战期间意大利海军建造的两艘导弹驱逐舰，改进的Impavido级(无畏级)，专为区域防空而设计。装有意大利当今最先进的武器装备及其他各种设备。该级舰主要是在特遣编队中担负反潜和防空任务。
",NULL,20节航速下3000英里,NULL,NULL,NULL,NULL,14.2米,NULL,NULL,舰船舰艇,驱逐舰,NULL,136.6米,意大利,NULL,34节,NULL,“阿迪托”号(D550)，“勇敢”号(D551),“勇敢”(Audace)级导弹驱逐舰,1968年（“勇敢”号）,NULL,NULL,{'$oid': '5cc931b4831b973d657f1622'},NULL,NULL,2000-5000吨,1972年11月16日（“勇敢”号）
http://images.huanqiu.com/sarons/2013/07/37fb536342926ea29b4540c03b0f37b8.jpg,NULL,NULL,4668吨,"
“卡萨尔”（Cassard）级是法国F70型（原称C70）的防空型驱逐舰，它是在F70型反潜型驱逐舰的基础上产生的，主要为了替换正在退役的T-47型导弹驱逐舰。
",法国洛里昂海军船厂,8200海里/17节,NULL,NULL,NULL,NULL,14米,NULL,NULL,舰船舰艇,驱逐舰,245人,139米,法国,NULL,29.5节,NULL,NULL,“卡萨德”(cassard)级(F 70)导弹驱逐舰,1982年9月（卡萨尔号）,NULL,NULL,{'$oid': '5cc931b4831b973d657f1623'},NULL,1985年2月（卡萨尔号）,NULL,1988年7月（卡萨尔号）
http://images.huanqiu.com/sarons/2013/07/af6977c00051b2bf40426d35afc7ac29.jpg,051B型,服役,7100吨,NULL,大连红旗造船厂,15000海里（以15节的速度巡航）,NULL,NULL,NULL,NULL,17.1米,NULL,NULL,舰船舰艇,驱逐舰,280人,165米,中国,中国黄海，渤海,30节,NULL,NULL,051C级驱逐舰,2002年,NULL,NULL,{'$oid': '5cc931b5831b973d657f1624'},NULL,2004年12月28日,5000-10000吨,2006年
http://images.huanqiu.com/sarons/2013/07/c5b4cce05032d5559ac0f91cde159dd4.jpg,NULL,NULL,4750吨,法国海军F70型反潜驱逐舰，又称“乔治·莱格”级（F70ASM），是一级以反潜为主的多用途驱逐舰。该级舰是在“萨弗伦”级和“图尔维尔”级驱逐舰的基础上设计的，但在武器装备和作战效能方面都有较大提高。它的主要任务是为法国海军的导弹核潜艇提供安全保护，为航母编队护航；此外，还可担任运输船队护航、保护海上交通线、支援登陆作战等任务。,法国布勒斯特造船厂,9500海里/17节（柴油机动力），1000海里/30节（燃气轮机动力）,NULL,NULL,NULL,NULL,14米,NULL,NULL,舰船舰艇,驱逐舰,235人,139米,法国,NULL,30节,NULL,NULL,“乔治•莱格”（Georges Leygues）级导弹驱逐舰,1974年9月（首舰“乔治·莱格”号）,NULL,NULL,{'$oid': '5cc931b5831b973d657f1625'},NULL,1978年11月下水（首舰“乔治·莱格”号）,2000-5000吨,1979年12月服役（首舰“乔治·莱格”号）
http://images.huanqiu.com/sarons/2013/07/5ed64e6015c56185e09816831fec824b.jpg,NULL,退役,5905吨,"
“图尔维尔“级驱逐舰也称“F67”型，是法国海军专门用于在远海执行反潜任务的驱逐舰。“图尔维尔”级驱逐舰一共有3艘，都属法国大西洋舰队： “图尔维尔”号(D-610)，“迪盖·特鲁安”号(D-611) 和“德格拉斯”号(D-612)。他们都是以法国著名的水手命名的。
",法国劳伦特海军造船厂,18节航速下5000英里,NULL,NULL,NULL,NULL,16米,NULL,NULL,舰船舰艇,驱逐舰,301人,152.9米,法国,大西洋,32节,NULL,“迪盖·特鲁安”号（D-611）， “德格拉斯”号（D-612）,“图尔维尔”(F 67型)级导弹驱逐舰,1972年5月（“图尔维尔”号）,NULL,NULL,{'$oid': '5cc931b5831b973d657f1626'},NULL,NULL,5000-10000吨,1974年6月（“图尔维尔”号）
http://images.huanqiu.com/sarons/2013/07/6b875af81caccc00451a7b655a89c5d7.jpg,日本初雪级驱逐舰,在役,4200吨,"
日本多用途导弹驱逐舰，共建造8艘。该级舰主要用于编队反潜，也可执行对空对海作战任务。“朝雾”级多用途驱逐舰是日本“八八舰队”的骨干力量，也是“初雪”级的后继舰。该级舰是日本第二级全燃驱动的驱逐舰。
",IHI株式会社日立造船株式会社住友重工三井工程及造船三菱重工,8030海里/14节,NULL,NULL,NULL,NULL,14.6米,村雨型（二代）,NULL,舰船舰艇,驱逐舰,220人,137米,日本,NULL,30节,NULL,“朝雾”号，“山雾”号，“夕雾”号，“雨雾”号，“滨雾”号，“濑户雾”号，“泽雾”号，“海雾”号,“朝雾”(Asagiri)级导弹驱逐舰,1985年（首舰“朝雾”号）,NULL,NULL,{'$oid': '5cc931b5831b973d657f1627'},NULL,NULL,2000-5000吨,1988年3月（首舰“朝雾”号）
http://images.huanqiu.com/sarons/2013/08/b5368a789a01445fc75422d1bc7310fb.jpg,“艾伦·萨姆纳”级,NULL,3500吨,"
“基林”级是“艾伦·萨姆纳”级的翻版，但尺寸略大。该级从1945年到1949年共有105艘建成，其中80艘赶在二战结束前完工，但想在太平洋战场上一显身手已为时过晚。另外，还有50余艘的计划被取消。二战结束后，有很大一部舰只重新定级为DDE、DDK、DDR和EDD，“基阿特”号改为DDG，成为美国第一艘导弹驱逐舰。60年代不少“基林”级经过FRAM I / II 改装，直到80年代初才退役。另有很大一部分转入其他国家海军，目前仍活跃于海上。
",伯利恒钢铁公司托德造船厂等,5040海里/15节,NULL,NULL,NULL,NULL,12.6米,NULL,NULL,舰船舰艇,驱逐舰,275人,119.02米,美国,NULL,32.5节,NULL,NULL,“基林”（Gearing）级通用驱逐舰,二战末期,NULL,NULL,{'$oid': '5cc931b5831b973d657f1628'},NULL,NULL,2000-5000吨,NULL
http://images.huanqiu.com/sarons/2013/07/650aa7a811689d39cfb79f22b9665d65.jpg,旗风型,现役,9485吨,"
金刚级驱逐舰是日本海上自卫队旗下所配属、配备有神盾战斗系统的护卫舰舰级，是该单位在1988年时为了提高防空能力，而决定导入。本舰级的一号舰金刚号于1993年竣工，在2007年爱宕级护卫舰服役之前，曾为海上自卫队排水量最大的作战舰艇。金刚级一共建造了4艘，除了是海上自卫队最早配备的神盾舰之外，也是全球除了美国海军之外最早出现的神盾舰。在护卫舰队中每1个护卫队群配备1艘，是舰队主要的防空设备。
",三菱重工长崎厂,4500海里/20节,NULL,NULL,NULL,NULL,21米,爱宕型,NULL,舰船舰艇,驱逐舰,300人,161米,日本,NULL,30节,NULL,金刚雾岛妙高鸟海,“金刚”(kongou)级导弹驱逐舰,1990年5月8日,NULL,NULL,{'$oid': '5cc931b5831b973d657f1629'},NULL,1991年8月26日,5000-10000吨,1993年3月25日
http://images.huanqiu.com/sarons/2013/07/a6a94202ad8adcbc868510b359d1294b.jpg,NULL,在役,3900吨,"
为纪念古代朝鲜历史上的一代枭雄”广开土大王“，韩国海军将其自行研制设计的第一艘驱逐舰命名为“广开土大王”号。该级舰是韩国现代历史上第一艘真正具有蓝水作战能力的战舰，是为韩国海军在1998年10月庆祝成立50周年献上的一份厚礼。这标志着韩国海军从此由近岸防御走向远洋作战。该级共有3艘，舷号971-973。
",韩国大宇重工玉浦船厂,18节航速时航程4000英里,NULL,NULL,NULL,NULL,14.2米,NULL,NULL,舰船舰艇,驱逐舰,286人,135.4米,韩国,NULL,30节,NULL,“广开土大王”（DDG 971）“乙支文德”号(DD 972）“杨万春”号(DDG973）,“广开土大王”（KDX-1）级导弹驱逐舰,1994年（首舰“广开土大王”号）,NULL,NULL,{'$oid': '5cc931b5831b973d657f162a'},NULL,1996年10月（首舰“广开土大王”号）,2000-5000吨,1998年7月24日（首舰“广开土大王”号）
http://images.huanqiu.com/sarons/2013/07/9db650eafdc7bd768c9fe72da282a37f.jpg,NULL,退役,3600吨,“费雷”级导弹驱逐舰，是秘鲁购自英国皇家海军的现代导弹驱逐舰。它曾参加英国伊丽莎白女王二世加冕仪式。,英国罗亚造船厂,20节航速下3000英里,NULL,NULL,NULL,NULL,13.1米,NULL,NULL,舰船舰艇,驱逐舰,278人,118.9米,英国,NULL,32节,NULL,”黛安娜“号,“费雷”（“勇敢”）级导弹驱逐舰,1946年9月22日（英国）,NULL,NULL,{'$oid': '5cc931b6831b973d657f162b'},NULL,1949年3月29日（英国）,2000-5000吨,1953年4月28日（英国）
http://images.huanqiu.com/sarons/2013/07/e832c60626b5eaef991014a785445fd5.jpg,天津风级,全部退役,5200吨,NULL,三菱重工业长崎造船所,NULL,NULL,NULL,NULL,NULL,14.3米,旗风级,NULL,舰船舰艇,驱逐舰,277人,142.9米,日本,NULL,32节,NULL,NULL,“太刀风”（Tachikaze）级导弹驱逐舰,1973年－1983年,NULL,NULL,{'$oid': '5cc931b6831b973d657f162c'},NULL,1973年6月19日,5000-10000吨,1976年3月26日
http://images.huanqiu.com/sarons/2013/07/c051db78b6890c05d9248017de58c6d7.jpg,朝雾型,现役,5100吨,"
二战后日本共建造了两级村雨级驱逐舰，二代“村雨”级驱逐舰是日本最新一级多用途驱逐舰，是继“初雪”级和“朝雾”级之后日本海上自卫队的第三代反潜型驱逐舰，它与防空型驱逐舰“金刚”级的出现，将使日本的4个“八八舰队”转变为“十九”舰队。
",东京IHI船厂,NULL,NULL,NULL,NULL,NULL,17.4米,高波型,NULL,舰船舰艇,驱逐舰,170人,151米,日本,NULL,30节,NULL,NULL,“村雨”(MuraSame)级导弹驱逐舰／通用驱逐舰,1993年8月18日,NULL,NULL,{'$oid': '5cc931b6831b973d657f162d'},NULL,1994年8月23日,5000-10000吨,1996年3月12日
http://images.huanqiu.com/sarons/2013/07/c1f09d02f83e3ff982b0d870846797e8.jpg,月级驱逐舰，高月级驱逐舰，山云级驱逐舰,现役7艘,4200吨,"
初雪级驱逐舰是一型日本驱逐舰，装备于日本海上自卫队（JMSDF）。这是其装备的第三代通用驱逐舰，同它的前一级别秋月型驱逐舰一样，改型舰艇主要任务是反潜作战。该级别共建造12艘，均在1982年至1987年之间完工。根据现在的标准，它更适合归类为一型护卫舰。
",住友重机械，追浜造船所，浦贺船厂,NULL,NULL,NULL,NULL,NULL,13.6米,朝雾级驱逐舰,NULL,舰船舰艇,驱逐舰,200人,130米,日本,NULL,30节,NULL,NULL,“初雪”(Hatsuyuki)级导弹驱逐舰／通用驱逐舰,1979年3月14日,NULL,NULL,{'$oid': '5cc931b6831b973d657f162e'},NULL,1980年11月7日,2000-5000吨,1982年3月23日
http://images.huanqiu.com/sarons/2013/07/fda311ccbb4d61d32a790da1731d942e.jpg,卡辛级驱逐舰,现役9艘,7940吨,NULL,俄罗斯圣彼德堡的北方船厂,4500海里/18节,NULL,NULL,NULL,NULL,17.2米,无畏级驱逐舰,NULL,舰船舰艇,驱逐舰,344人,156.4米,苏/俄,NULL,32.7节,NULL,NULL,“现代”（Sovremenny）级导弹驱逐舰,冷战期间,NULL,NULL,{'$oid': '5cc931b6831b973d657f162f'},NULL,NULL,5000-10000吨,1985（首舰”现代“号）
http://images.huanqiu.com/sarons/2013/07/3fbd8a30e015a5f49adc362d7ab30d71.jpg,村雨型,现役,5300吨,高波级驱逐舰，日本称之为高波型护卫舰，是日本海上自卫队最新型舰艇之一。 是来自村雨型护卫舰的设计改良，是“村雨”级的后继型和全面升级版。装备与金刚级相同的127mm舰炮与Mk 41垂直发射系统和改良火控系统、新型声纳。 1988年度预算以“88舰队”为目标通过高波型预算，装有ISAR多模式合成孔径雷达，能在跟踪目标时描绘目标轮廓，具有很强的目标辨识能力。它配备反潜鱼雷、深水炸弹和反舰导弹，作战性能也有很大提升。在日本“九·九”舰队所编的5艘多用途驱逐舰中，“高波”将是编队里的主力多用途驱逐舰。,NULL,NULL,NULL,NULL,NULL,NULL,17.4米,秋月型,NULL,舰船舰艇,驱逐舰,170人,151米,日本,NULL,30节,NULL,5艘,“高波”级导弹驱逐舰／通用驱逐舰,2000年4月,NULL,NULL,{'$oid': '5cc931b6831b973d657f1630'},NULL,2001年7月,5000-10000吨,2003年3月12号
http://images.huanqiu.com/sarons/2013/07/387f86d1513c14ece79381443bb5f514.jpg,太刀风型护卫舰,在役,5900吨,"
“旗风”级驱逐舰是日本海上自卫队（JMSDF）的第三代导弹护卫舰（相当于其他国家海军导弹驱逐舰的舰种），也是日本第一艘搭载燃气涡轮引擎作为动力的军舰。“旗风”级的核心武器类似“太刀风”级护卫舰，但是有许多改良。最显著的就是可以作为指挥旗舰的战术系统，在直升机护卫舰不在的时候可以即时取代担任旗舰。
",三菱重工长崎造船厂（首舰“旗风”号),4500海里/20节,NULL,NULL,NULL,NULL,16.4米,金刚级,NULL,舰船舰艇,驱逐舰,NULL,150米,日本,NULL,30节,NULL,NULL,“旗风”（Hatakaze）级导弹驱逐舰,1983年5月（首舰“旗风”号),NULL,NULL,{'$oid': '5cc931b6831b973d657f1631'},NULL,1984年11月（首舰“旗风”号),5000-10000吨,1986年3月（首舰“旗风”号)
http://images.huanqiu.com/sarons/2013/07/646f8a7c49d6f74d8186e328fa948575.jpg,卡宁级大型舰,在役,4510吨,NULL,NULL,3200-3400海里/18-24节；1520海里/32节,NULL,NULL,NULL,NULL,15.8米,现代级驱逐舰,NULL,舰船舰艇,驱逐舰,320人,144米,苏/俄,NULL,32节,NULL,NULL,“卡辛”级（Kashin）导弹驱逐舰,1959年,NULL,NULL,{'$oid': '5cc931b6831b973d657f1632'},NULL,NULL,NULL,1962年
http://images.huanqiu.com/sarons/2013/07/07d004c94126e99318487e6afddf410e.jpg,榛名级护卫舰,现役,7200吨,NULL,石川岛播磨重工业，东京第1工场,4500海里/15节,NULL,NULL,NULL,NULL,17.5米,日向级护卫舰,NULL,舰船舰艇,驱逐舰,370人,159米,日本,NULL,32节,NULL,NULL,“白根”(Shirane)级导弹驱逐舰／直升机驱逐舰,1977年2月25日,NULL,NULL,{'$oid': '5cc931b6831b973d657f1633'},NULL,1978年9月18日,5000-10000吨,1980年3月17日
http://images.huanqiu.com/sarons/2013/07/2e758094a22b123aedf3a188f1dc999d.jpg,NULL,全部退役,8040吨,NULL,英格尔斯造船厂 ,20节航速时航程6000英里,NULL,NULL,NULL,NULL,16.8米,NULL,NULL,舰船舰艇,驱逐舰,319人,171.7米,美国,太平洋,33节,NULL,NULL,“斯普鲁恩斯”级导弹驱逐舰,1972年11月,NULL,NULL,{'$oid': '5cc931b7831b973d657f1634'},NULL,NULL,5000-10000吨,1975年9月
http://images.huanqiu.com/sarons/2013/11/592a9322538189f5594095437ac556eb.jpg,NULL,NULL,7940吨,136杭州舰是苏联/俄罗斯956型驱逐舰的18号舰，是其中956А型的4号舰，售给中国后即为956Э型，为956Э型的1号舰。该舰1988年在苏联列宁格勒日丹诺夫造船厂开工建造，在建时舷号698，命名为俄罗斯三百年号（300(Триста) Лет Россискому），后先后更名为尊贵号（Важный）、叶卡捷琳堡号（Екатеринбург），1991年停止建造。1992年中俄达成购舰协议，该舰得以继续建造，并在完工后卖给中国。,俄罗斯圣彼德堡北方造船厂,2400海里/32节；6500海里/20节；14000海里/14节 ,NULL,NULL,NULL,NULL,17.19米,NULL,NULL,舰船舰艇,驱逐舰,269人,156.5米,苏/俄,NULL,32节,NULL,NULL,“杭州”号(136)驱逐舰,1988年,NULL,NULL,{'$oid': '5cc931b7831b973d657f1635'},NULL,1994年5月,5000-10000吨,1999年12月
http://images.huanqiu.com/sarons/2014/02/19b236d1776da922b5d5443686b86d74.jpg,82型驱逐舰,退役,5200吨,"
42型（Batch 3）驱逐舰是英国接受“马岛战争”教训之后的改进型，首舰“曼彻斯特”于1982年12月列装英国皇家海军。如今，英国的42型（Batch 3）舰已经全部退役。
",坎默·莱尔德(Cammellaird)公司，沃斯珀·桑尼克罗夫特(VosperThonycroft)公司，“维克斯”(Vickers)公司和“斯旺·亨特”(SwanHunter)公司,18节航速下4000英里,NULL,NULL,NULL,NULL,15.2米,45型驱逐舰,NULL,舰船舰艇,驱逐舰,285人,141.1米,英国,大西洋,30节,NULL,“曼彻斯特”号（D 95），“格洛斯特”号(D96），“爱丁堡”号(D97），“约克”号（D 98）,42型（Batch 3）驱逐舰,NULL,NULL,NULL,{'$oid': '5cc931b7831b973d657f1636'},NULL,1980年11月24日,5000-10000吨,1982年12月16日
http://images.huanqiu.com/sarons/2013/11/653a4c7e9ef4a04cb407b645c3452ba4.jpg,NULL,已退役,3670吨,"
105济南舰，051型驱逐舰的首舰，为中国自行生产的第一艘驱逐舰。1968年12月24日开始在大连造船厂铺设龙骨开工，1970年7月30日下水，1971年12月31日正式完工。1972年7月19日，正式编入北海舰队服役，舷号223。1974年海军舷号调整后为105。1986年海军舰艇命名条例修改后命名为济南舰。
",大连造船厂,2970海里/18节，3640海里/14.5节,NULL,NULL,NULL,NULL,12.8米,NULL,NULL,舰船舰艇,驱逐舰,268人,132米,中国,NULL,36节,NULL,NULL,“济南”号(105) 驱逐舰,1968年12月24日,NULL,NULL,{'$oid': '5cc931b7831b973d657f1637'},NULL,1970年7月30日,2000-5000吨,1971年12月31日
http://images.huanqiu.com/sarons/2013/07/39f83da5825220a41ac088784272d3e0.jpg,秋月级,退役,2900吨,NULL,住友重工浦贺厂,20节航速时航程7000英里,NULL,NULL,NULL,NULL,11.8米,NULL,NULL,舰船舰艇,驱逐舰,229人,114.9米,日本,NULL,27节,NULL,“山云”，“青云”，“秋云”,“山云”（Yamagumo）级导弹驱逐舰／反潜驱逐舰,1964年3月23日,NULL,NULL,{'$oid': '5cc931b7831b973d657f1638'},NULL,1965年2月27日,2000-5000吨,1966年1月29日
http://images.huanqiu.com/sarons/2013/11/ef240d280ce523fd8ff226977402f55c.jpg,NULL,NULL,6600吨,167 深圳号，051B型(旅海级)导弹驱逐舰的第一艘，1995年12月在大连造船厂开工建造，1997年10月16日下水，1998年10开始海上试航，1998年12月交付使用，1999年2月正式加入中国人民解放军海军南海舰队并成为旗舰。2004年进行现代化改进，换装79A式双管56倍口径100毫米隐身设计舰炮、YJ-83反舰导弹等。,大连造船厂,4000海里,NULL,NULL,NULL,NULL,16.5米,NULL,NULL,舰船舰艇,驱逐舰,250人,153米,中国,NULL,30节,NULL,NULL,“深圳”号(167)导弹驱逐舰,1995年12月,NULL,NULL,{'$oid': '5cc931b7831b973d657f1639'},NULL,1997年10月16日,5000-10000吨,1998年12月
http://images.huanqiu.com/sarons/2014/02/5deb2d18cbe0b470e38e58475ec45c11.jpg,NULL,现役,4800吨,"
KDX-2是韩国海军构建21世纪初期新一代韩国海军主力阵容而进行的「韩国驱逐舰实验」（Korean Destroyer Experimental，KDX）计划中的第二阶段。拥有区域防空导弹系统，以舰队防空为主要任务。KDX-2级驱逐舰是韩国独自制造的第一型宙斯盾驱逐舰。该型宙斯盾驱逐舰拥有区域防空导弹系统，以舰队防空为主要任务。是继美国、日本、西班牙、挪威之后，世界上第五个拥有宙斯盾驱逐舰的国家。
",韩国大宇造船和船用工程公司（DSME）和现代重工公司（HHI）的两大造船厂,18节航速时航程4000英里,NULL,NULL,NULL,NULL,16.9米,NULL,NULL,舰船舰艇,驱逐舰,300人,154.4米,韩国,NULL,29节,NULL,NULL,KDX－2级导弹驱逐舰,未知,NULL,NULL,{'$oid': '5cc931b7831b973d657f163a'},NULL,2002年5月22日,2000-5000吨,2003年12月2日
http://images.huanqiu.com/sarons/2013/11/24c1e3f1cefcd75c9bb7e194d6314d54.jpg,NULL,NULL,5800吨,"
1999年底或2000年初开工建造，2002年5月23日在江南造船厂下水舾装，2003年开始海试，并于2004年7月15日编入海军南海舰队服役。
",江南造船厂,4000海里/18节,4座4联YJ-83反舰导弹发射架；舰空导弹,NULL,NULL,NULL,16米,NULL,NULL,舰船舰艇,驱逐舰,280人,154米,中国,NULL,32节,NULL,NULL,“广州”号(168)驱逐舰,NULL,NULL,NULL,{'$oid': '5cc931b7831b973d657f163b'},NULL,2002年5月23日,5000-10000吨,2004年7月15日
http://images.huanqiu.com/sarons/2014/02/fee554fe5f9b5682cdd90ad978735b60.jpg,82型驱逐舰,报废或被击沉,4800吨,"
42型导弹驱逐舰，又称“谢菲尔德”级驱逐舰，是英国皇家海军于1970年代中期装备的一型防空驱逐舰。共建成3型16艘，现已退役。
",坎默·莱尔德(Cammellaird)公司，沃斯珀·桑尼克罗夫特(VosperThonycroft)公司，“维克斯”(Vickers)公司和“斯旺·亨特”(SwanHunter)公司,18节航速下4000英里,NULL,NULL,NULL,NULL,14.3米,45型驱逐舰,NULL,舰船舰艇,驱逐舰,229人,125米,英国,大西洋,29节,NULL,NULL,42型（Batch1/2）导弹驱逐舰,1970年1月,NULL,NULL,{'$oid': '5cc931b8831b973d657f163c'},NULL,NULL,2000-5000吨,1975年2月
http://images.huanqiu.com/sarons/2013/11/90ec635b967562d7a6b1db869ca08faf.jpg,NULL,NULL,7940吨,"

",俄罗斯北方造船厂,2400海里/32节；6500海里/20节；14000海里/14节,NULL,NULL,NULL,NULL,17.19米,NULL,NULL,舰船舰艇,驱逐舰,296人,156.5米,中国,NULL,32节,NULL,NULL,“泰州”号(138)驱逐舰,2002年1月,NULL,NULL,{'$oid': '5cc931b8831b973d657f163d'},NULL,2004年4月,5000-10000吨,2006年2月15日
http://images.huanqiu.com/sarons/2013/07/1493e0c8cbabdeae5c8128d81c54b0c7.jpg,”现代“级,现役7艘,8500吨,NULL,扬塔尔船厂,18节航速时航程7700英里,NULL,NULL,NULL,NULL,19.3米,“无畏”Ⅱ级,NULL,舰船舰艇,驱逐舰,220人,163.5米,苏/俄,NULL,29节,NULL,NULL,“无畏”(Udaloy）级导弹驱逐舰,1977年（首舰”无畏“号）,NULL,NULL,{'$oid': '5cc931b8831b973d657f163e'},NULL,1980年2月（首舰”无畏“号）,5000-10000吨,1981年（首舰”无畏“号）
http://images.huanqiu.com/sarons/2014/10/9f25eb4c75540269c7fc1699e8dcf0b3.jpg,”无畏“级,在役,8900吨,"

",俄罗斯杨塔尔造船厂,18节航速时航程4000英里,NULL,NULL,NULL,NULL,19.3米,NULL,NULL,舰船舰艇,驱逐舰,220人,163.5米,苏/俄,NULL,28节,NULL,NULL,“无畏”Ⅱ（“弗里盖”级，1155.1型）级导弹驱逐舰,1988年9月15日,NULL,NULL,{'$oid': '5cc931b8831b973d657f163f'},NULL,1992年12月14日,5000-10000吨,1999年
http://images.huanqiu.com/sarons/2013/11/20e4a7a9aa992b423fa4fe491b8e0a24.jpg,NULL,已退役,3670吨,131 南京号，曾用弦号227。051型(旅大I级)驱逐舰，1970年12月20日上海中华造船厂开工制造，1973年12月11日下水，1977年2月6日服役于东海舰队。2012年09月26日舟山某军港码头举行退役仪式。,上海中华造船厂,2970海里/18节3640海里/14.5节,NULL,NULL,NULL,NULL,12.8米,NULL,NULL,舰船舰艇,驱逐舰,368人,132米,中国,NULL,36节,NULL,051型(旅大I级)驱逐舰,“南京”号(131)驱逐舰,1970年12月20日,NULL,NULL,{'$oid': '5cc931b8831b973d657f1640'},NULL,1973年12月11日,2000-5000吨,1977年2月6日
http://images.huanqiu.com/sarons/2013/11/a2e315562558b635a6103fc16db49fb2.jpg,051D型(旅大I级)驱逐舰,NULL,3536吨,109 开封号，原为051D型(旅大I级)驱逐舰，改装后成为051DT型（旅大II级）。1977年10月28日在大连造船厂开始建造，1979年11月3日下水，1982年12月25日交付北海舰队使用，多做为武器试验舰用。,大连造船厂,2970海里/18节,NULL,NULL,NULL,NULL,12.4米,NULL,NULL,舰船舰艇,驱逐舰,268人,132米,中国,NULL,36节,NULL,051DT型（旅大II级）,“开封”号(109),1977年10月28日,NULL,NULL,{'$oid': '5cc931b8831b973d657f1641'},NULL,1979年11月3日,2000-5000吨,1982年12月25日
http://images.huanqiu.com/sarons/2013/11/bbc98e2f178d698bd840dbb7e25c6396.jpg,NULL,NULL,3670吨,"
",NULL,2970海里/18节3640海里/14.5节,NULL,NULL,NULL,NULL,12.8米,NULL,NULL,舰船舰艇,驱逐舰,368人,132米,中国,NULL,36节,NULL,NULL,“重庆”号(133) 驱逐舰,1978年5月,NULL,NULL,{'$oid': '5cc931b8831b973d657f1642'},NULL,1980年10月,2000-5000吨,1983年12月
http://images.huanqiu.com/sarons/2013/12/ca66621aa31eb51ca21fa0e78d5cefc1.jpg,NULL,NULL,1802吨,"
建造初春级驱逐舰的目的是要在《伦敦条约》的限制下的舰体上以最大的可能性安装武备，故该级亦称条约型。有初春、子ノ日、若叶、初霜、有明、夕暮6舰。具有较强的反潜能力和强大的鱼雷攻击力，以鱼雷为主体的攻击武器。初春、子ノ日、若叶、初霜四舰开战时编入第1水雷战队，旗舰为轻巡洋舰阿武隈号，参与了珍珠港、中途岛等历次大战。
",NULL,NULL,NULL,NULL,NULL,NULL,32.9米,NULL,NULL,舰船舰艇,驱逐舰,200人,359.3米,日本,NULL,33节,NULL,NULL,初春级/Hatsuharu 驱逐舰,NULL,NULL,NULL,{'$oid': '5cc931b8831b973d657f1643'},NULL,NULL,500-2000吨,1933年
http://images.huanqiu.com/sarons/2013/11/c2e14e6f6e0dc495100ef37a0b502ac0.jpg,NULL,NULL,3670吨,NULL,上海中华造船厂,2970海里/18节3640海里/14.5节,NULL,NULL,NULL,NULL,12.8米,NULL,NULL,舰船舰艇,驱逐舰,368人,132米,中国,NULL,36节,NULL,NULL,“遵义”号(134) 驱逐舰,1978年11月,NULL,NULL,{'$oid': '5cc931b9831b973d657f1644'},NULL,1983年11月,2000-5000吨,1984年12月
http://images.huanqiu.com/sarons/2013/11/5dd288a33f1cbbc87a30dc10887cb2c6.jpg,NULL,NULL,7940吨,137福州舰是苏联/俄罗斯956型驱逐舰的19号舰，是其中956А型的5号舰，售给中国后即为956Э型，为956Э型的2号舰。该舰1988年在苏联列宁格勒日丹诺夫造船厂开工建造，在建时舷号699，命名为深思号（Вдумчивый），后先后更名为亚历山大·涅夫斯基号（Александр Невский），1989年停止建造。1992年中俄达成购舰协议，该舰得以继续建造，并在完工后卖给中国。,俄罗斯圣彼德堡北方造船厂,2400海里/32节；6500海里/20节；14000海里/14节,NULL,NULL,NULL,NULL,17.19米,NULL,NULL,舰船舰艇,驱逐舰,296人,156.5米,苏/俄,NULL,32节,NULL,NULL,“福州”号(137)驱逐舰,1990年,NULL,NULL,{'$oid': '5cc931b9831b973d657f1645'},NULL,2000年6月27日,5000-10000吨,2001年1月16日
http://images.huanqiu.com/sarons/2014/02/887755646e2f57b533b22c9a671348f2.jpg,NULL,NULL,7940吨,"
2002年1月中国从俄国订购，由俄罗斯北方造船厂建造，在2004年7月下水，但是预定的交货日期由于在2005年4月27日舰艇上发生火灾事故被延期。 2006年9月28日交付中国海军，2006年11月18日在在海军东海舰队舟山基地举行命名仪式：命名为宁波号（舷号139），隶属东海舰队。
",俄罗斯北方造船厂,2400海里/32节；6500海里/20节；14000海里/14节,NULL,NULL,NULL,NULL,17.19米,NULL,NULL,舰船舰艇,驱逐舰,296人,156.5米,苏/俄,NULL,32节,NULL,NULL,“宁波”号(139)驱逐舰,2002年1月,NULL,"2座KT-190型四联装反舰导弹发射装置，装SS-N-22（3M80）""日炙""（Moskit/Sunburn）反舰导弹；舰空导弹",{'$oid': '5cc931b9831b973d657f1646'},NULL,2004年7月,5000-10000吨,2006年11月18日
http://images.huanqiu.com/sarons/2013/12/9d2243b4f54fb2c58043c3c06dd1c92b.jpg,NULL,除籍,1289吨,"
    松级驱逐舰有松，竹，梅，桃，枧，榧，枫，柁，楸，椿，枞，榆，茑，湫，柿，椎，梨，柙，楠，堇，雄竹，初柁，桦等31艘。按最低武器标准在最短时间内生产的小型驱逐舰.速度较慢，具有典型的护航驱逐舰的特征。大战后期设计的护卫驱逐舰，外形低矮而流线，武器也较少，充当海上运输线的反潜护卫舰。
",NULL,4680海里/16节,NULL,NULL,NULL,NULL,30.8米,NULL,NULL,舰船舰艇,驱逐舰,211人,328.1米,日本,帛硫群岛和菲律宾海域,28节,NULL,NULL,松级/Matsu 驱逐舰,NULL,NULL,NULL,{'$oid': '5cc931b9831b973d657f1647'},NULL,NULL,500-2000吨,1944年
http://images.huanqiu.com/sarons/2013/11/e18f2d936e51debf254f11ad08761ae7.jpg,051Z型(旅大I级),NULL,3750吨,"
110 大连号，原为051Z型(旅大I级)指挥舰，曾担当过北海舰队旗舰。改装后成为051DT型（旅大II级）。
",上海中华造船厂,2970海里/18节3640海里/14.5节,NULL,NULL,NULL,NULL,12.8米,NULL,NULL,舰船舰艇,驱逐舰,368人,132米,中国,NULL,36节,NULL,051DT型（旅大II级）,“大连”号(110) 驱逐舰,1979年6月25日,NULL,NULL,{'$oid': '5cc931b9831b973d657f1648'},NULL,1981年8月20日,2000-5000吨,1984年12月26日
NULL,NULL,已退役,3670吨,"

",NULL,2970海里/18节3640海里/14.5节,NULL,NULL,NULL,NULL,12.8米,NULL,NULL,舰船舰艇,驱逐舰,368人,132米,中国,NULL,36节,NULL,NULL,“长沙”号(161) 导弹驱逐舰,NULL,NULL,NULL,{'$oid': '5cc931b9831b973d657f1649'},NULL,NULL,2000-5000吨,1976年
http://images.huanqiu.com/sarons/2013/11/7c47829d7d3f5d7150a4d69b88540eeb.jpg,NULL,NULL,3670吨,"
",上海中华造船厂,2970海里/18节3640海里/14.5节,NULL,NULL,NULL,NULL,12.8米,NULL,NULL,舰船舰艇,驱逐舰,368人,132米,中国,NULL,36节,NULL,NULL,“合肥”号(132),1977年4月,NULL,NULL,{'$oid': '5cc931b9831b973d657f164a'},NULL,1978年11月,2000-5000吨,NULL
http://images.huanqiu.com/sarons/2013/11/59913049e895bdc58ed76c55a60c8b51.jpg,NULL,NULL,5585吨,2002年10月在上海江南船厂下水，2004年12月服役南海舰队。2008年12月26日-2009年4月28日，中国海军护航编队169舰、171舰及微山湖号补给舰执行首次亚丁湾护航任务。,NULL,4500海里/15节,4座4联YJ-83反舰导弹发射架。舰空导弹,NULL,NULL,NULL,17米,NULL,NULL,舰船舰艇,驱逐舰,280人,155米,中国,NULL,30节,NULL,NULL,“武汉”号(169) 驱逐舰,NULL,NULL,NULL,{'$oid': '5cc931b9831b973d657f164b'},NULL,2002年10月,5000-10000吨,2004年12月
NULL,NULL,NULL,3670吨,“湛江”号做为051G型舰的首舰，采用了封闭式舰桥，换装了76A型双37毫米全封闭近防炮系统和“海鹰”—1甲型反舰导弹系统，舰载雷达电子系统也作了许多改进。改善了近距防空能力，提高反舰能力，改进指挥系统的自动化和雷达、无线电设备的电磁兼容性，总体作战效能较051D有大幅度提升。,大连造船厂,2970海里/18节,4座4联YJ-83舰舰导弹；防空导弹,NULL,NULL,NULL,12.8米,NULL,NULL,舰船舰艇,驱逐舰,235人,132米,中国,NULL,36节,NULL,NULL,“湛江”号(165)驱逐舰,1986年8月,NULL,NULL,{'$oid': '5cc931ba831b973d657f164c'},NULL,1988年8月,2000-5000吨,NULL
http://images.huanqiu.com/sarons/2013/11/171e2a73f9734df85d4b333f8bb6c733.jpg,NULL,NULL,3670吨,164桂林号，051D型(旅大I级)驱逐舰，1977年6月3日（1980年5月19日）在广州造船厂开工制造，1984年6月20日下水，1987年7月10日服役于南海舰队，2004年调往北海舰队。051D型最后1艘，舰上增加空调系统，并设置娱乐设施，改善了舰员居住环境。,广州造船厂,2970海里/18节,NULL,NULL,NULL,NULL,12.8米,NULL,4.6米,舰船舰艇,驱逐舰,280人,132米,中国,NULL,36节,NULL,NULL,“桂林”号(164) 驱逐舰,1980年5月19日,NULL,NULL,{'$oid': '5cc931ba831b973d657f164d'},NULL,1984年6月20日,2000-5000吨,1987年7月10日
http://images.huanqiu.com/sarons/2013/11/38fd48e34f8400feaf5d4397f7abe5b7.jpg,NULL,已退役,3670吨,07 银川号，051型(旅大I级)驱逐舰，1970年6月在大连造船厂开工制造，1972年5月下水，1976年6月28日服役于北海舰队。 2012年10月18日退役。,大连造船厂,2970海里/18节,2座三联装“HY-1”导弹发射架；2座76式58倍口径130毫米双管主炮；4座61式37毫米双管舰炮；4座61式25毫米双管舰炮；2具2500型12管反潜火箭深弹发射器；深弹发射装置4座，深弹投放架2座。,NULL,NULL,NULL,12.8米,NULL,4.6米,舰船舰艇,驱逐舰,280人,132米,中国,亚洲,32节,NULL,NULL,“银川”号(107) ,1970年6月,NULL,NULL,{'$oid': '5cc931ba831b973d657f164e'},NULL,1972年5月,2000-5000吨,1976年6月28日
http://images.huanqiu.com/sarons/2013/11/800fdcc992a549c3c3ffe35d9ac03fa2.jpg,NULL,NULL,4200吨,112哈尔滨号，052型（旅沪级）导弹驱逐舰，1989年9月8日在江南造船厂开工制造，1991年8月28日下水，1994年5月8日服役于北海舰队。,NULL,5000海里/15节,NULL,NULL,NULL,NULL,15.1米,NULL,4.25米,舰船舰艇,驱逐舰,230人,142.7米,中国,NULL,31节,NULL,NULL,“哈尔滨”号(112),1989年9月8日,NULL,NULL,{'$oid': '5cc931ba831b973d657f164f'},NULL,1991年8月28日,2000-5000吨,1994年5月8日
http://images.huanqiu.com/sarons/2013/11/4ee4e3050f13a33c2f491d9c6e4e2c23.jpg,NULL,已退役,3670吨,108 西宁号，051D型(旅大I级)驱逐舰首舰，1976年10月31日大连造船厂开工制造，1978年10月16日下水，1980年1月29日服役于北海舰队，2013年9月25日退役，服役33年。,大连造船厂,2970海里/18节3640海里/14.5节,2座三联装“HY-1”导弹发射架；2座76式58倍口径130毫米双管主炮；4座61式37毫米双管舰炮；4座61式25毫米双管舰炮；2具2500型12管反潜火箭深弹发射器；深弹发射装置4座，深弹投放架2座。,3250吨,NULL,NULL,12.8米,NULL,NULL,舰船舰艇,驱逐舰,368人,132米,中国,NULL,32节,NULL,NULL,“西宁”号(108) ,1976年10月31日,NULL,NULL,{'$oid': '5cc931ba831b973d657f1650'},NULL,1978年10月16日,2000-5000吨,1980年1月29日
http://images.huanqiu.com/sarons/2013/11/bcd15c1d6fb316150c5cf9fd36fcdfe7.jpg,NULL,在役,6288吨,170 兰州号，052C型导弹驱逐舰首舰。是中国海军第一代具备相控阵雷达、垂直发射系统的防空型导弹驱逐舰，被誉为“中华神盾”。“兰州”号(170)主要作战使命是负责作战编队的防空、反潜作战以及配合其它舰艇进行反舰攻击，总设计师为潘镜芙。,江南造船厂,NULL,2座4联YJ-62反舰导弹发射架；舰空导弹,NULL,NULL,NULL,17.24米,NULL,NULL,舰船舰艇,驱逐舰,280人,155.5米,中国,中国南海,29节,NULL,NULL,“兰州”号(170)驱逐舰,NULL,NULL,NULL,{'$oid': '5cc931ba831b973d657f1651'},NULL,2003年4月29日,5000-10000吨,2005年9月
NULL,NULL,8艘现役，8艘退役，1艘爆炸事故沉没,3670吨,"
051型驱逐舰是中国在20世纪70年代至80年代末期自主设计和建造的第一型导弹驱逐舰。参照苏联56型驱逐舰（据苏联方面说法是参照更早的41型“不惧”级(Neustrashimy) 驱逐舰）的资料自主设计，是当时中国研制的最大吨位的水面作战舰艇。 由于051型首舰被国外情报机关发现在大连建造，并停泊在旅顺港，所以该型驱逐舰被北约命名为“旅大”级驱逐舰，由于早期保密的原因，较之于其官方型号，北约命名代号更为人所熟悉。
",大连造船厂,NULL,NULL,NULL,NULL,NULL,12.8米,051B型驱逐舰（旅海级）,NULL,舰船舰艇,驱逐舰,268人,132米,中国,NULL,36节,NULL,051型051D型051Z型051DT型051S型（计划中止）051G1/G2型05舰加装直升机系统,旅大级驱逐舰,1968年12月24日,NULL,NULL,{'$oid': '5cc931ba831b973d657f1652'},NULL,1970年7月30日,2000-5000吨,1971年12月31日
NULL,NULL,NULL,4200吨,113青岛号，052型（旅沪级）导弹驱逐舰，1992年2月29日在江南造船厂开工制造，1993年10月18日下水，1996年5月28日服役于北海舰队。,江南造船厂,NULL,NULL,NULL,NULL,NULL,15.1米,NULL,4.25米,舰船舰艇,驱逐舰,230人,142.7米,中国,NULL,32节,NULL,NULL,“青岛”号(113),1992年2月29日,NULL,NULL,{'$oid': '5cc931ba831b973d657f1653'},NULL,1993年10月18日,2000-5000吨,1996年5月28日
http://images.huanqiu.com/sarons/2013/11/4a4ff0471e0fe38c58c58b426dc99c50.jpg,NULL,已退役,3670吨,1970年12月26日广州造船厂开始建造，1976年10月27日下水，1979年3月5日完工，1979年3月23日服役于南海舰队。2012年9月退役。,广州造船厂,2970海里/18节3640海里/14.5节,NULL,NULL,NULL,NULL,12.8米,NULL,NULL,舰船舰艇,驱逐舰,368人,132米,中国,NULL,36节,NULL,NULL,“南宁”号(162) ,1970年12月,NULL,NULL,{'$oid': '5cc931ba831b973d657f1654'},NULL,1976年10月,2000-5000吨,1979年3月
http://images.huanqiu.com/sarons/2013/11/b34376dc0a398e89c25cde290d4ebf3a.jpg,NULL,NULL,3670吨,166 珠海号，051G2型(旅大III级)型导弹驱逐舰。1987年10月31日在大连造船厂开工，1990年10月18日下水，1991年11月21日交付南海舰队，1992年6月6日正式命名。,大连造船厂,2970海里/18节,NULL,NULL,NULL,NULL,12.8米,NULL,4.97米,舰船舰艇,驱逐舰,280人,132米,中国,NULL,32节,NULL,NULL,“珠海”号(166),1987年10月31日,NULL,NULL,{'$oid': '5cc931bb831b973d657f1655'},NULL,1990年10月18日,2000-5000吨,1991年11月21日
http://images.huanqiu.com/sarons/2013/11/5f6562e6beb21e26ce0c852a756d2ac5.jpg,NULL,已退役,3670吨,"
106 西安号，051型(旅大I级)驱逐舰第二艘，大连红旗造船厂建造，1969年1月开工，1970年9月于下水，1971年1月组建，1974年11月28日正式加入中国人民海军北海舰队战斗序列，1986年12月被中央军委正式命名为“西安”号舰。2007年9月29日退役，同年10月22日交付武汉海军工程大学，成为教学实习舰。
",NULL,2970海里/18节,2座三联装“HY-1”导弹发射架；2座76式58倍口径130毫米双管主炮；4座61式37毫米双管舰炮；4座61式25毫米双管舰炮；2具2500型12管反潜火箭深弹发射器；深弹发射装置4座，深弹投放架2座。,NULL,NULL,NULL,12.8米,NULL,NULL,舰船舰艇,驱逐舰,280人,132米,中国,亚洲,36节,NULL,NULL,“西安”号(106) ,1969年1月,NULL,NULL,{'$oid': '5cc931bb831b973d657f1656'},NULL,1970年9月,2000-5000吨,1974年11月28日
http://images.huanqiu.com/sarons/2013/11/c4dfe40768a6d856f6d5c763c4822b1a.jpg,NULL,NULL,3670吨,163 南昌号，051D型(旅大I级)驱逐舰，1977年12月28日广州造船厂开工制造，1979年12月22日下水，1982年11月15日服役于南海舰队，2004年调往北海舰队。,广州造船厂,NULL,NULL,NULL,NULL,NULL,12.8米,NULL,4.6米,舰船舰艇,驱逐舰,368人,132米,中国,NULL,36节,NULL,105济南舰，106西安舰，107银川舰，108西宁舰，109开封舰，110大连舰,“南昌”号(163),1977年12月28日,NULL,NULL,{'$oid': '5cc931bb831b973d657f1657'},NULL,1979年12月22日,2000-5000吨,1982年11月15日
http://images.huanqiu.com/sarons/2013/11/32943bf40e31f9c4bece885f6129962f.jpg,NULL,退役,2040吨,"
07型驱逐舰（北约代号：鞍山级）是中国人民解放军海军正式装备的第一种驱逐舰，该型号共装备4艘，均为20世纪50年代购置于前苏联，为前苏联海军的7型驱逐舰（愤怒级），在中国称为6607型驱逐舰或简称为07型驱逐舰。该型四舰在1969-1970年间均拆除原有鱼雷发射管，换装2座双联装上游-1(SY-1) 型反舰导弹发射架。该型号舰只直到20世纪90年代初才正式退役，多用作展示舰或者停泊于军校作为教学使用。
",苏联DalzavodVladivostok厂,2670海里 / 19节,NULL,NULL,NULL,NULL,10.2米,051型驱逐舰（旅大级）,10米,舰船舰艇,驱逐舰,NULL,112.8米,中国,NULL,NULL,NULL,101  鞍山 Рекордный (记录)，102 抚顺 Резкий (尖锐），103长春 Решительный （坚决），104太原 Ретивый (热心) ,鞍山级驱逐舰,1935年,NULL,NULL,{'$oid': '5cc931bb831b973d657f1658'},NULL,1939年,2000-5000吨,1941年
NULL,NULL,NULL,4800吨,"
王建号驱逐舰是韩国独自制造的宙斯盾驱逐舰KDX-Ⅱ型驱逐舰的4号舰，舷号978，由现代重工业公司建造，以朝鲜半岛历史上的统一国家高丽王朝开国国王王建的名字命名。2005年5月4日在蔚山的现代重工船厂下水。
",韩国大宇造船/船用工程公司（DSME）和现代重工公司（HHI）的两大造船厂,NULL,NULL,NULL,NULL,NULL,16.9米,NULL,NULL,舰船舰艇,驱逐舰,300人,154.4米,韩国,NULL,30节,NULL,NULL,“王建”号驱逐舰,NULL,NULL,NULL,{'$oid': '5cc931bb831b973d657f1659'},NULL,2005年5月4日,2000-5000吨,2006年
NULL,日向级直升机驱逐舰,建造中,27500吨,"
出云级护卫舰（日语：いずも型護衛艦，英语：Izumo-class helicopter destroyer），是日本海上自卫队装备的一个直升机航空母舰舰级（由于《战后宪法》规定日本禁止制造与操作航空母舰，因此将此类船只改称为直升机护卫舰（Helicopter Destroyer, DDH））。出云级计划被用于取代1980年代初期即开始服役，已老旧化的白根级。有报道认为，相较于之前的日向级，出云级在设计上更容易改装为搭载F35B固定翼舰载机的轻型航空母舰。
",NULL,NULL,NULL,NULL,NULL,NULL,38米,NULL,NULL,舰船舰艇,驱逐舰,970人,248米,日本,NULL,30节,NULL,NULL,出云号直升机驱逐舰,2009年,NULL,NULL,{'$oid': '5cc931bb831b973d657f165a'},NULL,2013年8月6日,10000-50000吨,NULL
http://images.huanqiu.com/sarons/2013/12/95c5487b6715256677cad833bb17862a.jpg,忠武公李舜臣级驱逐舰,在役,11200吨,"
世宗大王级驱逐舰（韩：세종대왕급 구축함，KDX-III）是韩国海军第三阶段研制的新型驱逐舰。直至2011年，韩国政府已经订制了3艘。栗谷李珥号驱逐舰为继“世宗大王”号之后的韩国第二艘宙斯盾驱逐舰，2006年签署协定后，时隔4年2个月建造完毕。2008年11月14日下水、2010年9月1日正式加入韩国海军现役。舷号DDG-992。栗谷李珥号宙斯盾驱逐舰该舰由韩国大宇船厂建造，隶属于韩国第七机动战团，可在朝鲜半岛海域执行任务。
",大宇建船及海洋工程集团,5500海浬/20节,NULL,NULL,NULL,NULL,21.4米,NULL,NULL,舰船舰艇,驱逐舰,300人,166米,韩国,朝鲜半岛海域,30节,NULL,“世宗大王”号宙斯盾舰，“权栗”号宙斯盾舰,“栗谷李珥”号宙斯盾舰,NULL,NULL,NULL,{'$oid': '5cc931bb831b973d657f165b'},NULL,2008年11月14日,10000-50000吨,2010年08月31日
NULL,NULL,NULL,4070吨,NULL,NULL,5500海里/20节,NULL,NULL,NULL,NULL,13.4米,NULL,NULL,舰船舰艇,驱逐舰,290人,131米,日本,NULL,33节,NULL,NULL,天津风级驱逐舰,1962年,NULL,NULL,{'$oid': '5cc931bb831b973d657f165c'},NULL,1963年,2000-5000吨,1965年
http://images.huanqiu.com/sarons/2013/11/43212cb94e924112c72730643def4480.jpg,NULL,NULL,7100吨,NULL,NULL,6500海里/15节,NULL,NULL,NULL,NULL,17米,NULL,NULL,舰船舰艇,驱逐舰,280人,155米,中国,NULL,30节,NULL,NULL,沈阳号(115)导弹驱逐舰,2003年,NULL,"2座4联YJ-83反舰导弹发射架。舰空导弹",{'$oid': '5cc931bc831b973d657f165d'},NULL,2004年12月28日,5000-10000吨,2006年1月1日
NULL,NULL,NULL,5500吨,"
韩国海军忠武公李舜臣级驱逐舰的DDH 981号驱逐舰被称为崔莹号，于2006年10月20日下水，2008年9月4日正式服役。此舰曾在亚丁湾黎明作战中隶属于“清海部队”被派到索马里附近海域，于2011年1月21日成功将被海贼劫持的韩国化学货轮三湖珠宝号救回。
",韩国大宇造船/船用工程公司（DSME）和现代重工公司（HHI）的两大造船厂,NULL,NULL,NULL,NULL,NULL,17米,NULL,NULL,舰船舰艇,驱逐舰,300人,150米,韩国,NULL,30节,NULL,NULL,“崔莹”号驱逐舰,NULL,NULL,NULL,{'$oid': '5cc931bc831b973d657f165e'},NULL,2006年10月20日,5000-10000吨,2008年9月4日
http://images.huanqiu.com/sarons/2013/12/a204e154753bbfbc193d1d256d1c7a7b.jpg,忠武公李舜臣级驱逐舰,在役,11200吨,NULL,韩国现代重工船厂,5500海浬/20节,NULL,NULL,NULL,NULL,21.4米,NULL,NULL,舰船舰艇,驱逐舰,400人,167.9米,韩国,NULL,30节,NULL,世宗大王号，栗谷李珥号,“权栗”号宙斯盾舰,NULL,NULL,NULL,{'$oid': '5cc931bc831b973d657f165f'},NULL,2011年3月24日,10000-50000吨,2012年08月30日
NULL,NULL,NULL,10000吨,"


 
",NULL,4500海里/20节,NULL,NULL,NULL,NULL,21米,NULL,NULL,舰船舰艇,驱逐舰,310人,165米,日本,NULL,30节,NULL,NULL,爱宕级驱逐舰,2000年后,NULL,NULL,{'$oid': '5cc931bc831b973d657f1660'},NULL,NULL,10000-50000吨,NULL
NULL,NULL,NULL,NULL,NULL,DD-164、166──石川岛播磨重工东京厂 DD-165、167──三菱重工长崎厂,NULL,NULL,NULL,NULL,NULL,11.4米,NULL,NULL,舰船舰艇,驱逐舰,260人,136米,日本,NULL,31节,NULL,NULL,高月级驱逐舰,1964年,NULL,NULL,{'$oid': '5cc931bc831b973d657f1661'},NULL,1966年,NULL,1967年
http://images.huanqiu.com/sarons/2013/12/a4630fe91684abd81398de046eab70bf.jpg,忠武公李舜臣级驱逐舰,在役,10290吨,"
世宗大王级驱逐舰（韩：세종대왕급 구축함，KDX-III）是韩国驱逐舰实验计划”(Korean Destroyer Eepermental，简称KDX计划)KDX-3级的第三阶段驱逐舰。 “世宗大王”级，下设3艘舰。1号舰“世宗大王”号宙斯盾舰，2号“权栗”号宙斯盾舰以及3号“栗谷李珥”号宙斯盾舰。直至2011年，韩国政府已经订制了3艘。船只分别由现代重工业和大宇建船及海洋工程集团建造。

“世宗大王”号，是韩国自行研制的第三代KDX驱逐舰的首舰，“世宗大王”号的最大优势在于由强大的SPY-1D(V5)雷达和各种导弹以及机关炮构筑了三重防空网。
",现代重工业，大宇建船及海洋工程集团,NULL,NULL,NULL,NULL,NULL,21.4米,NULL,NULL,舰船舰艇,驱逐舰,400人,165.9米,韩国,NULL,30节,NULL,DDG-991 世宗大王号，DDG-992 栗谷李珥号，DDG-993 西厓柳成龙号,“世宗大王”号宙斯盾驱逐舰,NULL,NULL,NULL,{'$oid': '5cc931bc831b973d657f1662'},NULL,2007年5月25日,10000-50000吨,2008年12月22日
http://images.huanqiu.com/sarons/2013/11/188fba320d0cc5cffeb15f7dc72f04ca.jpg,NULL,NULL,7400吨,NULL,NULL,6500海里/18节,NULL,NULL,15天,NULL,17米,NULL,NULL,舰船舰艇,驱逐舰,280人,155米,中国,NULL,30节,NULL,115沈阳舰,石家庄舰(116)驱逐舰,2005年4月12日,NULL,NULL,{'$oid': '5cc931bc831b973d657f1663'},NULL,2005年7月26日,5000-10000吨,2007年3月
http://images.huanqiu.com/sarons/2013/12/c407feae9b8cb302dcee22d0a9b50fd7.jpg,NULL,NULL,1225吨,"
桑普森级驱逐舰又被称为“一千吨级”型（"" Thousand Tonners "" Type），基本上是先前的塔克级（Tucker Class）的翻版。只是比先前的塔克级增加了鱼雷发射管数量。
",NULL,NULL,NULL,NULL,NULL,NULL,8.96米,NULL,NULL,舰船舰艇,驱逐舰,90人,96.09米,美国,NULL,29.5节,NULL,NULL,桑普森级驱逐舰/Tucker,1916年-1917年,NULL,NULL,{'$oid': '5cc931bd831b973d657f1664'},NULL,NULL,500-2000吨,NULL
http://images.huanqiu.com/sarons/2013/12/558d83bf631bfbbd3af29f2b9506e68a.jpg,NULL,NULL,2219吨,"
“格里德利”级是装有16个鱼雷发射管的超级驱逐舰，并在试航时达到40节的高速。这种十分成功的驱逐舰曾在与日本舰队的夜战中立下汗马功劳。
",NULL,1700海里/21节,NULL,NULL,NULL,"单管5吋高平两用炮4座（A、B主炮有炮塔，X、Y主炮无炮塔）；  鱼雷",10.92米,NULL,3.12米,舰船舰艇,驱逐舰,158人,103.89米,美国,NULL,38.5节,NULL,NULL,格里德利级驱逐舰/Gridley,NULL,NULL,NULL,{'$oid': '5cc931bd831b973d657f1665'},NULL,NULL,2000-5000吨,NULL
http://images.huanqiu.com/sarons/2013/12/e50df5ba5d43c9f83976e91380405473.jpg,NULL,NULL,2286吨,"
马汉级驱逐舰，美国建造的一系列有重鱼雷武装的驱逐舰。从“马汉”级开始，美国建造了一系列重鱼雷武装的驱逐舰。
",NULL,NULL,NULL,NULL,NULL,NULL,10.42米,NULL,NULL,舰船舰艇,驱逐舰,251人,104.09米,美国,NULL,36.5节,NULL,NULL,马汉级驱逐舰/Mahan,NULL,NULL,NULL,{'$oid': '5cc931bd831b973d657f1666'},NULL,NULL,2000-5000吨,NULL
NULL,NULL,退役,1154吨,"
“克莱姆森”级是著名的“平甲板”型（""FlushDecker""）四烟囱驱逐舰的第二批，是“威克斯”级的扩大改进型，增加了35%的燃油储备量。共建造了156艘，在1918年—1922年间完工。
",NULL,NULL,NULL,NULL,NULL,"单管4吋炮4座（DD-231—235为单管5吋炮3座，DD-208—209为双联4吋炮4座，二战中部分舰只改为单管3吋炮6座）；  鱼雷",9.44米,NULL,NULL,舰船舰艇,驱逐舰,NULL,95.8米,美国,NULL,35节,NULL,NULL,克莱姆森级驱逐舰/Clemson ,1918年—1922年,NULL,NULL,{'$oid': '5cc931bd831b973d657f1667'},NULL,NULL,500-2000吨,NULL
http://images.huanqiu.com/sarons/2013/12/26a2ea621594e59e7c30c1a820473e40.jpg,NULL,NULL,2356吨,"
“索墨斯”级是“格里德利”级的扩大改良型，用以装载曾用于“波特”级的双联5英寸炮塔，并搭载更多的防空武备。可惜该级的数艘驱逐舰在二战中无甚建树。
",NULL,NULL,NULL,NULL,NULL,"双联5吋炮4座（二战中减少为3座）；  鱼雷",11.19米,NULL,NULL,舰船舰艇,驱逐舰,235人,116.22米,美国,NULL,37.5节,NULL,NULL,索墨斯级驱逐舰/Somers,NULL,NULL,NULL,{'$oid': '5cc931bd831b973d657f1668'},NULL,NULL,2000-5000吨,NULL
http://images.huanqiu.com/sarons/2013/12/27924c566e5a2a79b820f4a99e571199.jpg,NULL,NULL,2186吨,"
“邓拉普”级是“马汉”级的翻版，也有把它归入“马汉”级的。
",NULL,NULL,NULL,NULL,NULL,"单管5吋炮4座（A、B主炮有炮塔，X、Y主炮无炮塔）；  鱼雷",10.82米,NULL,NULL,舰船舰艇,驱逐舰,251人,104米,美国,NULL,36节,NULL,NULL,邓拉普级驱逐舰/Dunlap,NULL,NULL,NULL,{'$oid': '5cc931bd831b973d657f1669'},NULL,NULL,2000-5000吨,NULL
http://images.huanqiu.com/sarons/2014/01/e4611052d60f3a8bee182ace2d48c06b.jpg,NULL,NULL,1200吨,"
“考德威尔”级是著名的“平甲板”型驱逐舰的原型，装有相当强的鱼雷武备。共造6艘，其中3艘1940年通过《驱逐舰换基地协议》移交英国皇家海军，并成为英国50艘“城”级驱逐舰的一部分。
",NULL,NULL,NULL,NULL,NULL,"单管4吋炮4座； 鱼雷",9.53米,NULL,NULL,舰船舰艇,驱逐舰,146人,96.16米,美国,NULL,35节,NULL,NULL,考德威尔级/Caldwell,NULL,NULL,NULL,{'$oid': '5cc931bd831b973d657f166a'},NULL,NULL,500-2000吨,NULL
NULL,NULL,NULL,2050吨,"
本森级是“西姆斯”级的改良型，但最大的改变是从单烟囱改为了两烟囱。1940年最初的6艘“本森”级完工，但不久海军倾注全力建造“弗莱彻”级驱逐舰，结果发现建造速度没有预想的那么快。
",NULL,NULL,NULL,NULL,NULL,NULL,10.82米,NULL,NULL,舰船舰艇,驱逐舰,276人,106.07米,美国,太平洋,36节,NULL,NULL,本森级/Benson 驱逐舰,NULL,NULL,NULL,{'$oid': '5cc931bd831b973d657f166b'},NULL,NULL,2000-5000吨,NULL
http://images.huanqiu.com/sarons/2013/12/943f49b10c94dc7ebbddfae95a9da227.jpg,NULL,NULL,1247吨,"
维克斯级驱逐舰（Wickes class destroyers），是美国海军在一次大战时所建造的考德威尔级驱逐舰之改良型，也是美国海军史上产量第五高，以及少数两次世界大战都有参与的舰艇。
",巴斯钢铁厂及伯利恒造船联福尔里弗造船厂、威廉·柯兰普兄弟造船公司及美国海军各海军造船厂,2500海里/20节,NULL,NULL,NULL,NULL,9.43米,NULL,2.79米,舰船舰艇,驱逐舰,100人,95.82米,美国,NULL,35.3节,NULL,NULL,维克斯级驱逐舰/Wickes ,一战前后,NULL,NULL,{'$oid': '5cc931be831b973d657f166c'},NULL,NULL,500-2000吨,NULL
http://images.huanqiu.com/sarons/2013/12/3f6f7da47b6d06540098b94c1de98b53.jpg,法拉格特级驱逐舰,NULL,2131吨,"
波特级驱逐舰（Porter class destroyer）是美国海军在30年代的舰队更新计划中所开发的第二种驱逐舰，也是美国第一种以向导驱逐舰（Destroyer Leader）为概念所开发的舰艇。是作为驱逐舰中队的领舰而设计的。“波特”级也是当时美国唯一一种载有备用鱼雷的驱逐舰。
",纽约造船厂，伯利恒造船，(福尔里弗造船厂),6500 nmi. at 12 ,NULL,NULL,NULL,NULL,11.02米,NULL,NULL,舰船舰艇,驱逐舰,194人,116米,美国,NULL,35节,NULL,NULL,波特级驱逐舰/Porter,1933年–1937年,NULL,NULL,{'$oid': '5cc931be831b973d657f166d'},NULL,NULL,2000-5000吨,NULL
http://images.huanqiu.com/sarons/2014/01/91deb52228ac77e06e4f34b27e2ca232.jpg,NULL,NULL,2286吨,"
“贝纳姆”级基本上是“格里德利”级的翻版，仅对舰桥等细节作了一些改动。该级驱逐舰不仅在太平洋战场功勋卓著，还参加地中海等战场的重要登陆战役。
",NULL,NULL,NULL,NULL,NULL,"单管127毫米高平两用炮4座（A、B主炮有炮塔，X、Y主炮无炮塔）；鱼雷",10.58米,NULL,3米,舰船舰艇,驱逐舰,251人,104.03米,美国,NULL,35节,NULL,NULL,贝纳姆级驱逐舰/Benham,NULL,NULL,NULL,{'$oid': '5cc931be831b973d657f166e'},NULL,NULL,2000-5000吨,NULL
http://images.huanqiu.com/sarons/2013/12/37b352f534170179f45dc45af8b07efc.jpg,NULL,NULL,1490吨,“埃德索尔”级护航驱逐舰是“坎农”级的翻版，但对动力装置作了一些小的改进。有21艘“埃德索尔”级战后曾一度交给美国海岸警卫队使用。,NULL,NULL,NULL,NULL,NULL,NULL,11.13米,NULL,NULL,舰船舰艇,驱逐舰,186人,93.27米,美国,北美洲,21节,NULL,NULL,埃德索尔级/Edsal驱逐舰,NULL,NULL,NULL,{'$oid': '5cc931be831b973d657f166f'},NULL,NULL,500-2000吨,NULL
NULL,NULL,退役,2400吨,NULL,NULL,4500海里/14节,NULL,NULL,NULL,NULL,10.36米,NULL,NULL,舰船舰艇,驱逐舰,NULL,118米,日本,NULL,38节,NULL,NULL,吹雪级/Fubuki 驱逐舰,1927年,NULL,NULL,{'$oid': '5cc931be831b973d657f1670'},NULL,1928年,2000-5000吨,NULL
http://images.huanqiu.com/sarons/2013/12/f39e6c13413287b71480f72b7296fdb5.jpg,NULL,NULL,1900吨,"
西姆斯级是美国一系列单烟囱驱逐舰的最后一型，这级相当成功的驱逐舰修正了以前几级的缺点，减少了鱼雷发射管用以增设防空武备。
",NULL,NULL,NULL,NULL,NULL,NULL,10.67米,NULL,NULL,舰船舰艇,驱逐舰,251人,105.77米,美国,太平洋,36.5节,NULL,NULL,西姆斯级/Sims,NULL,NULL,NULL,{'$oid': '5cc931be831b973d657f1671'},NULL,NULL,500-2000吨,NULL
NULL,NULL,NULL,1780吨,"
拉德罗级护航驱逐舰是“巴克利”级的改进型，除将主炮全部改换两座单管5英寸高平两用炮外，还在舰首方向增设一座40毫米机关炮，另外，舰桥与烟囱的高度也被降低，故其低矮的外形与前几级舰有明显区别。
",NULL,NULL,NULL,NULL,NULL,NULL,11.2米,NULL,NULL,舰船舰艇,驱逐舰,276人,93.27米,美国,太平洋,24节,NULL,NULL,拉德罗级/Rudderow ,NULL,NULL,NULL,{'$oid': '5cc931be831b973d657f1672'},NULL,NULL,500-2000吨,NULL
NULL,NULL,退役,2077吨,NULL,NULL,NULL,NULL,NULL,NULL,NULL,10.67米,NULL,NULL,舰船舰艇,驱逐舰,225人,119.18米,日本,NULL,35.5节,NULL,NULL,夕云级/Yugumo 驱逐舰,1940年,NULL,NULL,{'$oid': '5cc931bf831b973d657f1673'},NULL,1941年,2000-5000吨,NULL
NULL,NULL,NULL,2000吨,格立夫斯级又称“本森-格立夫斯”级，是“本森”级的翻版。,NULL,NULL,NULL,NULL,NULL,NULL,10.97米,NULL,NULL,舰船舰艇,驱逐舰,276人,106.17米,美国,太平洋,37节,NULL,NULL,格立夫斯级/Gleaves 驱逐舰,NULL,NULL,NULL,{'$oid': '5cc931bf831b973d657f1674'},NULL,NULL,2000-5000吨,NULL
NULL,NULL,退役,2500吨,NULL,NULL,18节/6000海里,NULL,NULL,NULL,NULL,10.82米,NULL,NULL,舰船舰艇,驱逐舰,228人,118.49米,日本,NULL,35节,NULL,NULL,阳炎级/Kagero 驱逐舰,1937年,NULL,NULL,{'$oid': '5cc931bf831b973d657f1675'},NULL,1939年,2000-5000吨,NULL
NULL,NULL,退役,2260吨,NULL,佐世保海军工厂,5000海里/14节,NULL,NULL,NULL,NULL,10.36米,NULL,NULL,舰船舰艇,驱逐舰,233人,118.5米,日本,NULL,38节,NULL,NULL,晓级/Akatsuki 驱逐舰,1930年,NULL,NULL,{'$oid': '5cc931bf831b973d657f1676'},NULL,1932年,2000-5000吨,1932年
http://images.huanqiu.com/sarons/2013/12/44c9403c576a9cd2d7a68750eb54aa4c.jpg,NULL,1944年10月25日在恩加诺角被美军飞机炸沉（秋月号）。,3878吨,NULL,NULL,8000海里/18节,NULL,NULL,NULL,NULL,11.6米,NULL,NULL,舰船舰艇,驱逐舰,315人,134.2米,日本,太平洋,33节,"双联装九八式100公厘高射炮4座共8门；双联装25公厘机炮2座；61公厘4连装鱼雷发射管1座；（九三式鱼雷8枚）；九五式爆雷54个。",秋月，照月，凉月，初月，新月，若月，霜月，冬月，花月，宵月，春月，满月,秋月级/Akizuki,1940年7月30日（秋月号）,NULL,NULL,{'$oid': '5cc931bf831b973d657f1677'},NULL,1941年7月2日（秋月号）,2000-5000吨,NULL
http://images.huanqiu.com/sarons/2013/12/8ca82cd50373e84de947dace460cfa97.jpg,江风型,11艘损失，4艘退役。,1650吨,NULL,舞鹤海军工厂10艘，三菱长崎造船所5艘。,14节/3600海里,NULL,NULL,NULL,NULL,8.92米,神风型（二代），改峰风型,NULL,舰船舰艇,驱逐舰,154人,102.6米,日本,NULL,39节,NULL,峰风，泽风，冲风，岛风，滩风，矢风，羽风，汐风，秋风，夕风，太刀风，帆风，野风，波风，沼风,峰风级/Minekaze驱逐舰,1917年,NULL,NULL,{'$oid': '5cc931bf831b973d657f1678'},NULL,1919年2月8日（峰风号）,2000-5000吨,1920年
http://images.huanqiu.com/sarons/2013/12/46d4075d4ad5b85c7b0b6082f82227f4.jpg,初春型驱逐舰,10艘损失。,2011吨,NULL,佐世保工厂完工（白露号）,4000海里/18节,NULL,NULL,NULL,NULL,9.9米,朝潮型驱逐舰，改白露型,NULL,舰船舰艇,驱逐舰,226人,111米,日本,NULL,34节,NULL,白露，时雨，村雨，夕立，春雨，五月雨，海风，山风，江风，凉风,白露级/Shiratsuyu驱逐舰,1933年11月14日（白露号）,NULL,NULL,{'$oid': '5cc931bf831b973d657f1679'},NULL,1935年4月5日（白露号）,2000-5000吨,NULL
NULL,NULL,退役,1772吨,NULL,佐世保海军工厂,NULL,NULL,NULL,NULL,NULL,9.16米,NULL,NULL,舰船舰艇,驱逐舰,154人,102.72米,日本,NULL,37.3节,NULL,NULL,睦月级/Mutsuki 驱逐舰,1924年,NULL,NULL,{'$oid': '5cc931bf831b973d657f167a'},NULL,1925年,2000-5000吨,1926年
NULL,NULL,NULL,3048吨,"
1941年8月8日，日本丙型驱逐舰首舰在舞鹤工厂动工。日本有史以来航速突破40节大关的记录只有在1920年由旧峰风级驱逐舰岛风号实现过，所以第一艘丙驱也命名为岛风以兹纪念。
",舞鹤海军工厂,8000海里/18节,NULL,NULL,NULL,NULL,11.2米,NULL,NULL,舰船舰艇,驱逐舰,267人,129.5米,日本,NULL,39节,NULL,NULL,岛风级/Shimakaze 驱逐舰,1941年,NULL,NULL,{'$oid': '5cc931bf831b973d657f167b'},NULL,1942年,2000-5000吨,1943年
http://images.huanqiu.com/sarons/2014/05/1519a71e9b32e939cec16fdaf55aed69.jpg,NULL,未完工,14564吨,NULL,巴斯钢铁造船厂,NULL,NULL,NULL,NULL,NULL,24.1米,NULL,NULL,舰船舰艇,驱逐舰,NULL,182.8米,美国,NULL,NULL,NULL,NULL,DDG1000朱姆沃尔特驱逐舰,NULL,NULL,NULL,{'$oid': '5cc931c0831b973d657f167c'},NULL,2013年10月28,10000-50000吨,NULL
http://images.huanqiu.com/sarons/2013/12/d3b7c53295f41a751ef2a41636636aa4.jpg,白露型驱逐舰,1943年3月3日沉没（朝潮号）,2370吨,NULL,佐世保海军工厂（朝潮号）,1080海里/18节,NULL,NULL,NULL,NULL,10.3米,阳炎型驱逐舰,NULL,舰船舰艇,驱逐舰,230人,118米,日本,NULL,35节,NULL,朝潮，大潮，満潮，荒潮，山云，夏云，朝云，峰云，霰，霞,朝潮级/Asashio 驱逐舰,1935年9月7日（朝潮号）,NULL,NULL,{'$oid': '5cc931c0831b973d657f167d'},NULL,1936年12月16日（朝潮号）,2000-5000吨,NULL
http://images.huanqiu.com/sarons/2013/12/14e44cd4135b44e179629c121d5d7ab3.jpg,NULL,NULL,2420吨,"
部族级驱逐舰是二战中英国海军最著名的一级驱逐舰，其设计目的是为了对抗其他国家的大型驱逐舰，例如日本的吹雪级。虽然部族级比以前建造的舰队驱逐舰更大武备更强，但在实际使用时和普通驱逐舰的做法没什么两样。部族级驱逐舰自1938年开始服役，长年奋战在艰苦的第一线。在英国海军中服役的16艘部族级，战争结束时只剩下4艘。
",NULL,NULL,NULL,NULL,NULL,NULL,11.13米,NULL,NULL,舰船舰艇,驱逐舰,190人,115.06米,英国,NULL,35.5节,NULL,NULL,部族级驱逐舰/Tribal,NULL,NULL,NULL,{'$oid': '5cc931c0831b973d657f167e'},NULL,NULL,2000-5000吨,NULL
http://images.huanqiu.com/sarons/2013/12/475b354bf74649b0193169c67343e923.jpg,峰风型驱逐舰,损失7艘，2艘除役,NULL,NULL,三菱造船长崎造船所,3600海里/14节,NULL,NULL,NULL,NULL,9.16米,睦月型驱逐舰,NULL,舰船舰艇,驱逐舰,148人,102.6米,日本,NULL,37.5节,NULL,神风，朝风，春风，松风，旗风，追风，疾风，朝凪，夕凪,神风级/Kamikaze,1921年12月15日（神风号）,NULL,NULL,{'$oid': '5cc931c0831b973d657f167f'},NULL,1922年9月25日（神风号）,2000-5000吨,NULL
http://images.huanqiu.com/sarons/2013/12/dfd409439d2ffb6bb05eba42372d1bb7.jpg,NULL,NULL,NULL,"
二战结束前，英国皇家海军提出了一种防空、反潜武备并重，并能在较小的船厂建造的驱逐舰，这就是“兵器”级。该级原计划建造20艘，但由于战争的结束，仅有4艘完工，后来经过现代化改装，但并不彻底，皆于60年代退役。
",NULL,NULL,NULL,NULL,NULL,NULL,12米,NULL,NULL,舰船舰艇,驱逐舰,NULL,111米,英国,NULL,NULL,NULL,NULL,兵器级驱逐舰/Weapon,NULL,NULL,NULL,{'$oid': '5cc931c0831b973d657f1680'},NULL,NULL,NULL,NULL
http://images.huanqiu.com/sarons/2013/12/3f5f846d037cc7e014ff6dc2da4a8669.jpg,NULL,NULL,3155吨,"
Z级驱逐舰是第二次世界大战纳粹德国海军的驱逐舰总称，分辨方式以年份作为区别，1939年战争爆发时有三种类型共21艘服役，在开战后直到战争结束又有三种构型共19艘完工。俗称Z级的Z来自德语的驱逐舰（Zerstörer）。
",德意志造船厂,19节/1900海里,NULL,NULL,NULL,NULL,11.3米,NULL,NULL,舰船舰艇,驱逐舰,325人,119米,德国,NULL,36节,NULL,NULL,Z级驱逐舰,NULL,NULL,NULL,{'$oid': '5cc931c0831b973d657f1681'},NULL,NULL,2000-5000吨,1937-1945年
NULL,NULL,NULL,1508吨,"
早在日德兰海战前两个月，英国便订购了新型的V级驱逐舰，它是作为R级和S级的领舰而建造的，因此吨位、武备均大大超过R级和S级。而新设计的舰首高位火炮，即取消舰中部Q炮位而在舰首A炮位上方设置B炮位，更是驱逐舰设计史上的一大革新。1917年―1918年V级共完工30艘，其中标准型28艘，桑尼克罗夫特型2艘。1918年英国将V级的两座双联鱼雷发射管改为三联鱼雷发射管，即成为W级，共建造21艘，其中标准型19艘，桑尼克罗夫特型2艘。不久英国又订购了改进的W级，主炮口径由原来V级和W级的4炮弹由原来的14.5千克增至20千克。1919年―1924年改进的W级共完成16艘，其中标准型分Ⅰ型和Ⅱ型，各7艘，还有桑尼克罗夫特型2艘。庞大的V级、W级和改进的W级舰群除去一战沉没的及部分和平时期解体的，还剩58艘参加第二次世界大战，并合称V/W级。
",NULL,NULL,NULL,NULL,NULL,NULL,8.99米,NULL,NULL,舰船舰艇,驱逐舰,52人,95.1米,英国,NULL,34节,NULL,NULL,V/W级驱逐舰,1917年-1918年,"单管12磅防空炮（W级之后改为2磅乒乓炮）1座，0.303?剂跻姿够?枪5挺；反潜兵器",NULL,{'$oid': '5cc931c1831b973d657f1682'},NULL,NULL,2000-5000吨,NULL
http://images.huanqiu.com/sarons/2013/12/917528aeff6d65c215cfb345f5287d24.jpg,NULL,NULL,NULL,"
法国二战期间建造的一款驱逐舰。埃格利于1942年11月27在土伦港自沉，1943月11月24被美机彻底炸毁。
",NULL,NULL,NULL,NULL,NULL,NULL,12米,NULL,NULL,舰船舰艇,驱逐舰,180人,129米,法国,NULL,38节,NULL,NULL,鹰级/Aigle/埃格利,NULL,NULL,NULL,{'$oid': '5cc931c1831b973d657f1683'},NULL,NULL,2000-5000吨,NULL
