名称,大类,最大飞行速度,翼展,发动机,首飞时间,发动机数量,旋翼直径,退役时间,最大航程,_id,生产单位,图片,机高,空重,服役时间,产国,飞行速度,类型,简介,研发单位,气动布局,乘员,机长,最大起飞重量
埃隆卡O-58“蚱蜢”轻型观察机,飞行器,139千米每小时,10.67米,大陆O-170-3发动机,1941年,单发,NULL,NULL,350千米,{'$oid': '5cc930f4831b973d657f11bb'},NULL,http://images.huanqiu.com/sarons/2013/08/25ea0dd8d7e5fd17c74b1e9806fdfef5.jpg,2.34米,379千克,1941年,美国,亚音速,侦察机,埃隆卡O-58“蚱蜢”，是第二次世界大战末期，埃隆卡公司为美国陆军设计制造的一款用于军事观察或联络的轻型飞机。战争期间被大量制造，主要用于情报侦察和联络运输，是美国陆军航空队成立之初使用的飞机，同时也是埃隆卡公司最成功的产品之一。,埃隆卡公司,平直翼,2人,6.4米,590千克
柏林纳-乔伊斯OJ-2侦察机,飞行器,242千米每小时,10.3米,普-惠R-985-A“小黄蜂”发动机,1931年年初,单发,NULL,NULL,816千米,{'$oid': '5cc930f4831b973d657f11bc'},NULL,http://images.huanqiu.com/sarons/2013/07/7d8b162b3dc0b9029f3b4f451edf5dd4.jpg,3.41米,1143千克,NULL,美国,亚音速,侦察机,"
柏林纳-乔伊斯OJ-2侦察机，是1929年伯林纳-乔伊斯公司应美国海军航空航天局的公开招标，研发分一种可以在奥马哈级巡洋舰上使用的轻型飞机，最大起飞重量不超过1700千克。
",伯林纳·乔伊斯（Berliner Joyce）公司,平直翼,2人,7.86米,1646千克
P2V/P-2“海王星”,飞行器,539千米每小时,30.48米,两台莱特R-3350-26发动机,1945年5月17日,双发,NULL,NULL,6288千米,{'$oid': '5cc930f5831b973d657f11bd'},洛克希德公司,http://images.huanqiu.com/sarons/2013/08/7fe4f0cc41b234a525d04ab95f8feafc.jpg,18.58米,15833千克,1947年4月,美国,亚音速,侦察机,P-2海王星巡逻机（英文：P-2 Neptune）是美国洛克希德公司设计生产的一种海上巡逻机，被世界许多国家所采用，主要用途为海上巡逻、侦察和反潜作战，该机可以外加2具喷气引擎达成螺旋桨和喷气双引擎模式，低速巡航时可以只启动螺旋桨系统，高速时则同时启动4具引擎。,NULL,平直翼,7人,23.7米,29075千克
U/QU-22,飞行器,318千米每小时,9.78米,大陆IO-520-B,1959年9月14日,单发,NULL,NULL,1568千米,{'$oid': '5cc930f5831b973d657f11be'},NULL,,2.59米,1050千克,1959年,美国,亚音速,侦察机,"
比奇U/QU-22是一种单座单发电子侦察机，U-22是从商用的“富豪（Bonanza）”36型发展而来的，被美国空军购买，作为“铺路鹰（PaveEagle）”项目的一部分，在越南用作无人驾驶的电子情报收集机。
",比奇飞机公司,平直翼,1人,8.04米,1633千克
F-5L巡逻机,飞行器,144千米每小时,31.67米,两台自由12A发动机, 1918年初,单发,NULL,NULL,1328千米,{'$oid': '5cc930f5831b973d657f11bf'},NULL,,5.76米,3955千克,NULL,美国,亚音速,侦察机,"
1918年问世的F-5L型飞机是在英格兰建造和测试原型的设计，然后在费城海军飞机厂进行了进一步的修改，以满足在战时条件下的生产方法。 美国制造的版本叫寇蒂斯F-5L，寇蒂斯F-5L是四座双发双翼水上巡逻机。
",寇蒂斯公司,平直翼,4人,15.04米,6169千克
YO-3A侦察机,飞行器,179千米每小时,17.37米,人陆IO-3600发动机,1969年,单发,NULL,NULL,640千米,{'$oid': '5cc930f5831b973d657f11c0'},NULL,http://images.huanqiu.com/sarons/2013/08/89fa0206ea6cce27ce5c6906a4f3d47a.jpg,2.8米,1420千克,NULL,美国,亚音速,侦察机,,美国洛克希德公司,平直翼,6人,9.14米,1724千克
U-21“犹他人”和T-44“飞马”,飞行器,397千米每小时,13.74米,两台普-惠PT6A-20,1967年3月,双发,NULL,NULL,1536千米,{'$oid': '5cc930f5831b973d657f11c1'},NULL,http://images.huanqiu.com/sarons/2013/07/75dabc0411278da784a7b714493c9fd8.jpg,4.32米,1275千克,NULL,美国,亚音速,侦察机,1963年5月，比奇公司开始了配备两台普-惠PT6A-6涡轮螺旋桨发动机的“空中女王（QueenAir）”试飞。第二年年初，该公司发布了新的65-90型“空中女王”，与1963年的独特的PT6A驱动的“空中女王”相比，它换用了其他发动机。1966年10月，美国陆军选中新机型进入生产，这种非增压的比奇飞机被命名为U-21A“犹他人（Ute）”。,比奇飞机公司,平直翼,11人,10.85米,4377千克
OV-1“莫霍克”,飞行器,478千米每小时,14.63米,两台莱康明T53-L-15发动机,1959年4月14日,单发,NULL,NULL,1980千米,{'$oid': '5cc930f6831b973d657f11c2'},NULL,http://images.huanqiu.com/sarons/2013/08/8f0146183a798ae0f658e7dc993c7a68.jpg,3.86米,5020千克,1961年2月,美国,亚音速,侦察机,"
OV-l“莫霍克”是回应美国陆军对于专门的战场观察平台的招标而制造的。令该机引以为荣的是它的短场起降能力、机组装甲和使它在遭受小火力攻击后仍能继续飞行的系统冗余，事实证明，“莫霍克”是理想的观察平台。
",格鲁曼公司,NULL,2人,12.5米,8722千克
P4M“莫卡托”,飞行器,661千米每小时,34.75米,两台普-惠“黄蜂长”R-4360-20A发动机、两台阿里逊J-33-10A发动机,1946年9月20日,双发,NULL,1960年5月,5000千米,{'$oid': '5cc930f6831b973d657f11c3'},NULL,http://images.huanqiu.com/sarons/2013/08/bbeafe8e230a46c61547583672a6ce90.jpg,9.07米,19695千克,1950年6月,美国,NULL,侦察机,"
P4M“莫卡托”，是1946年由格伦·马丁公司建造的一款海上侦察飞机。P4M“莫卡托” 是美国远程海上巡逻轰炸机项目的竞争失败者。其不同寻常之处在于，它采用了活塞与涡轮喷气双动力。
",格伦·马丁公司,后掠翼,16人,25.98米,37820千克
YC-43“旅行家”联络机,飞行器,319千米每小时,9.75米,普-惠R-985-AN-1“小黄蜂”发动机,1932年11月4日,单发,NULL,1948年,805千米,{'$oid': '5cc930f6831b973d657f11c4'},NULL,http://images.huanqiu.com/sarons/2013/07/a1cf8039f61d177145a10519fa533c3a.jpg,3.12米,1399千克,1939,美国,亚音速,侦察机,,比奇飞行器,双翼,4人,7.98米,2123千克
SR-71侦察机,飞行器,3220千米每小时,16.95米,两台普-惠J58-1发动机,1964年12月22日,双发,NULL,1998年,4830千米,{'$oid': '5cc930f6831b973d657f11c5'},NULL,http://images.huanqiu.com/sarons/2013/08/637a44bca13824fd06cf8fb041762487.jpg,5.64米,27215千克,1966年,美国,亚音速,侦察机,,美国洛克希德公司,后掠翼,2人,37.74米,77110千克
U-2/TR-1 单座单发侦察机,飞行器,690千米每小时,31.39米,普-惠J75-P-13B发动机,1963年12月17日,单发,NULL,NULL,4830千米,{'$oid': '5cc930f6831b973d657f11c6'},美国洛克希德公司,http://images.huanqiu.com/sarons/2013/08/eb3b3631bac6d1f2cdab3d73a3c50fb3.jpg,4.88米,4355千克,1956年,美国,亚音速,侦察机,"
洛克希德U-2，外号“蛟龙夫人（Dragon Lady）”，是美国空军一种单座单发动机的高空侦察机。能不分昼夜于70,000英尺（21,336米）高空执行全天候侦察任务。在和平时期、危机、小规模冲突和战争中为决策者提供重要情报。此机亦用于电子感应器研发、确认卫星资料和校准。虽然首飞至今已经五十多年，但U-2仍然活跃于前线。
",NULL,平直翼,1人,19.13米,NULL
O-62/L-5/OY“哨兵”,飞行器,209千米每小时,10.36米,莱康明O-453-1发动机,1940年,单发,NULL,NULL,676千米,{'$oid': '5cc930f7831b973d657f11c7'},NULL,,2.41米,703千克,NULL,美国,亚音速,侦察机,"
L-5“哨兵”是第二次世界大战时期美国史丁森公司研制的一款双座高翼联络机。战争期间，“哨兵”遍布于美国军方的所有分支机构，以及英国的皇家空军部队。该款飞机仅有用于联络通信的军用型，大约被制造了3900架。
",美国史丁森公司,平直翼,2人,7.34米,916千克
OS2U“翠鸟”,飞行器,264千米每小时,10.95米,普-惠R-985-AN-2“小黄蜂”发动机,1938年7月20日,单发,NULL,1959年,1295千米,{'$oid': '5cc930f7831b973d657f11c8'},NULL,,4.61米,1870千克,NULL,美国,亚音速,侦察机,"
“翠鸟”是第二次世界大战中美国海军标准的水上侦察机，它既可以在海上使用也可以从大型军舰上通过弹射器起飞。由美国沃特公司于1937年研制成功，主要作为教练机和海岸巡逻机。
",美国沃特公司,平直翼,2人,10.32米,2722千克
O2U“海盗”,飞行器,237千米每小时,10.5米,普-惠R-1340-88“黄蜂”发动机,1926年10月11日,单发,NULL,NULL,980千米,{'$oid': '5cc930f7831b973d657f11c9'},NULL,http://images.huanqiu.com/sarons/2013/08/a07b236ca6b2e6b1e6713f4fa1735ba6.jpg,3.08米,1062千克,1927年,美国,亚音速,侦察机,,美国沃特公司（Vought）,平直翼,2人,7.47米,1766千克
O-2“超级空中霸主”,飞行器,320千米每小时,11.58米,两台泰莱达因-大陆IO-360C/D发动机,1964年3月30日,单发,NULL,NULL,2449千米,{'$oid': '5cc930f7831b973d657f11ca'},NULL,http://images.huanqiu.com/sarons/2013/08/a14865c1311d12a08a749748609c8d14.jpg,2.84米,1292千克,1967年,美国,亚音速,侦察机,"
尽管越南战争已为O-1飞机提供了最好服役时机，但对于更高级的空军前进控制（FAC）飞机的需求也更加明确了，这种飞机应该有更大的速度和更高的武器悬挂架。塞斯纳公司再次在337型“空中霸主”的基础上改进出军用版本来满足了这个需求，这就是众所周知的O-2“超级空中霸主”。独一无二的“推／挽”式布局保证了O-2的双发性能和可靠性，使得美国空军得以配备军用规格的无线电和四个翼下武器挂架。其他为空军前进控制职能所做的改进包括机身上为右侧座位上的观察员另外加开的观察窗。
",塞斯纳公司,平直翼,2人,9.07米,2449千克
UC-81/AT-19“信赖”,飞行器,227千米每小时,11.76米,莱康明R-680发动机,1933年,单发,NULL,NULL,1303千米,{'$oid': '5cc930f7831b973d657f11cb'},NULL,http://images.huanqiu.com/sarons/2013/08/e72fdec2b5f2f7c90e64f227202c4331.jpg,2.62米,1275千克,NULL,美国,亚音速,侦察机,"
UC-81“信赖”飞机是美国史丁森公司于20世纪30年代研制成功的一款单引擎四座高单翼飞机。“信赖”最先是被征用的民用飞机，先后服役于美国陆军航空部队、美国海岸警卫队和美国海军。直到第二次世纪大战结束后，再度转入民用市场。
",美国史丁森公司,平直翼,4人,9.14米,1814千克
L-27/U-3,飞行器,381千米每小时,11.25米,两台泰莱达因大陆IO-470-VO发动机,1953年1月3日,双发,NULL,NULL,1248千米,{'$oid': '5cc930f8831b973d657f11cc'},NULL,http://images.huanqiu.com/sarons/2013/08/6179699f49a3a2005884856b2fadd47a.jpg,3.02米,1293千克,1957年,美国,亚音速,侦察机,"
第二次世界大战后，塞斯纳公司的第一种轻型双发飞机是310型，它于1953年完成了首飞。这种飞机有着考究、现代的设计，1957年被美国空军选中，作为“无需定制”的通用和通信机。美国空军购买了160架未经修改的310，最初命名为L-27A，后来改名为L-3A。
",塞斯纳公司,平直翼,6人,8.99米,2087千克
L-13,飞行器,184千米每小时,12.35米,富兰克林O-425-5发动机,1945年年底,单发,NULL,NULL,589千米,{'$oid': '5cc930f8831b973d657f11cd'},NULL,http://images.huanqiu.com/sarons/2013/08/c8257d92f213c81defad252f1639d93c.jpg,4.22米,953千克,NULL,美国,亚音速,侦察机,"
L-13是位于密歇根州的、韦恩（Wayne）的史丁森公司设计的，头两架XL-13原型机于1945年年底首飞。尽管联合公司在1948年末把史丁森分公司卖给了佩帕公司，但是保留了L-13的所有权且在位于加利福尼亚圣地亚哥的康维尔工厂予以生产。最终于1947年-1948年为新组建的美国空军生产了300架L-13A，其中48架直接供给了国民空中卫队。这种飞机配备了更大功率的发动机、折叠翼和六个座位。1949年，另外制造了28架L-13B。幸存的L-13于20世纪50年代被卖给了民间买家。
",康维尔公司,平直翼,3人,9.68米,1588千克
O-49/L-1“警戒”观察机,飞行器,196千米每小时,15.52米,莱康明R-680-9发动机,1940年7月15日,单发,NULL,NULL,451千米,{'$oid': '5cc930f8831b973d657f11ce'},NULL,http://images.huanqiu.com/sarons/2013/08/d1b7cb8b849fda27d4d91691dd7f9bcc.jpg,3.1米,1211千克,1941年,美国,亚音速,侦察机,"
O-49“警戒”，是20世纪40年代美国史丁森飞机公司为美国陆军航空部队研制的一款轻型观察机，后更名为L-1型飞机。该型飞机共建造了324架。
",美国史丁森飞机公司,平直翼,2人,10.44米,1542千克
O-57/L-2“蚱蜢”,飞行器,142千米每小时,10.79米,大陆O-170-3发动机,1937年,单发,NULL,NULL,370千米,{'$oid': '5cc930f8831b973d657f11cf'},NULL,http://images.huanqiu.com/sarons/2013/08/a510e53a208ad385f24a9e36791253df.jpg,2.44米,397千克,NULL,美国,亚音速,侦察机,"
“蚱蜢”飞机，原是1941年美国泰勒公司生产一款的YO-57民用双座飞机。加以改进后，作为美国陆军航空部队的观察机，后改为联络机。在此基础之上，“蚱蜢”的衍生型飞机还被用于训练滑翔机驾驶员和出口至其他国家的空军。
",美国泰勒公司,平直翼,2人,6.93米,590千克
O3U/SU“海盗”,飞行器,262千米每小时,10.97米,普-惠R-1340-12“黄蜂”发动机,1930年,单发,NULL,NULL,1040千米,{'$oid': '5cc930f8831b973d657f11d0'},美国沃特公司,,3.53米,1333千克,NULL,美国,亚音速,侦察机,"
沃特公司的新“海盗”是基于O2U观察机／通用机的成功发展出来的，它和O2U的机型十分相似，变种机型O3U-1除了增加后掠角和下翼翻角外，基本没有其他变化。
",NULL,NULL,2人,8.32米,2019千克
SC“海鹰”,飞行器,504千米每小时,12.5米,莱特R-1820-62“旋风”发动机,1944年2月16日,单发,NULL,1949年,1006千米,{'$oid': '5cc930f8831b973d657f11d1'},寇蒂斯公司,http://images.huanqiu.com/sarons/2013/08/41f6f2d8932b6a28decdea469daee5b3.jpg,3.89米,2867千克,1944年,美国,亚音速,侦察机,"
SC海鹰是一款由寇蒂斯公司为美国海军设计开发的的水上飞机。该机旨在替代该公司的“海鸥（Seamew）”和沃特公司的“翠鸟（Kingsher）”。
",NULL,平直翼,1人,11.09米,4082千克
L-19/O-1“飞狗”,飞行器,243千米每小时,10.97米,大陆O-47-11发动机,1949年12月,单发,NULL,NULL,853千米,{'$oid': '5cc930f8831b973d657f11d2'},塞斯纳公司,http://images.huanqiu.com/sarons/2013/08/99c7ff3df9df32574f9d8160f39645a6.jpg,2.22米,732千克,NULL,美国,亚音速,侦察机,"
塞斯纳L-19（陆军命名）是为了代替二战时期的“蚱蜢”家族系列机而制造的。它由一台213马力的大陆O-47-11发动机驱动，与它的民用型前辈所用的145马力的大陆C145-2发动机有所不同，这意味着它更适合军用，特别是在越南战争的前几年中它所扮演的角色。1962年，它被重新命名为O-1，在当年停产前交付了3431架。其中大多数是O-1A（L-19A），后来的变种机型引入了强化配置和机翼武器如目标标记火箭弹。
",塞斯纳公司,平直翼,2人,7.85米,1087千克
UO/FU双翼观察机,飞行器,198千米每小时,10.46米,莱特J-3发动机,1922年,单发,NULL,1929年,637千米,{'$oid': '5cc930f9831b973d657f11d3'},NULL,,2.71米,678千克,1927年,美国,亚音速,侦察机,"
沃特公司的UO飞机，是沃特VF-7／9的改进型观察机，20世纪20年代早期大量生产。该机最初是作为战斗机设计的，但是到第一架UO-1原型机试飞时，性能更佳的飞机已经出现，因此，这种飞机被重新设计为不装备武器的观察机。除了莱特星形发动机和新的尾翼面以外，UO和VE的不同还在于它的更流线型的机身和更大的位于机首的驾驶舱。
",美国沃特公司,双翼,2人,8.65米,1046千克
“信使”M-1/MAT,飞行器,155千米每小时,6.1米,劳伦斯L-4发动机,1920年年底,单发,NULL,NULL,600千米,{'$oid': '5cc930f9831b973d657f11d4'},NULL,,2米,283千克,NULL,美国,亚音速,侦察机,,斯佩里飞机制造公司,平直翼,1人,5.1米,390千克
O-19,飞行器,221千米每小时,12.16米,普-惠R-1340-7发动机,1925年底,单发,NULL,NULL,928千米,{'$oid': '5cc930f9831b973d657f11d5'},NULL,,3.2米,1235千克,NULL,美国,亚音速,侦察机,,美国托马斯-摩尔斯公司,平直翼,2人,8.65米,1724千克
安-30,飞行器,540千米每小时,29.2米,AN-24BT涡桨发动机,1974年,双发,NULL,NULL,2630千米,{'$oid': '5cc930f9831b973d657f11d6'},NULL,http://images.huanqiu.com/sarons/2013/11/b46a6896192b3a7260433afb5ecf9012.jpg,8.32米,15590千克,NULL,苏/俄,亚音速,侦察机,,安东诺夫设计局,平直翼,7人,24.26米,23000千克
O-47,飞行器,355千米每小时,14.12米,莱特R-1820-49“旋风”发动机,1935年6月,单发,NULL,NULL,1207千米,{'$oid': '5cc930f9831b973d657f11d7'},NULL,http://images.huanqiu.com/sarons/2013/08/3e13609b5c6b6a3eba6d0f8003ab2350.jpg,3.71米,2712千克,1937年,美国,亚音速,侦察机,"
O-47是通用航空公司（北美公司的前身）应美国陆军的特别要求而研制的观察机。它采用低单翼、封闭式驾驶舱。衍生型号有O-47A及O-47B。在1941年训练演习O-47的不足之后，在二战中便被降级到拖曳目标，海岸巡逻，反潜巡逻等职责。
",通用航空公司（北美航空公司前身）,平直翼,3人,10.24米,3463千克
洛克希德U-2S高空侦察机,飞行器,812千米每小时,30.9米,普惠J75-P-13B 涡轮喷气发动机,1967年,单发,NULL,NULL,5633千米,{'$oid': '5cc930fa831b973d657f11d8'},洛克希德,http://images.huanqiu.com/sarons/2014/01/1cb368cec2462eb44d2d5aecf11e396b.jpg,4.8米,6800千克,1994年开始,美国,亚音速,侦察机,,NULL,平直翼,2人,19.1米,18600千克
延安二号,飞行器,190千米每小时,NULL,一台活塞-6丙发动机,1975年9月4日,单发,10米,NULL,230千米,{'$oid': '5cc930fa831b973d657f11d9'},南京航空航天大学、西北工业大学、湖江机器厂,http://images.huanqiu.com/sarons/2013/11/a596002e6e7d79c7d908cc7d79d86f81.jpg,2.56米,NULL,NULL,中国,亚音速,侦察机,"
延安二号，是我国第一架自行设计并初步试飞成功的轻型直升机。该机由南京航空航天大学、西北工业大学和湖江机器厂共同研制完成。该机体积小，操纵简便可靠，振动较小，舱内噪音低，飞行稳定性和操纵性好。该机1959年初步研制，后任务下马。1965年重新启动正式研制。1975年9月首飞，没有定型生产。

该机是根据部队提出的要求进行设计的，与其他直升机研制不同的是：“延安二号”直升机是由高等院校承担设计、试制任务的唯一的直升机产品，该机件始由西北工业大学承担研制任务（故被命名为“延安二号”），后又随着高校专业的调整（直升机专业从西北工大调整集中到南航），“延安二号”的研制又转到南京航空学院（现称：南京航空航天大学）负责，湖江机器厂也参加了研制工作。“延安二号”从 1965年开始设计，1967年完成全机静力试验，1975年9月4日首次试飞成功。
",南京航空航天大学、西北工业大学、湖江机器厂,单旋翼,2人,8米,1155千克
RC-135战略侦察机,飞行器,860千米每小时,44.4米,4台CFM国际公司的F-108-CF-201涡扇发动机,NULL,四发,NULL,NULL,12000千米,{'$oid': '5cc930fa831b973d657f11da'},波音公司,http://images.huanqiu.com/sarons/2013/11/f3c2d83e8de0ff39e4af8f49ec6d142b.jpg,12.95米,44663千克,1964年,美国,亚音速,侦察机,,波音公司,后掠翼,27人,46.6米,146000千克
C6N彩云舰上侦察机,飞行器,610千米每小时,12.5米,1x 中岛 誉21型 18缸往复式发动机,1943年5月15日,单发,NULL,NULL,5310千米,{'$oid': '5cc930fa831b973d657f11db'},NULL,http://images.huanqiu.com/sarons/2014/01/4fbb61e518470a9699bbb3ac7a4b5270.jpg,3.95米,2968千克,1946年,日本,亚音速,侦察机,,中岛飞机公司,平直翼,3人,11米,5260千克
T3M/T4M,飞行器,183千米每小时,16.15米,普-惠“大黄蜂”R-1690-24发动机,1925年,单发,NULL,NULL,585千米,{'$oid': '5cc930fa831b973d657f11dc'},NULL,,4.5米,1783千克,NULL,美国,亚音速,侦察机,,马丁公司,双翼,3人,10.84米,3661千克
L-4“蚱蜢”观察机,飞行器,137千米每小时,10.74米,大陆O-170-3发动机,1941年,单发,NULL,NULL,306千米,{'$oid': '5cc930fb831b973d657f11dd'},NULL,http://images.huanqiu.com/sarons/2013/08/5d0af37c0f9b5e9b33cfbfefe3b7427f.jpg,2.03米,331千克,NULL,美国,亚音速,侦察机,"
L-4“蚱蜢”，实质上是过去十年间的成功的民用机型的军用版本。佩帕公司的“蚱蜢”飞机是第二次世界大战中美国陆军航空部队使用频度很高的火炮定位和一线联络机。
",美国佩帕公司,平直翼,2人,6.71米,533千克
“哨兵”R.1地面监视飞机,飞行器,935千米每小时,28.7米,2 × Rolls-Royce BR710,2001年8月3日,双发,NULL,NULL,9852千米,{'$oid': '5cc930fb831b973d657f11de'},雷声系统公司，庞巴迪公司,http://images.huanqiu.com/sarons/2014/01/68b2abf0531cb963b8727cd7fe2a9eae.jpg,8.2米,24000千克,NULL,美国,亚音速,侦察机,"
1999年6月，雷声系统公司被英国国防部的ASTOR(机载防区外雷达)飞机项目选中，使用庞巴迪“全球快车”机身，装备ASARS-2地面监视雷达系统，采用SAR/MTI(合成孔径雷达/移动目标指示)模式。2001年8月3日，具有代表性气动机身的机型首飞，2004年5月26日，第一架采用生产型机身的飞机(ZJ690)首飞。2007年初，“哨兵”的5架Sqn机型开始在英国皇家空军服役。
",NULL,后掠翼,5人,30.3米,NULL
ki-4/94式侦察机,飞行器,300千米每小时,12米,气冷星型九汽缸引擎,NULL,单发,NULL,NULL,1200千米,{'$oid': '5cc930fb831b973d657f11df'},NULL,http://images.huanqiu.com/sarons/2014/01/45bb6980828244785dfb0a6603971e59.jpg,3.5米,1615千克,1934年7月,日本,亚音速,侦察机,,中岛飞机公司,双翼,2人,7.73米,2616千克
Ki-70试作司令部侦察机,飞行器,580千米每小时,17.8米,三菱HA-104引擎,1943年,双发,NULL,NULL,2500千米,{'$oid': '5cc930fb831b973d657f11e0'},立川飞行机株式会社,,NULL,5895千克,NULL,日本,亚音速,侦察机,日本陆军X系列验证机之一，为Ki46的后继机，主要验证生产高空高速度高机动飞行技术，不过成本高，加上Ki46的性能完全够用，所以没有批量生产。,NULL,平直翼,3人,14.5米,9855千克
C1M/10式舰上侦察机,飞行器,204千米每小时,12米,三菱HI式 水冷8汽缸（300马力）,NULL,双发,NULL,1938年,754千米,{'$oid': '5cc930fb831b973d657f11e1'},三菱重工业,http://images.huanqiu.com/sarons/2014/01/b4b8ab3eeacf62c88d76e845cc079152.jpg,2.9米,980千克,1924年11月,日本,亚音速,侦察机,,NULL,平直翼,2人,7.95米,1320千克
Ki-74试作远距离侦察爆撃机,飞行器,570千米每小时,27米,标称1810马力   三菱4式（HA104）复列星型气冷18缸发动机 ×2 ,NULL,双发,NULL,NULL,8000千米,{'$oid': '5cc930fb831b973d657f11e2'},NULL,,5.1米,10200千克,NULL,日本,亚音速,侦察机,"
Ki74原为空中侦察而设计的高速，高空侦察机。后来发展为远程高空，高速侦察/轰炸机，这种飞机如果从特鲁克与拉包儿起飞能轰炸美国西海岸，但生产很不顺利，直到1944年3月首机才制造完毕，战争结束时只完成了14架。
",立川飞行机株式会社,后掠翼,5人,17.65米,19400千克
Do 24水上侦察机,飞行器,341千米每小时,27米, 3部Bramo 323 9-汽缸星状发动机， 746 kW（1000 hp）,1937年7月3日,三发,NULL,NULL,NULL,{'$oid': '5cc930fb831b973d657f11e3'},NULL,http://images.huanqiu.com/sarons/2014/01/4121486f52aafa2746adb79a71623d15.jpg,5.9米,13740千克,1937年11月,德国,亚音速,侦察机,"
都尼尔 Do 24是为了满足荷兰海军需求并汰换远在荷属东印度服役的都尼尔 Wal所提出的计划案。 它采用全金属单翼机并采用广梁支撑的船壳结构并强化稳定故加装安定翼，该机动力来源来自三具故定于机翼上面的星型发动机。
",都尼尔艾威尔兰达Potez,平直翼,3人,22米,31800千克
Fw 189鸮鹰式侦察机,飞行器,357千米每小时,18.4米,2台Argus As 410 ， 342 kW（465 PS - 459 hp）,1938年7月,双发,NULL,1945年（德国空军）,670千米,{'$oid': '5cc930fc831b973d657f11e4'},福克-沃尔夫,,3.7米,2805千克,1941年8月,德国,亚音速,侦察机,"
福克-沃尔夫 Fw 189 鸮鹰式（Uhu）是隶属于纳粹德国空军一种三人座双尾椼型、战术性侦察机与陆军支援飞机。它的首型Fw 189 V1于1938年进行首飞，并于1940年进入部队服役，生产作业到1944年中期结束。虽然与亨克的He 219 战斗机同名但是两者的功能相差甚巨。
",库特.坦克,平直翼,3人,12米,3950千克
Fi-156鹳式联络观测机,飞行器,175千米每小时,14.25米,Argus As 10C-3 八汽缸直列式气冷引擎,1936年5月10日,单发,NULL,1945年,385千米,{'$oid': '5cc930fc831b973d657f11e5'},NULL,http://images.huanqiu.com/sarons/2014/01/14dfb147ca6eaf8cfbccc926c6b3caa9.jpg,3.05米,930千克,1937年,德国,亚音速,侦察机,"
Fi-156 STORCH （鹳式）是二战期间德国的轻型联络观测机，由Fieseler设计制造。此型飞机堪称为空气动力学的奇迹，除了具有极其优异的短场起降功能，极低的失速速度仅需要时速约51公里，对于乘员的安全性提供很大的助益。此机的操控性能获得飞行员的一致赞许，其平均寿命为著名战机Bf 109的10倍，二战期间几乎在所有德军前线都有它的踪影。
",Fieseler公司,平直翼,1人,9.9米,NULL
E13A/0式水上侦察机,飞行器,376千米每小时,14.5米,Mitsubishi Kinsei43 14缸气冷发动机 1060hp,1938年,单发,NULL,NULL,2090千米,{'$oid': '5cc930fc831b973d657f11e6'},NULL,http://images.huanqiu.com/sarons/2014/01/3a771e7a5702beeaf70300b3959e9c58.jpg,7.4米,NULL,NULL,日本,亚音速,侦察机,"
1938年首次试飞，1938-1945年持续生产，一共生产1418架。全金属结构，操纵面为布蒙皮。主要装备太平洋日本占领岛屿的守备部队和战列舰榛名号、重型巡洋舰利根、筑磨、高雄等舰船。E13A是日本水上飞机中产量最大的。15小时的续航力和执行任务的通用性使它十分成功。1944年最后的改型E13Ab入役，该型飞机已经加装日本最初的空对海搜索雷达。
",Aichi,平直翼,3人,11.3米,4000千克
Ar 196水上侦察机,飞行器,311千米每小时,15.1米,BMW 132K 9缸星型活塞发动机,1937年5月,双发,NULL,NULL,1.08千米,{'$oid': '5cc930fc831b973d657f11e7'},NULL,http://images.huanqiu.com/sarons/2014/01/3c6543077a35251b173a01964c0a9fe7.jpg,5米,2980千克,1938年11月,德国,亚音速,侦察机,"
Ar 196是一种由德国阿拉多飞机制造厂设计生产的舰载型水上侦察机。Ar 196由1936年起开始生产，并于1937年在德国海军的招标中胜出，自此成为纳粹德国海军舰队在第二次世界大战期间的标准舰载水上飞机。
",德国阿拉多飞机制造厂,平直翼,2人,11.7米,3720千克
Fw 200兀鹰式侦察机,飞行器,360千米每小时,32.85米,4×BMW/Bramo 323R-2引擎 9汽缸单列气冷星形发动机， 895 kW（1200马力）,1937年7月27日,四发,NULL,NULL,3560千米,{'$oid': '5cc930fc831b973d657f11e8'},NULL,http://images.huanqiu.com/sarons/2014/01/dd12b9eaca8e67454db72b2dc99a9b68.jpg,6.3米,17005千克,NULL,德国,亚音速,侦察机,"
福克-沃尔夫 Fw 200 兀鹰式（德语：Focke-Wulf Fw 200 Condor）是纳粹德国的一种全金属4引擎单翼机，由福克-沃尔夫所研制。原先作为客机使用，在第二次世界大战爆发后被空军用做远程侦察机、海军轰炸机与运输机。由于该机在德国对英国的大西洋海战中表现出色，重创英国运输船，导致英军资源匮乏，无法与德军作战，温斯顿·丘吉尔称其为“大西洋的祸害”（Scourge of the Atlantic）。
",福克-沃尔夫,平直翼,5人,23.45米,24520千克
E8N九五式水上侦察机,飞行器,301千米每小时,10.98米,中岛寿二型改风冷式发动机(630匹马力),1935年,单发,NULL,NULL,904千米,{'$oid': '5cc930fc831b973d657f11e9'},NULL,http://images.huanqiu.com/sarons/2014/01/c935ab408ed987b9bb211c7c3689b35e.jpg,3.84米,1320千克,1945年,日本,亚音速,侦察机,,中岛重工,双翼,2人,8.81米,NULL
九O式二号水上侦察机,飞行器,232千米每小时,10.97米,中岛寿二改型风冷式发动机(580匹马力),1930年,单发,NULL,NULL,1019千米,{'$oid': '5cc930fc831b973d657f11ea'},NULL,http://images.huanqiu.com/sarons/2014/01/6d33a3bb478e51a6b5e958fa146e6fc4.jpg,3.96米,1270千克,NULL,日本,亚音速,侦察机,,中岛重工,双翼,2人,8.86米,NULL
T-CH-1中兴号教练机,飞行器,592千米每小时,12.19米,莱康明T53-1-701A涡轮引擎,NULL,单发,NULL,NULL,2010千米,{'$oid': '5cc930fd831b973d657f11eb'},NULL,http://images.huanqiu.com/sarons/2014/01/5e4a5e45a75f3f8eadc709f430264b6f.jpg,NULL,2608千克,NULL,中国,亚音速,侦察机,"
T-CH-1中兴号教练机（英语：AIDC T-CH-1，法语：AIDC T-CH-1 Chung-Hsing）是全世界第一架采用涡轮引擎的螺旋桨教练机，为台湾航空工业发展中心自介寿号后，于1970年11月以美国T-28木马式教练机为基础开发的一种螺旋桨中级教练机。
",台湾航空工业发展中心,平直翼,2人,10.26米,5057千克
八八式侦察机,飞行器,220千米每小时,15.2米,BMW水冷十二汽缸引擎（450马力）,NULL,单发,NULL,NULL,1420千米,{'$oid': '5cc930fd831b973d657f11ec'},川崎重工业,http://images.huanqiu.com/sarons/2014/01/692bd9fbe7bb60dd53e3c1005908e45f.jpg,3.4米,1750千克,NULL,日本,亚音速,侦察机,"
八八式侦察机是珍珠港事件前旧日本陆军使用的侦察机。由川崎重工业设计制造，为昭和时代初期旧日本陆军代表性的军用机。
",NULL,双翼,2人,12.8米,2800千克
Arado系列战机,飞行器,310千米每小时,12.5米,BMW132Dc880hp发动机,NULL,单发,NULL,NULL,1094千米,{'$oid': '5cc930fd831b973d657f11ed'},NULL,http://images.huanqiu.com/sarons/2014/01/9afeff364aff4bb3e0d3738ec79d471b.jpg,5.2米,2535千克,NULL,德国,亚音速,侦察机,"
低单翼水上飞机，设计做为舰载弹射起飞的水上侦察机，是德国大型战舰的标准装备。稍后发展的型号为岸基型。主要用于侦察和反舰，飞行特性很好并十分可靠。一共制造了546架。也有一种使用中央浮舟体取代双浮舟体的“B”系列，但十分罕见。
",Arado,平直翼,2人,11.1米,3558千克
九二式侦察机,飞行器,220千米每小时,12.75米, 三菱九二式气冷九汽缸引擎（420马力）,1931年,单发,NULL,NULL,1100千米,{'$oid': '5cc930fd831b973d657f11ee'},三菱重工业,http://images.huanqiu.com/sarons/2014/01/3dca4047b081819b6660cb8b39f6c094.jpg,3.48米,1060千克,NULL,日本,亚音速,侦察机,"
九二式侦察机是珍珠港事件前旧日本陆军使用的侦察机。由三菱重工业设计制造，为首度搭载日本国产引擎之军用飞机。
",三菱重工业,平直翼,2人,8.52米,1770千克
ki-46/百式司令部侦察机,飞行器,604千米每小时,14.7米,三菱1式（HA102）复列星型气冷14缸发动机,NULL,双发,NULL,NULL,2474千米,{'$oid': '5cc930fd831b973d657f11ef'},NULL,http://images.huanqiu.com/sarons/2014/01/4bce69d6cf4a9ead9bb56b6632c16eb4.jpg,3.88米,3263千克,NULL,日本,亚音速,侦察机,"
百式司令部侦察机，又称百式司侦、新司侦，正式编号ki-46，为旧日本陆军的复座侦察机。由三菱重工业设计制造，设计负责人为久保富夫工程师。作为九七式司令部侦查机的后继机种而从1940年开始使用，盟军的官方代号为Dinah。
",三菱重工业,平直翼,2人,11米,5050千克
E16A瑞云水上侦察机,飞行器,448千米每小时,12.8米,三菱金星五四型风冷式发动机(1300匹马力),1942年,单发,NULL,1945年,2420千米,{'$oid': '5cc930fe831b973d657f11f0'},NULL,http://images.huanqiu.com/sarons/2014/01/b7247f554930fbb12028ca080833b29f.jpg,4.47米,2713千克,NULL,日本,亚音速,侦察机,"
瑞云水上侦察机(编号E16A)是日本帝国海军最后的水上侦察机，1941年以""十六试水上侦察机""为题目委托爱知飞行社研制，当中要求最快时速为463公里/小时和最远航程为2500公里，并要求能挂上250公斤炸弹执行俯冲轰炸和良好的机动性兼任水上战斗机。
",爱知飞行社,平直翼,2人,10.84米,3800千克
横厂式水上侦察机,飞行器,155千米每小时,15.69米,瓦斯电BE式 水冷6汽缸（130马力）,1917年,单发,NULL,NULL,778千米,{'$oid': '5cc930fe831b973d657f11f1'},NULL,http://images.huanqiu.com/sarons/2014/01/2194d5bc8a74ea4d025ae19c37b638bd.jpg,3.67米,1000千克,NULL,日本,亚音速,侦察机,"
横厂式水上侦察机，原名横厂式ロ号甲型水上侦察机，为横须贺海军工厂为旧日本海军开发的单机复叶复座双浮舟式水上侦察机。1923年12月改名为横厂式水上侦察机。
",横须贺海军工厂,双翼,2人,10.16米,NULL
ki-15/97式司令部侦察机,飞行器,480千米每小时,12米,中岛94式（HA-8）星型风冷9缸发动机,1936年,NULL,NULL,NULL,2400千米,{'$oid': '5cc930fe831b973d657f11f2'},NULL,http://images.huanqiu.com/sarons/2014/01/ba84e02c65ab790d71c198e878bbef65.jpg,3.35米,1400千克,NULL,日本,亚音速,侦察机,"
九七式司令部侦察机，简称为九七司侦，编号ki-15，是日本帝国陆军使用的双座侦察机。由三菱重工业设计制造，设计负责人为河野文彦。盟军代号“Babs”，为首台飞至欧洲的日制飞机。自1936年到1941年为止，共生产437架。
",三菱重工业,平直翼,2人,8.7米,2300千克
Vicker.Warwick救援机,飞行器,361千米每小时,29.48米,2台普拉特＆惠特尼R-2800/S.1A4-G“双黄蜂”发动机,NULL,双发,NULL,NULL,3200千米,{'$oid': '5cc930fe831b973d657f11f3'},NULL,http://images.huanqiu.com/sarons/2014/01/cc6aad46016195c437dcc910f02afd99.jpg,5.64米,12797千克,1943年,英国,亚音速,侦察机,,NULL,平直翼,6人,20.88米,20455千克
F1M2/零式水上观测机,飞行器,370千米每小时,11米,三菱瑞星一三型风冷式发动机(800匹马力),1940年,单发,NULL,1945年,1070千米,{'$oid': '5cc930fe831b973d657f11f4'},三菱重工,,4米,1928千克,NULL,日本,亚音速,侦察机,"
零式水上观测机为日本最后的双翼机，机身和机翼是铝合金制，浮舟采用一大两小，其和机身的连接用支柱和张线都大为简化，F1M1原本采用700匹马力光一型发动机，但试飞时发现稳定性不足，曾发生在水中翻机，三菱为此修改机翼形状并改为带上反角，增加垂直尾翼面积和把浮舟略为增大，马力方面进一步采用800匹马力瑞星一三型风冷式发动机，于是不论在速度，机动性和稳定性方面都合格，此为F1M2。
",NULL,双翼,2人,9.5米,2550千克
R2Y景云陆上侦察机,飞行器,741千米每小时,14米,3400马力 爱知 HA70-01 型倒立M型液冷24缸发动机×1,1945年4月,单发,NULL,NULL,3610千米,{'$oid': '5cc930fe831b973d657f11f5'},海军航空技术厂,,4.24米,6015千克,NULL,日本,亚音速,侦察机,"
日本海军二战时期研制的最后一种岸基侦察机，1944年日本海军下达18试陆上侦察机任务计划书给海军航空技术厂，要求设计一种陆基高空高速侦察机，要求这种飞机能在10000米高度以超过700公里/小时的速度持续飞行。
",海军航空技术厂,平直翼,2人,13.05米,9400千克
ki-36/98式直接协同侦察机,飞行器,348千米每小时,11.8米,HA13甲 气冷九汽缸引擎（515马力）,NULL,单发,NULL,NULL,1300千米,{'$oid': '5cc930fe831b973d657f11f6'},立川飞机公司，川崎重工,http://images.huanqiu.com/sarons/2014/01/3a05b0e65e4087f3f672865f13ef4883.jpg,3.3米,1247千克,NULL,日本,亚音速,侦察机,"
九八式直接协同侦察机，简称为九八式直协侦察机或九八直协，正式标号ki-36，美军代号为“Ida”。为第二次世界大战时期旧日本陆军使用的侦察机，由立川飞机公司设计制造。
",立川飞机公司,平直翼,2人,8米,1649千克
雅克-27 全天候截击机,飞行器,1270千米每小时,11米,2台РД-9F涡轮喷气式发动机，单台推力3850kg,1955年,双发,NULL,NULL,1300千米,{'$oid': '5cc930ff831b973d657f11f7'},雅科航空器集团,,NULL,7005千克,NULL,苏/俄,亚音速,侦察机,"
Yak-26是在Yak-25的基础上研制的单座双发全天候截击机。Yak-27与Yak-26研制时间基本相同，外形和性能也十分相似。1955年原型机首飞，1957年开始生产。该型机共生产了180架。
",雅科夫列夫设计局,平直翼,NULL,20.5米,10530千克
波-2/乌-2侦察机,飞行器,152千米每小时,11.4米, 1×M-11D 5缸活塞发动机，每个93千瓦（125马力）,1927年6月24日 ,单发,NULL,NULL,630千米,{'$oid': '5cc930ff831b973d657f11f8'},波利卡波夫设计局 ,http://images.huanqiu.com/sarons/2014/01/dbf9b918f9729cfd5fd0a1d4c058cb6e.jpg,3.1米,770千克,1929年,苏/俄,亚音速,侦察机,"
波-2(Po-2)，初期称乌-2(U-2)，是苏联波利卡波夫设计局设计的的一种多用途双翼机，苏联称之为“玉米”（俄语：Кукурузник，来自俄语中“玉米(кукуруза)”一词），北约代号为“骡”（英语：Mule）。该机结构简单，性能可靠，可作为多种用途，如农用机、运输机、轰炸机、侦察机等。该机是历史上产量第二多的飞机，也是产量最多的双翼机，总产量达40,000架以上。
",波利卡波夫 ,双翼,2人,8.17米,1350千克
