型宽,名称,大类,编制,舰长,潜航深度,武备,关注度,制造厂,_id,图片,次型,满载排水量,活动范围,下水时间,服役时间,前型,产国,满排吨位,类型,建造时间,同型,简介,航速,主炮,现状,续航距离,兵装
10米,“尹永夏”级(PKG)导弹巡逻艇,舰船舰艇,40人,83米,NULL,NULL,NULL,NULL,{'$oid': '5cc931a1831b973d657f15a7'},,NULL,570吨,NULL,NULL,NULL,NULL,韩国,500-2000吨,巡洋舰,NULL,NULL,,40节,NULL,现役,2000海里/16节,NULL
16.8米,“靛康德罗加”级(“宙斯盾”级)导弹巡洋舰,舰船舰艇,387人,173米,9.5米,NULL,NULL,NULL,{'$oid': '5cc931a1831b973d657f15a8'},http://images.huanqiu.com/sarons/2013/07/1da772bd36502658f696788e2351b7c9.jpg,NULL,9800吨,NULL,1981年4月,1983年,弗吉尼亚级,美国,5000-10000吨,巡洋舰,1980年1月,27艘,"
“提康德罗加”级巡洋舰是美国英格尔斯造船公司建造的多用途巡洋舰，共造27艘，首制舰“提康德罗加”号（CG-47）于1983年1月建成服役。该级巡洋舰是世界上首型安装“宙斯盾”舰空导弹武器系统的巡洋舰，主要任务是担负航母特混舰队的对空防御。
",32.5节,NULL,5艘退役,6000海里/20节， 3300海里/30节,NULL
19米,高雄级重巡洋舰/Takao ,舰船舰艇,900人,203.7米,NULL,NULL,NULL,NULL,{'$oid': '5cc931a1831b973d657f15a9'},http://images.huanqiu.com/sarons/2013/12/525ffadb7902ecf177a1b329fecfe1d9.jpg,NULL,14129吨,NULL,NULL,NULL,NULL,日本,10000-50000吨,巡洋舰,NULL,NULL,"
高雄级重巡洋舰是日本海军继妙高级重巡洋舰之后建造的一型万吨级重巡洋舰。是根据华盛顿海军条约的规定（除主力舰、航空母舰外的作战舰船标准排水量不能超过10160吨，主炮口径不得大于8英寸）设计建造的巡洋舰（俗称条约型重巡洋舰）。高雄级重巡洋舰在妙高级的基础上改进设计，是当时世界上最强大的巡洋舰之一。由日本海军造船军官藤本喜久雄主持设计。
",34节,NULL,NULL,设计值为8000海里/14节（实际最大续航力7000海里/14节，改装后5050海浬/18节）,NULL
22米,天城号/Amagi,舰船舰艇,1556人,227.35米,NULL,NULL,NULL,横须贺海军造船厂,{'$oid': '5cc931a1831b973d657f15aa'},http://images.huanqiu.com/sarons/2013/12/61d36a69a6e4016e1b031669b32765f5.jpg,NULL,20450吨,NULL,1877年3月13日,NULL,NULL,日本,10000-50000吨,巡洋舰,1875年,NULL,,34节,NULL,1980年11月24日退役,8000 海里/18 节,NULL
18.8米,“喀拉”级导弹巡洋舰,舰船舰艇,540人,173.8米,NULL,NULL,(4.2分),NULL,{'$oid': '5cc931a1831b973d657f15ab'},http://images.huanqiu.com/sarons/2013/07/fc60a0b31684c207d047b21d1bc8454a.jpg,NULL,9700吨,太平洋,NULL,NULL,NULL,苏/俄,5000-10000吨,巡洋舰,70年代前期,“尼古拉耶夫”号，“塔什干”号,喀拉级是前苏联海军 70 年代前期建成的大型水面舰艇。该级舰共建 7 艘，已全部入役。喀拉级的主要任务是在编队中充当主体，配以导弹驱逐舰和护卫舰，组成导弹巡洋舰编队，或在航空母舰编队中为航空母舰护航。,34节,NULL,NULL,3000海里/30节  8800海里/15节,NULL
18.2米,最上级重巡洋舰/Mogami ,舰船舰艇,930人,200.6米,NULL,"三联装15.5cm/60倍口径主炮十五门（改装后为三年式双联装20.3cm/50倍口径主炮十门），八九式40倍口径12.7cm口径高射炮八门，25mm口径高射炮八门，13mm口径机枪四挺，61cm口径鱼雷发射管十二门装甲",NULL,NULL,{'$oid': '5cc931a1831b973d657f15ac'},http://images.huanqiu.com/sarons/2013/12/e695237c8876d10e4987b8820633ef82.jpg,NULL,12400吨,NULL,NULL,NULL,NULL,日本,10000-50000吨,巡洋舰,1930年4月,最上号三隈号铃谷号熊野号,"
最上级重巡洋舰是日本帝国海军二十世纪三十年代建造的一型巡洋舰。最上级重巡洋舰原本并非重巡洋舰，最初计划本来是轻巡洋舰，是在1930年4月伦敦海军条约签定时，日本海军规划的8000吨级轻巡洋舰建造计划。
",36节,NULL,NULL,2160海里/ 14节，改装后为2015海里/14节,NULL
17.3米,“格劳海军上将”级巡洋舰,舰船舰艇,953人,190.3米,NULL,NULL,NULL,NULL,{'$oid': '5cc931a2831b973d657f15ad'},http://images.huanqiu.com/sarons/2013/07/ffe066b7d99a85f1164852f181c4cda1.jpg,NULL,12165吨,NULL,1944年,1953年,NULL,荷兰,10000-50000吨,巡洋舰,1939年,“阿奎尔”号,"""格老海军上将“由荷兰于1939年建造，1944年下水，直到1953年才作为防空巡洋舰编入现役。今天，它已是有60年舰龄的老一代战舰，即将退出现役走进历史。",32节,NULL,在役1艘,7000英里/12节,NULL
22.1米,“无敌”级常规动力航空母舰,舰船舰艇,784人,172.8米,NULL,NULL,NULL,维克斯造船有限公司,{'$oid': '5cc931a2831b973d657f15ae'},http://images.huanqiu.com/sarons/2013/07/b695774160ef19f70f88a7f52c16ab0a.jpg,伊丽莎白女皇级,20078吨,NULL,NULL,1977年5月3日,无畏级，半人马级,英国,10000-50000吨,巡洋舰,1973年,3艘,“无敌”号（舷号 R05）轻型航空母舰是第二次世界大战后英国皇家海军在最艰难时期设计建造的主力战舰，是世界首艘战列巡航舰，它不仅鼓舞了英国海军士气，增强了作战实力，并且开启了世界先进轻型航空母舰的先河，从而成为英国人心目中永远的英雄。“无敌”号于1980年7月正式服役，2005年8月1日退出作战序列，在8月1日退役当天前往朴茨茅斯海军基地进行了最后的一次航行。英国皇家海军出动了“海鹞”战机、“海王”直升机和“山猫”飞行表演队在航母上空进行了列队表演以纪念这个重要的日子。,25.5节,NULL,退役,3000海里/25节，6020海里/15节,NULL
16.93米,青叶级/Aoba,舰船舰艇,657人,183.7米,NULL,NULL,NULL,长崎三菱造船厂,{'$oid': '5cc931a2831b973d657f15af'},http://images.huanqiu.com/sarons/2013/12/aceaab0211808a28778dc684108d7440.jpg,NULL,10822吨,太平洋,NULL,NULL,古鹰级,日本,10000-50000吨,巡洋舰,1923年1月23日,,,33.4节,"203毫米口径双联装火炮2座，200毫米口径双联装火炮1座，120毫米口径高射炮4门。改装后",战后被打捞解体。,8200海里/14节,NULL
20.8米,“光荣”级导弹巡洋舰,舰船舰艇,454人,186.4米,NULL,NULL,NULL,苏联尼古拉耶夫造船厂,{'$oid': '5cc931a2831b973d657f15b0'},http://images.huanqiu.com/sarons/2013/07/597f897ced0ded23f6341e3620263347.jpg,基洛夫级,11490吨,黑海太平洋,NULL,NULL,卡拉级,苏/俄,10000-50000吨,巡洋舰,1976年,NULL,光荣级是继苏联在肯达级，克列斯塔I、II级，卡拉级，建造的又一型常规动力巡洋舰，项目工程代号为1164。现服役于俄罗斯海军。由苏联尼古拉耶夫造船厂于上世纪70年代建造，到苏联解体为止，光荣级只建成3艘。,32节,NULL,NULL,2500海里/30节，7500海里/15节,NULL
15.77米,古鹰级/Furutaka,舰船舰艇,639人,185.17米,NULL,NULL,NULL,长崎三菱造船厂,{'$oid': '5cc931a2831b973d657f15b1'},http://images.huanqiu.com/sarons/2013/12/9fa6d01a5ede5d427f3ac2edf813bd4e.jpg,NULL,10630吨,太平洋,1925年2月25日,NULL,NULL,日本,10000-50000吨,巡洋舰,1922年12月5日,NULL,,33节,NULL,1942年11月12日，古鹰号被美军击沉。,1890海里/14节,NULL
28.5米,“基洛夫”级核动力导弹巡洋舰,舰船舰艇,727人,252米,NULL,NULL,NULL,NULL,{'$oid': '5cc931a2831b973d657f15b2'},http://images.huanqiu.com/sarons/2013/07/f9ec0f8359c84a3139e65d9583a7b9da.jpg,NULL,26396吨,NULL,1977年,1980年12月30日,NULL,苏/俄,10000-50000吨,巡洋舰,上世纪80年代,NULL,"俄罗斯""基洛夫""（Kirov）级重型导弹巡洋舰由位于彼得堡市的波罗的海造船厂建造。这是一艘巨大的核动力舰艇，是二战结束后世界上建造的最大的巡洋舰。基洛夫级可以称为“海上武库”，舰载几乎涵盖所有海上作战武器系统。提供舰队防空和反潜，与敌方大型水面舰艇交战，包括打击大型航空母舰的能力。",31节,NULL,NULL,14000海里/30节,NULL
16.93米,古鹰号/Furutaka 巡洋舰,舰船舰艇,639人,185.17米,NULL,NULL,NULL,三菱长崎造船厂,{'$oid': '5cc931a2831b973d657f15b3'},http://images.huanqiu.com/sarons/2013/12/1ee5b8109f8ac3b82b92f824c3849e58.jpg,NULL,9544吨,太平洋,1925年2月25日,1926年,NULL,日本,10000-50000吨,巡洋舰,1922年12月5日,NULL,,34.5节,NULL,1942年11月12日沉没。,1 890海里/ 14节,"双联装203mm口径主炮六门，127mm口径高射炮四门，25mm口径机关炮八门；13mm口径机枪四挺，可再装填61cm口径鱼雷发射管八门。"
16.93米,衣笠号/Kinugasa ,舰船舰艇,657人,185.17米,NULL,NULL,NULL,NULL,{'$oid': '5cc931a2831b973d657f15b4'},http://images.huanqiu.com/sarons/2014/01/1efad083cd5575e35b31f144d2c7ef77.jpg,NULL,10822吨,太平洋,NULL,NULL,NULL,日本,10000-50000吨,巡洋舰,NULL,NULL,衣笠号巡洋舰为二战时期日本联合舰队所属巡洋舰。1942年11月14日，在太平洋瓜岛海域被美国“企业”号的舰载机击沉。,33.4节,NULL,NULL,2220海里/14节,NULL
19.5米,妙高级/Myoko 巡洋舰,舰船舰艇,970人,201.7米,NULL,NULL,NULL,横须贺海军船厂,{'$oid': '5cc931a3831b973d657f15b5'},,NULL,14900吨,NULL,1927年,1929年,NULL,日本,10000-50000吨,巡洋舰,1924年,NULL,,34节,NULL,退役,7000海里/14节,NULL
14.17米,球磨级/Kuma,舰船舰艇,450人,162.15米,NULL,NULL,NULL,佐世保海军造船厂,{'$oid': '5cc931a3831b973d657f15b6'},,NULL,5832吨,NULL,1919年7月14日,NULL,NULL,日本,5000-10000吨,巡洋舰,1918年8月29日,NULL,"
轻巡洋舰球磨级是旧日本海军继天龙级之后所生产的第一型五千吨级轻巡洋舰，排水量从天龙级的三千吨一口气跃升到五千一百吨，而速力也由三十三节提升到三十六节，是日本以后五千吨轻巡洋舰的标准型。日本球磨级轻型巡洋舰：以熊本县东南部为源头流入八代海的球磨川（河）命名。

1918年8月29日在佐世保海军造船厂开工，1919年7月14日下水，1920年8月31日竣工。球磨级共有5艘，分别是球磨号、多摩号、北上号、大井号和木曾号，其中北上和大井改为鱼雷巡洋舰，又称北上级。
",36节,NULL,NULL,5000海里/14节,NULL
12.3米,天龙级/Tenryu,舰船舰艇,367人,142.65米,NULL,NULL,NULL,NULL,{'$oid': '5cc931a3831b973d657f15b7'},http://images.huanqiu.com/sarons/2013/12/da253eead75072760e2a2853b251cbc1.jpg,NULL,4011吨,NULL,NULL,NULL,NULL,日本,5000-10000吨,巡洋舰,1917年,NULL,"
天龙级是日本最早的一级巡洋舰，共有2艘，分别是天龙号和龙田号。第一次世界大战后建成服役。人力填装的主炮和三连装鱼雷发射管是其主战兵器。作战战术为趁夜幕率领驱逐舰接近敌主力舰进行肉搏战，通常作为鱼雷战队旗舰。
",33节,NULL,NULL,6000海里/10节,NULL
20.51米,三偎号/Mikuma,舰船舰艇,850人,200.6米,NULL,NULL,NULL,三菱长崎造船所,{'$oid': '5cc931a3831b973d657f15b8'},http://images.huanqiu.com/sarons/2013/12/6d055d8024d30df2653c947468b4c478.jpg,NULL,11169吨,太平洋,1934年5月31日,NULL,NULL,日本,10000-50000吨,巡洋舰,1931年12月24日,NULL,重巡洋舰三隈号是最上级的二号舰，跟最上号同期建造。但是因为在建造的时候发现了舰体强度不足的问题，所以三隈号跟最上号在试航之后接受了大改装，使得实际的就役时间大幅的拖后。,35节,NULL,NULL,2160海里/14节，改装后为2015海里/14节,NULL
14.17米,川内级/Sendai 巡洋舰,舰船舰艇,440人,163.03米,NULL,NULL,NULL,NULL,{'$oid': '5cc931a3831b973d657f15b9'},http://images.huanqiu.com/sarons/2013/12/91a94cd39fa4b1efea608e492985c82d.jpg,NULL,7213吨,NULL,NULL,NULL,NULL,日本,2000-5000吨,巡洋舰,1924年,NULL,"
旧日本海军的巡洋舰，包括有神通(Jintsu 1925)、川内(Sendai 1924)、那珂(Naka 1925)3舰，为天龙级的改进型。
",34节,NULL,NULL,7800海里/10节,NULL
14.2米,长良级/Nagara 巡洋舰,舰船舰艇,438人,162.15米,NULL,NULL,NULL,NULL,{'$oid': '5cc931a3831b973d657f15ba'},http://images.huanqiu.com/sarons/2013/12/f4f520fb880703a5905d13ff59797b95.jpg,NULL,5570吨,NULL,NULL,NULL,NULL,日本,5000-10000吨,巡洋舰,1920年,长良、由良、五十铃、鬼怒、名取、阿武隈,"
长良级轻巡洋舰为旧日本海军5500吨级轻巡的第二级，为球磨型轻巡洋舰的改造型。1920年起开工。长良级轻巡洋舰共有长良(Nagara 1922)、五十铃(Isuzu 1923)、由良(Yura 1923)、名取(Natori 1922)、鬼怒(Kinu 1922)、阿武隈(Abukuma 1925)6舰，是1920年日本海军扩军时期的产物。
",36节,NULL,NULL,1350海里/14节,NULL
19米,那智号/Nachi ,舰船舰艇,773人,203.76米,NULL,NULL,NULL,吴海军工厂,{'$oid': '5cc931a4831b973d657f15bb'},http://images.huanqiu.com/sarons/2013/12/d4dbd4ea0f008d4a1674ae5183953c80.jpg,NULL,13500吨,太平洋,1927年 6月15日,1928年 11月26日,NULL,日本,10000-50000吨,巡洋舰,1924年 11月26日,妙高号、足柄号、羽黑号,那智（なち）是日本海军妙高级重巡洋舰的二号舰。莱特湾海战中第二游击部队（志摩舰队）的旗舰。,35.6节,NULL,1945年1月20日被除籍,1890海里/14节,NULL
16.93米,加古号/Kako巡洋舰,舰船舰艇,639人,185.17米,NULL,NULL,NULL,神户川崎造船厂,{'$oid': '5cc931a4831b973d657f15bc'},http://images.huanqiu.com/sarons/2014/01/bfc9a0b06dfe8748bbb52d793a1f3501.jpg,NULL,11295吨,太平洋,1925年4月10日,NULL,NULL,日本,10000-50000吨,巡洋舰,1922年11月17日,NULL,"
加古号/Kako名取自位于兵库县的河流加古川。最初是八八舰队计划中的川内级轻巡洋舰建造计划，前三艘完成后，后四艘取消，经费用于建造古鹰级重巡洋舰，沿用“加古”原名（成为少数以河川命名的重巡洋舰，根据日本帝国海军命名规则，一等巡洋舰用山名来命名，二等巡洋舰用河川名来命名），成为古鹰级的2号舰。
",32.95节,NULL,1942年8月10日被美军潜艇击沉,1890海里/14节,NULL
12米,夕张级/Yubari,舰船舰艇,328人,91米,NULL,NULL,NULL,NULL,{'$oid': '5cc931a4831b973d657f15bd'},http://images.huanqiu.com/sarons/2013/12/9eff7c36bbf362c7223a32edc8ec41bd.jpg,NULL,3141吨,NULL,1923年,NULL,NULL,日本,2000-5000吨,巡洋舰,1922年,NULL,"
夕张号轻巡洋舰是旧日本海军建造的轻巡洋舰，由于设计风格太多实验性设计，因此只建一艘，夕张的意思原是指北海道的河流夕张川，军舰的设计师是平贺让。1922年动工，1923年下水完工。
",35.5节,NULL,NULL,3310海里/14节,NULL
15.2米,阿贺野级/Agano巡洋舰,舰船舰艇,730人,174.5米,NULL,NULL,NULL,NULL,{'$oid': '5cc931a4831b973d657f15be'},,NULL,8534吨,太平洋,NULL,NULL,NULL,日本,5000-10000吨,巡洋舰,NULL,NULL,"
阿贺野级轻巡洋舰有阿贺野(Agano 1942)、能代(Noshiro 1943)、矢矧(Yahagi 1943)、酒匂(Sakawa 1944)4舰，具有较强的洋上作战能力，然而与美军同吨位的巡洋舰相比，只依赖机枪进行防空就大为不足了。到太平洋战争战争结束时，仅有刚竣工的酒匂号还可行动。
",35节,NULL,NULL, 6000海里/18节,NULL
14.17米,阿武隈号/Abukuma巡洋舰,舰船舰艇,440人,162.15米,NULL,NULL,NULL,浦贺造船厂,{'$oid': '5cc931a4831b973d657f15bf'},,NULL,5570吨,NULL,1923年3月16日,NULL,NULL,日本,5000-10000吨,巡洋舰,1921年12月8日,NULL,"
以福岛县白河市西方和宫城县南部流入太平洋的阿武隈川（河）命名。因为关东大地震造成浦贺造船厂严重损害，本舰是长良级最晚竣工的。1921年12月8日在浦贺造船厂开工，1923年3月16日下水，1925年5月26日竣工。战时隶属于：1941年12月第一舰队第1水雷战队，战队旗舰；1942年6月东北方面舰队第五舰队第1水雷战队，战队旗舰；1944年10月第2游击队第1水雷战队，战队旗舰。
",36节,NULL,1944年10月26日沉没。,NULL,NULL
15.7米,大淀级/Oyodo轻型巡洋舰,舰船舰艇,911人,192米,NULL,NULL,NULL,NULL,{'$oid': '5cc931a4831b973d657f15c0'},http://images.huanqiu.com/sarons/2013/12/f1b1051870b4c2ffa732fe96037f3f4c.jpg,NULL,11433吨,太平洋,NULL,NULL,NULL,日本,5000-10000吨,巡洋舰,NULL,NULL,大淀级(Oyodo)是阿贺野级的改进增强型，由于潜艇自身的远程侦查能力和通信能力都有限，所以设计目标即为能担当潜艇及飞机攻击集群的旗舰。,35节,NULL,NULL,8000海里 18节,NULL
14.17米,球磨号/Kuma,舰船舰艇,447人,162.1米,4.8米,NULL,NULL,佐世保工厂,{'$oid': '5cc931a5831b973d657f15c1'},,NULL,5500吨,太平洋,1919年7月14日,1920年8月31日,NULL,日本,2000-5000吨,巡洋舰,1918年8月29日,多摩（Tama 1921），木曾（Kitakami 1921），大井（Ooi 1921），北上（Kitakami 1921）,"
本舰为担任水雷战的旗舰外亦为14只5500吨型轻巡洋舰，（球磨型5只、长良型6只、川内型3只）最初建造的1号舰。主炮为装备14厘米单装炮7门，而3号、4号炮因在两舷分开设置，所以片舷能同时射击炮为6门。1~4号炮配置4门于前部而5~7号3门则位于后部。本舰完工时即为90000匹马力的大输出力并达36节的高速，另外配置14厘米炮7门、53厘米鱼雷连装发射器4座为当时相当强的武装，在建造后过了相当的年数，于改装后参加了太平洋战争。
",36节,NULL,1944年3月10日除籍。,NULL,NULL
15.2米,酒勾号轻/Sakawa巡洋舰,舰船舰艇,1000人,174.5米,NULL,NULL,NULL, 佐世保海军工厂,{'$oid': '5cc931a5831b973d657f15c2'},http://images.huanqiu.com/sarons/2013/12/d96b100ff584afc6d0a63f8e385526f5.jpg,NULL,8534吨,NULL,1944年4月9 日,NULL,NULL,日本,5000-10000吨,巡洋舰,1942年11月21日,NULL,"
酒勾号是轻巡洋舰阿贺野级的最后一艘。阿贺野级本来是日本海军寄望甚大的新锐水雷舰队形轻巡洋舰。日本海军最后建造完成的一艘“军舰”。就是这艘轻巡洋舰酒勾号(日本海军军舰的定义是在舰首拥有皇室菊花标志的舰艇，所以是在巡洋舰以上的等级，驱逐舰和潜舰并不算)在他竣工的昭和十九年(1944)末，日本海军已经溃不成，接连着爆发的马里亚纳海战及雷伊太海战把日本海军的主力部队都消耗殆尽。在这段到战争结束的期间中,海军唯一可以称的上是作战的就只有大和特攻，但是酒勾号也没能赶上参加.就这样，酒勾号在战争中根本没有上战场的机会，一直到终战以前都未能出过外海。
",35节,NULL,NULL,1620海里/18节,NULL
14.17米,吉野号快速/YOSHINO巡洋舰,舰船舰艇,NULL,109.73米,NULL,NULL,NULL,NULL,{'$oid': '5cc931a5831b973d657f15c3'},,NULL,4150吨,NULL,1892年12月20日,NULL,NULL,日本,2000-5000吨,巡洋舰,1892年1月3日,NULL,"
“吉野”号快速巡洋舰，英文译名YOSHINO，是中日甲午海战中的日本海军主力舰，是其联合舰队第1游击队旗舰。是1893年刚刚竣工的新锐穹甲巡洋舰。由英国著名舰船设计师瓦茨（Phillip Watts）根据阿根廷海军中由英国阿姆斯特朗公司建造的veinticinco de mayo号穹甲巡洋舰改良设计而来，而veinticinco de mayo号的设计师，则是因设计“埃斯美拉达”、“致远”、“浪速”而闻名于世的威廉·怀特爵士，所以可以认为“吉野”和“致远”、“浪速”等军舰具有共同的血统。
",23节,NULL,NULL,1080海里/10节,NULL
14.2米,那珂号轻巡洋舰/Naka ,舰船舰艇,440人,162.46米,NULL,NULL,NULL,横滨船渠,{'$oid': '5cc931a5831b973d657f15c4'},http://images.huanqiu.com/sarons/2013/12/88c7de7d3d2f3c155cc4adbd64f4826d.jpg,NULL,5195吨,NULL,1925年3月24日,1925年11月30日,NULL,日本,5000-10000吨,巡洋舰,1922年6月10日,NULL,"
那珂（なか）川内型轻巡洋舰3号舰。其命名取自流经栃木县是大日本帝国海军的轻巡洋舰。和茨城县的那珂川，在茨城县大洗町的矶前神社里建有“军舰那珂忠魂碑”
",35.3节,NULL,NULL,1350海里/14节,NULL
12.3米,龙田号/Tatsuda ,舰船舰艇,327人,142.9米,NULL,NULL,NULL,佐世保海军工厂,{'$oid': '5cc931a5831b973d657f15c5'},http://images.huanqiu.com/sarons/2013/12/4a4e4e812255ccc04dd0f691b4dd651b.jpg,NULL,4350吨,太平洋,1918年5月29日,NULL,NULL,日本,5000-10000吨,巡洋舰,1917 年7月24日,NULL,"轻巡洋舰龙田号是日本史上最早的轻巡洋舰天龙级的二号舰.本级舰所计划建造的大正五年度(1916)正值第一次世界大战,见到英国的新锐轻巡洋舰活跃于战场之上,日本海军也决定仿照英国制定新型的舰种-轻巡洋舰.从此,巡洋舰的领域就被分为轻巡洋舰和重巡洋舰了。",33节,NULL,NULL,5000海里/14节,NULL
20.73米,爱宕号/Atago巡洋舰,舰船舰艇,900人,203.76米,NULL,NULL,NULL,吴海军造船厂,{'$oid': '5cc931a5831b973d657f15c6'},http://images.huanqiu.com/sarons/2013/12/572c3365ef5d55439ce5f594c9e05916.jpg,NULL,14129吨,太平洋,1930年6月16日,NULL,NULL,日本,10000-50000吨,巡洋舰,1927年4月28日,NULL,爱宕号（Atago）重巡洋舰是二战时期日本高雄级4艘（分别是高雄号、爱宕号、摩耶号和鸟海号）重巡洋舰之一，是以日本京都府近郊的爱宕山命名。设计者是海军造船中将平贺让。,34.25节,NULL,NULL,1363海里/18节,NULL
14.2米,长良号/Nagara 巡洋舰,舰船舰艇,438人,162.15米,NULL,NULL,NULL,三菱长崎造船厂,{'$oid': '5cc931a5831b973d657f15c7'},http://images.huanqiu.com/sarons/2013/12/42d96a3a6475ba867052b0822600df9b.jpg,NULL,5570吨,NULL,1920年2月10日,1937年7月,NULL,日本,5000-10000吨,巡洋舰,1918年8月10日,NULL,,36节,NULL,1944年10月25日沉没,1350海里/14节,NULL
12.3米,天龙号/Tenryu,舰船舰艇,327人,142.65米,NULL,NULL,NULL,横须贺海军工厂,{'$oid': '5cc931a5831b973d657f15c8'},http://images.huanqiu.com/sarons/2013/12/f1b51d2f88ca556f9b2cff42ebda1974.jpg,NULL,4350吨,太平洋,1918年3月11日,1920年8月29日,NULL,日本,2000-5000吨,巡洋舰,1917年5月17日,龙田号/Tatsuda,,33节,NULL,1943年2月1日除籍。,1350海里/14节,NULL
15.2米,阿贺野号/Agano轻巡洋舰,舰船舰艇,730人,174.5米,NULL,NULL,NULL,佐世保海军工厂,{'$oid': '5cc931a5831b973d657f15c9'},,NULL,8534吨,太平洋,1941年10月22日,NULL,NULL,日本,5000-10000吨,巡洋舰, 1940 年6月18日,NULL,"
轻巡洋舰阿贺野号是为了提振日本海军不足的轻巡洋舰兵力而建造的强力新型轻巡洋舰。首舰阿贺野号竣工的时候，已经是1942年10月，1944年2月17日，载往本土的回航途中，于土鲁克岛北方约160海里处被美国潜舰击沉。
",35节,NULL,NULL,18节/时6000海里,NULL
14.2米,多摩号/Tama轻巡洋舰,舰船舰艇,439人,162.15米,NULL,NULL,NULL,三菱长崎造船厂,{'$oid': '5cc931a6831b973d657f15ca'},,NULL,5832吨,太平洋,1920年2月10日,NULL,NULL,日本,5000-10000吨,巡洋舰,1918年8月10日,NULL,"
大正六年度的日本海军，准备建造出一支轻巡洋舰兵力，当时日本只拥有两艘三千吨级的轻巡洋舰天龙号和龙田号，而在这一年度的造舰计划中打算一举建造九艘新轻巡洋舰，其中包括了5000吨级的球摩级五艘和期改良型长良级六艘中的四艘多摩号是其中的二号舰，跟球摩号同时期开工。
",36节,NULL,NULL,1350海里/14节,NULL
13.44米,新高号/Niitaka,舰船舰艇,320人,102米,NULL,NULL,NULL,横须贺海军工厂,{'$oid': '5cc931a6831b973d657f15cb'},,NULL,3366吨,NULL,1902年11月15日,NULL,NULL,日本,2000-5000吨,巡洋舰,1901年1月7日,NULL,"
新高号防护巡洋舰（にいたか）是日本海军新高型防护巡洋舰的1号舰。舰名是为了纪念当时日本领台湾境内的“新高山”（现“玉山”）。1901年在横须贺海军工厂开工，1904年1月27日竣工，分类为三等巡洋舰。参加日俄战争、仁川冲海战、旅顺攻略作战、蔚山海战（未参与直接对敌作战行动）、日本海海战等。
",20节,NULL,NULL,NULL,NULL
20.73米,妙高号/Myoko,舰船舰艇,891人,203.76米,NULL,NULL,NULL,横须贺造船厂,{'$oid': '5cc931a6831b973d657f15cc'},http://images.huanqiu.com/sarons/2013/12/afd0f0b0d6e1d51b4796cbc173d0ee25.jpg,NULL,14743吨,太平洋,NULL,NULL,NULL,日本,10000-50000吨,巡洋舰,NULL,NULL,,33节,"五座双联装8英寸（203mm）主炮； 副炮",1946年7月8日沉没,7463海里/14节,NULL
15.2米,矢矧号轻巡洋舰/Yahagi ,舰船舰艇,730人,174.5米,NULL,NULL,NULL,佐世保海军工厂,{'$oid': '5cc931a6831b973d657f15cd'},http://images.huanqiu.com/sarons/2013/12/be46646aba23b5b06158e4a597865d98.jpg,NULL,7710吨,NULL,1942年10月25日,1943年12月29日,NULL,日本,5000-10000吨,巡洋舰,1939年,NULL,"
矢矧（やはぎ）是日本海军轻巡洋舰。阿贺野型轻巡洋舰3号舰。舰名以流经长野县・岐阜县・爱知县的矢矧川（矢作川）命名。
",35节,NULL,NULL,1620海里/18节,NULL
20.94米,出云号/Izumo 巡洋舰,舰船舰艇,648人,132.28米,NULL,NULL,NULL,NULL,{'$oid': '5cc931a6831b973d657f15ce'},,NULL,9906吨,NULL,NULL,NULL,NULL,日本,5000-10000吨,巡洋舰,1896年,NULL,"
八云号(Yakumo/やくも)巡洋舰是旧日本海军八云级巡洋舰一番舰八云级装甲巡洋舰是根据日本八八舰队计划中的1896年第一期扩张计划订造的，同级共1艘，即八云号（Yakumo）。该级舰是以浅间级为蓝本，向德国订购的。该舰继承了德国造舰重视防御的一贯风格，其防护能力在当时日本的巡洋舰中首屈一指。
",20.75节,NULL,NULL,2025/10节,NULL
20.51米,最上号/Mogami,舰船舰艇,850人,200.6米,NULL,NULL,NULL,吴海军工厂,{'$oid': '5cc931a6831b973d657f15cf'},http://images.huanqiu.com/sarons/2013/12/0f52febbfdcc8d8b848210e72a30e26f.jpg,NULL,12400吨,NULL,1934年3月14日,1935年7月28日,NULL,日本,10000-50000吨,巡洋舰,1931年10月27日,NULL,"
5座155毫米3连装主炮，4座127毫米连装高角炮；4座25毫米连装机枪，2座13毫米连装机枪；4座3连装61厘米鱼雷发射管。1939年",35节,NULL,1944年10月15日被击沉,7700海里/14节,NULL
20.73米,高雄号/Takao 巡洋舰,舰船舰艇,773人,203.76米,NULL,NULL,NULL,横须贺海军工厂,{'$oid': '5cc931a7831b973d657f15d0'},http://images.huanqiu.com/sarons/2013/12/9f2f687dd9a3573267de8b8fcd5acb94.jpg,NULL,14129吨,NULL,1930年5月12日,1932年5月31日,NULL,日本,10000-50000吨,巡洋舰,1927年4月28日,爱宕，鸟海，摩耶,,34.25节,NULL,1947年5月3日除籍。,1363海里/18节,NULL
15.6米,松岛号防护巡洋舰/matsushima,舰船舰艇,360人,89.9米,NULL,NULL,NULL,法国滨海拉塞讷地中海冶金造船厂,{'$oid': '5cc931a7831b973d657f15d1'},http://images.huanqiu.com/sarons/2013/12/edc8091b6bb1d80d7e6775572e637b02.jpg,NULL,1200吨,NULL,1890年2月22日,1892年4月5日,NULL,日本,10000-50000吨,巡洋舰,1888年2月17日,NULL,"
松岛号（日本语：まつしま）防护巡洋舰为了对付北洋水师的定远、镇远二舰，松岛号防护巡洋舰（まつしま）为日清战争时，日本联合舰队的旗舰。由法国设计师白劳易（Louis-Emile Bertin）设计的“三景舰”之一，原计划建造4艘，后改为3艘。同级舰为有严岛号（日本语：いつくしま）防护巡洋舰、桥立号（日本语：はしだて）防护巡洋舰。
",16节,NULL,NULL,6000海里/10节,NULL
14.2米,木曾号/KISO,舰船舰艇,450人,162.15米,NULL,NULL,NULL,三菱长崎造船厂,{'$oid': '5cc931a7831b973d657f15d2'},,NULL,5832吨,NULL,1920年12月14日,NULL,NULL,日本,5000-10000吨,巡洋舰,1919年6月10日,球磨号，多磨号，北上号，大井号,"
以东海地区第一大河，流经长野县、岐阜县和爱知县，流入伊势湾的木曾川（河）命名。1919年6月10日在三菱长崎造船厂开工，1920年12月14日下水，1921年5月4日竣工。
",36节,NULL,NULL,5000海里/14节,NULL
14.2米,鬼怒号/Kinu 巡洋舰,舰船舰艇,450人,163米,NULL,NULL,NULL,神户川崎造船厂,{'$oid': '5cc931a7831b973d657f15d3'},http://images.huanqiu.com/sarons/2013/12/eede2d4689b3c7289985adb57b111aeb.jpg,NULL,5570吨,NULL,1922年5月29日,NULL,NULL,日本,5000-10000吨,巡洋舰,1921年1月17日,长良号，五十铃号，阿武隈号，名取号，鬼怒号，由良号,"
以群马县至厚木县白根山北方的鬼怒川（河）命名。1921年1月17日在神户川崎造船厂开工，1922年5月29日下水，1922年11月10日竣工。
",36节,NULL,NULL,5000海里/14节,NULL
14.2米,川内号/Sendai 巡洋舰,舰船舰艇,450人,162.46米,NULL,NULL,NULL,神户川崎造船厂,{'$oid': '5cc931a7831b973d657f15d4'},http://images.huanqiu.com/sarons/2013/12/381f40cdfada50cd35ecd31a734aaebd.jpg,NULL,7213吨,NULL,1923年10月30日,NULL,NULL,日本,2000-5000吨,巡洋舰,1922年2月16日,NULL,"
以九州山地为源头，向西流经鹿儿岛县和川内平原后，流入中国东海的川内川（河）命名。1922年2月16日在神户川崎造船厂开工，1923年10月30日下水 ，1924年4月29日竣工。战时隶属于1941年12月第一舰队第3水雷战队，战队旗舰。
",35.3节,NULL,1943年11月2日沉没。,1350海里/14节,NULL
14.2米,由良号/Yura,舰船舰艇,450人,163米,NULL,NULL,NULL,佐世保海军造船厂,{'$oid': '5cc931a7831b973d657f15d5'},http://images.huanqiu.com/sarons/2013/12/25759949539539f1363c8cf9e021b120.jpg,NULL,5570吨,NULL,1922年2月15日,NULL,NULL,日本,5000-10000吨,巡洋舰,1921年5月21日,NULL,"
以丹波高地北方为源头，向西流入日本海的由良川（河）命名。是太平洋战争中第一艘丧失的长良级轻型巡洋舰。1921年5月21日在佐世保海军造船厂开工，1922年2月15日下水，1923年3月20日竣工。
",36节,NULL,NULL,5000海里/14节,NULL
12.04米,夕张号/Yubari,舰船舰艇,328人,138.99米,NULL,NULL,NULL,佐世保海军造船厂,{'$oid': '5cc931a8831b973d657f15d6'},http://images.huanqiu.com/sarons/2013/12/b7791bee36d1a4899b209117e2db0e76.jpg,NULL,3141吨,NULL,1923年3月5日,NULL,NULL,日本,2000-5000吨,巡洋舰,1921年6月5日,NULL,"
以北海道中部的夕张山脉为源头，向西与石狩川交汇的夕张川（河）命名。1921年6月5日在佐世保海军造船厂开工，1923年3月5日下水，1923年7月31日竣工。战时隶属于：1941年12月第四舰队第6水雷战队，战队旗舰；1942年8月第八舰队第6水雷战队，战队旗舰。
",35.5节,NULL,1944年4月28日沉没。,3310海里/14节,NULL
23米,筑波号/Tsukuba,舰船舰艇,879人,137.1米,NULL,NULL,NULL,吴海军工厂,{'$oid': '5cc931a8831b973d657f15d7'},,NULL,15400吨,NULL,1905年12月26日,1907年1月14日,NULL,日本,10000-50000吨,巡洋舰,1905年1月14日,NULL,"
筑波（つくば）是旧日本海军的战列巡洋舰。筑波级战列巡洋舰一号舰。舰名是以茨城县的“筑波山”来命名。在日本海军中为第2只舰船使用该名称。
",20.5节,NULL,NULL,NULL,NULL
20.2米,铃谷号/Suzuya 巡洋舰,舰船舰艇,850人,200.6米,NULL,NULL,NULL,横须贺海军工厂,{'$oid': '5cc931a8831b973d657f15d8'},,NULL,13820吨,NULL,1934年,1937年,NULL,日本,10000-50000吨,巡洋舰,1933年,NULL,,35节,NULL,退役, 2160海里/14节,NULL
14.17米,北上号/Kitakami 巡洋舰,舰船舰艇,650人,162.15米,NULL,NULL,NULL,佐世保海军工厂 ,{'$oid': '5cc931a8831b973d657f15d9'},http://images.huanqiu.com/sarons/2014/01/d2ee485249919a37e9c38517426ace16.jpg,NULL,5832吨,NULL,1920年7月3日,1921年4月15日,NULL,日本,5000-10000吨,巡洋舰,1919年9月1日,NULL,"
北上（きたかみ）是日本海军的轻巡洋舰。球磨型轻巡洋舰3号舰。
",36节,NULL,除籍,5000海里/14节,NULL
19米,足柄号/Ashigara 巡洋舰,舰船舰艇,1100人,203.76米,NULL,NULL,NULL,神户川崎造船所,{'$oid': '5cc931a8831b973d657f15da'},,NULL,10940吨,NULL,1929年,1930年,NULL,日本,10000-50000吨,巡洋舰,1924年,NULL,,33.8节,NULL,退役,7463海里/14节,NULL
20.73米,羽黑号/Haguro 重巡洋舰,舰船舰艇,NULL,203.76米,NULL,NULL,NULL,横须贺海军工厂 ,{'$oid': '5cc931a8831b973d657f15db'},,NULL,14479吨,NULL,1928年3月24日 ,1929年4月25日 ,NULL,日本,10000-50000吨,巡洋舰,1925年3月16日,NULL,"
羽黑号重巡洋舰（はぐろ）是日本海军第八号重巡洋舰，妙高级重巡洋舰的四号舰。于三菱造船长崎造船所动工，在1929年至1945年间服役。其命名取自山形县的出羽三山之一的羽黑山。
",33.9节,NULL,除籍,NULL,NULL
14.17米,五十铃号/Isuzu 巡洋舰,舰船舰艇,440人,162.15米,NULL,NULL,NULL,浦贺船渠建造所,{'$oid': '5cc931a8831b973d657f15dc'},,NULL,5570吨,NULL,1921年,1923年,NULL,日本,5000-10000吨,巡洋舰,1920年,NULL,"
五十铃是长良级的轻巡洋舰，在太平洋战争开战时担任第二遣支（中）舰队旗舰，从事了香港攻略作战的支援，由浦贺船渠建造所制造，排水量达5,170吨，昭和19年（即1945年）作防空巡洋舰改装，排水量增加至6,260吨。1945年4月7日，被美潜艇击沉于巴哇岛海域。
",36节,NULL,退役,1350海里/14节,NULL
20.72米,摩耶号/Maya 巡洋舰,舰船舰艇,996人,203.76米,NULL,NULL,NULL,川崎造船所,{'$oid': '5cc931a9831b973d657f15dd'},,NULL,15159吨,NULL,1930年,1932年,NULL,日本,10000-50000吨,巡洋舰,1928年,NULL,,34.6节,NULL,退役,2160海里/14节，1350海里/18节,NULL
14.2米,名取号/Natori 轻巡洋舰,舰船舰艇,440人,162.15米,NULL,NULL,NULL,日本三菱重工长崎船厂,{'$oid': '5cc931a9831b973d657f15de'},http://images.huanqiu.com/sarons/2014/01/b2a1ff464829f077f43fd4d740c1f166.jpg,NULL,5570吨,NULL,1922年2月16日,1922年9月15日,NULL,日本,5000-10000吨,巡洋舰,1920年12月,NULL,"
名取号属长良级轻巡洋舰，长良号的同型舰，为球磨型轻巡洋舰的改造型。1944年8月18日被美军潜艇击沉于萨马岛东方海面。
",36节,NULL,NULL,5000海里/14节,NULL
22.8米,生驹号/Ikoma 巡洋舰,舰船舰艇,879人,137.1米,NULL,NULL,NULL,日本吴海军工厂,{'$oid': '5cc931a9831b973d657f15df'},,NULL,15400吨,NULL,1906年,1908年,NULL,日本,10000-50000吨,巡洋舰,1905年,NULL,,20.5节,NULL,退役,NULL,NULL
15.2米,能代号/Noshiro 巡洋舰,舰船舰艇,NULL,174.5米,NULL,NULL,NULL,横须贺海军工厂,{'$oid': '5cc931a9831b973d657f15e0'},,NULL,6652吨,NULL,1942年,1943年,NULL,日本,5000-10000吨,巡洋舰,1941年,NULL,,35节,NULL,退役,NULL,NULL
13.44米,对马号/Tsushima 巡洋舰,舰船舰艇,320人,102米,NULL,NULL,NULL,日本吴海军工厂,{'$oid': '5cc931aa831b973d657f15e1'},,NULL,3360吨,NULL,1902年,1904年,NULL,日本,2000-5000吨,巡洋舰,1901年,NULL,,20节,NULL,退役,NULL,NULL
15.6米,严岛号/Itsukushima 巡洋舰,舰船舰艇,360人,91.81米,NULL,NULL,NULL,NULL,{'$oid': '5cc931aa831b973d657f15e2'},,NULL,4347吨,NULL,1889年,1891年,NULL,日本,2000-5000吨,巡洋舰,1888年,NULL,,16.5节,NULL,退役,6000海里/10节,NULL
16.8米,克列斯塔I级 巡洋舰,舰船舰艇,312人,155.6米,NULL,NULL,NULL,列宁格勒日丹诺夫造船厂,{'$oid': '5cc931aa831b973d657f15e3'},http://images.huanqiu.com/sarons/2013/12/4fb313b31864b17c808ed6780ac4688d.jpg,NULL,7130吨,NULL,NULL,NULL,NULL,苏/俄,5000-10000吨,巡洋舰,NULL,NULL,"
克里斯塔I级巡洋舰（Kresta I class cruiser），苏联方面称为1134型 «Беркут» (金雕)，是苏联海军第二种导弹巡洋舰，远洋操作的航行稳定性。此型舰用于反舰任务，随着苏联海军优先任务转移到反潜，此型舰最终只制造了四艘。后继型号克列斯塔II级巡洋舰用于反潜任务。
",33节,NULL,全部退役,2400海里/32节，5000海里/14节,NULL
19.2米,熊野号/Kumano 重巡洋舰,舰船舰艇,NULL,198.6米,NULL,NULL,NULL,神户川崎造船厂,{'$oid': '5cc931ab831b973d657f15e4'},,NULL,13440吨,NULL,1936年10月15日,1937年10月31日,NULL,日本,10000-50000吨,巡洋舰,1934年4月5日,NULL,"
熊野号是最上级重巡洋舰的四号舰。最上级重巡洋舰是日本海军二十世纪三十年代建造的一型巡洋舰。最上级重巡洋舰原本并非重巡洋舰，最初计划本来是轻巡洋舰，是在1930年4月伦敦海军条约签定时，日本海军规划的8000吨级轻巡洋舰建造计划。
",35节,NULL,NULL,8150海里/14节,NULL
20.94米,磐手号/Iwate 巡洋舰,舰船舰艇,648人,132.28米,NULL,NULL,NULL,英国阿姆斯特朗船厂,{'$oid': '5cc931ab831b973d657f15e5'},,NULL,9906吨,NULL,1900年,1901年,NULL,日本,5000-10000吨,巡洋舰,1898年,NULL,,20.75节,NULL,退役,2025海里/10节,NULL
14.2米,大井号/Oii 轻巡洋舰,舰船舰艇,450人,162.2米,NULL,NULL,NULL,神户川崎造船厂,{'$oid': '5cc931ab831b973d657f15e6'},,NULL,5832吨,NULL,1920年7月15日,1921年10月3日,NULL,日本,10000-50000吨,巡洋舰,1919年11月24日,NULL,"
轻巡洋舰大井号是日本第一级五千吨级轻巡洋舰球磨级的一舰，当时日本海军为了能在短期间增强其轻巡洋舰部队的实力，一口气建造了五艘球磨级的轻巡洋舰。
",36节,NULL,NULL,5000海里/14节,NULL
15.6米,桥立号/Hashidate 巡洋舰,舰船舰艇,360人,89.9米,NULL,NULL,NULL,横须贺海军造船所,{'$oid': '5cc931ab831b973d657f15e7'},,NULL,NULL,NULL,1891年,1894年,NULL,日本,5000-10000吨,巡洋舰,1888年,NULL,,16节,NULL,退役,6000海里/10节,NULL
11.89米,林仙级轻巡洋舰/Arethusa,舰船舰艇,318人,132.89米,NULL,NULL,NULL,NULL,{'$oid': '5cc931ab831b973d657f15e8'},http://images.huanqiu.com/sarons/2013/12/9b0f220020ff04970aec37389aa4a681.jpg,NULL,4410吨,NULL,NULL,NULL,NULL,英国,2000-5000吨,巡洋舰,20世纪30年代,NULL,"
林仙级轻巡洋舰是英国皇家海军在20世纪30年代建造的条约型轻巡洋舰。完全不同于在第一次世界大战前建造的林仙级巡洋舰。
",29节,NULL,NULL,5000海里/16节,NULL
14.2米,神通号/Shintsu 巡洋舰,舰船舰艇,440人,162.46米,NULL,NULL,NULL,神户川崎造船所,{'$oid': '5cc931ac831b973d657f15e9'},,NULL,5595吨,NULL,1923年,1925年,NULL,日本,5000-10000吨,巡洋舰,1922年,NULL,,35.3节,NULL,退役,1350海里/14节,NULL
22米,斯维尔德洛夫级 巡洋舰,舰船舰艇,1250人,210米,NULL,NULL,NULL,海军上将造船厂,{'$oid': '5cc931ac831b973d657f15ea'},,NULL,16400吨,NULL,1950年7月5日,1952年5月15日,NULL,苏/俄,10000-50000吨,巡洋舰,1949年10月15日,NULL,"
斯维尔德洛夫级巡洋舰，苏联项目代号为68бис型，是第二次世界大战后苏联第一种巡洋舰，也是最后一种传统的火炮巡洋舰。就该级舰主要特点来说，“斯维尔德洛夫”级可以算是二战前由意大利协助设计制造的“基洛夫”级轻巡洋舰的“直系亲属”，主要作战武器仍然是与二战舰艇相同的传统火炮。“斯维尔德洛夫”级巡洋舰共建造完工14艘，并于1989年全部退役。
",33.7节,NULL,退役,5300海里/18.2节 ，1975海里/33.5节,NULL
17米,1134A型/克列斯塔II级 巡洋舰,舰船舰艇,380人,159米,NULL,NULL,NULL,泽但诺夫船厂,{'$oid': '5cc931ac831b973d657f15eb'},http://images.huanqiu.com/sarons/2013/12/604e0f4189e9889161c13f0ff58c1e92.jpg,NULL,7535吨,NULL,NULL,20世纪60年代后期,NULL,苏/俄,5000-10000吨,巡洋舰,NULL,NULL,"
克列斯塔II级巡洋舰，苏联编号为1134A（金雕A级）。它是克里斯塔I级巡洋舰的反潜改进型，装备新的RPK-3风雪/SS-N-14火石反潜导弹、SA-N-3防空导弹及新的声纳。克列斯塔II级全部由圣彼得堡的泽但诺夫船厂建造，于1960年代晚期服役，冷战结束后全部快速退役。
",34节,NULL,退役,5200海里/18节，10500海里/14节,NULL
15.8米,58型/肯达级 导弹巡洋舰,舰船舰艇,312人,142.3米,NULL,NULL,NULL,日丹诺夫造船厂,{'$oid': '5cc931ac831b973d657f15ec'},,NULL,5330吨,NULL,NULL,NULL,NULL,苏/俄,5000-10000吨,巡洋舰,1960年,NULL,"
肯达级导弹巡洋舰，苏联项目代号58“火箭”或“威严”，是苏联第一代反舰导弹巡洋舰。主要武器是SS-N-3b“柚子”反舰导弹。1960年至1961年开工，全部4艘都由列宁格勒的日丹诺夫造船厂制造。起初，作为驱逐舰并按照驱逐舰命名。1962年9月，为纪念伟大卫国战争时期的北方舰队司令员、1961年10月30日在新地岛核试验中得急性放射病病逝的苏联海军第一副司令员阿尔谢尼·格里戈里耶维奇·戈洛夫科，58型舰改为导弹巡洋舰，并按照巡洋舰的传统用海军上将来命名。原计划建造10艘，但实际制造了4艘，其它改为克里斯塔I级巡洋舰建造。
",34.5节,NULL,退役, 2000海里/34节，3610海里/18节,NULL
15.7米,红色高加索号 重巡洋舰,舰船舰艇,880人,169.5米,NULL,NULL,NULL,NULL,{'$oid': '5cc931ac831b973d657f15ed'},,NULL,9030吨,NULL,1916年6月21日,NULL,NULL,苏/俄,10000-50000吨,巡洋舰,1927年,NULL,"
红色高加素号重型巡洋舰是沙俄1913年开工的斯维兰那级的后继舰，原名“拉扎列夫海军上将”号，1916年下水后工程中断，直到1927年才从新动工。这时舰船工程师接受了近10年的舰船技术的进步，对原设计图全面修改，舰体延长9米，后部装甲增厚。并改用新设计的180mm舰炮，4座单联装分别安装在中心线前后；4门100mm高射炮装在中部两舷；另外该舰还安装鱼雷发射管和水上飞机弹射器。由于其主炮口径超过152mm，按照伦敦条约，“红色高加素”号被西方称为重型巡洋舰。
",29节,NULL,NULL,3500海里/15节,NULL
18.999米,鸟海号/Chokai 重巡洋舰,舰船舰艇,760人,203.76米,NULL,NULL,NULL,三菱造船长崎造船所 ,{'$oid': '5cc931ad831b973d657f15ee'},,NULL,14129吨,NULL,1931年4月5日 ,1932年6月30日 ,NULL,日本,10000-50000吨,巡洋舰,1928年3月26日 ,NULL,"
鸟海（ちょうかい）是日本海军的重巡洋舰。高雄型4号舰。舰名来源为秋田与山形县境内的鸟海山。持有该名称的日本海军舰船共有2艘。另外，这名称亦由海上自卫队的金刚型护卫舰4号舰鸟海（ちょうかい）所继承。在文件上为日本最后竣工的重巡洋舰（一等巡洋舰）。
",35.5节,NULL,除籍,2160海里/14节,NULL
27.4米,声望级战列巡洋舰,舰船舰艇,1500人,242米,NULL,NULL,NULL,NULL,{'$oid': '5cc931ad831b973d657f15ef'},,NULL,38950吨,NULL,NULL,NULL,NULL,英国,10000-50000吨,巡洋舰,1915年,NULL,"
声望级战列巡洋舰（Renown class battlecruiser）是英国海军建造的一级战列巡洋舰。该级舰原来预算是复仇级战列舰的后两艘舰：声望号和反击号，第一次世界大战爆发后，1914年8月英国海军取消这两艘复仇级的建造计划。福克兰海战证明了战列巡洋舰的作用，因此她们被设计成拥有高航速，装备大口径火炮，装甲相对薄弱的战列巡洋舰。两艘舰于1915年1月开工。同级舰：声望号（HMS Renown）、反击号(HMS Repulse，一译为“却敌号”)。
",32节,NULL,退役,2538海里/15节,NULL
11.58米,致远舰,舰船舰艇,260人,76.2米,NULL,NULL,NULL,英国阿姆斯特朗公司,{'$oid': '5cc931ad831b973d657f15f0'},,NULL,2300吨,NULL,1887年,1887年,NULL,中国,2000-5000吨,巡洋舰,1886年,NULL,"
致远舰为北洋水师中航速最快的战舰，航试时测得功率为6892马力，采用强压通风时可以达到7500马力，航速18.5节，正常载煤200吨，最大载煤量520吨，续航力6000海里/10节，装甲甲板厚3英寸（倾斜处）/2英寸（平坦处），司令塔装甲厚3英寸，火炮炮盾厚2英寸，全舰编制204－260人，管带为副将衔。1894年9月17日黄海海战中，致远舰激战五小时弹尽且受重创后，管带邓世昌欲冲撞日舰吉野与之同归于尽，但被日舰击沉，同舰官兵246人同殉职，邓与其爱舰同沉。全舰仅7人获救。
",18.5节,NULL,NULL,6000海里/10节,NULL
27米,狮级/Lion 战列巡洋舰,舰船舰艇,1250人,213.4米,NULL,NULL,NULL,NULL,{'$oid': '5cc931ad831b973d657f15f1'},,NULL,29680吨,NULL,NULL,NULL,NULL,英国,10000-50000吨,巡洋舰,1909年9月29日,NULL,"
狮级是以压倒德国同类战舰为目的全新设计的战列巡洋舰。 同型舰有雄狮号(Lion)、皇家公主号(Princess Royal)、玛丽女王号(Queen Mary)。
",27.5节,NULL,NULL,653海里/24节，1515海里/10节,NULL
19.8米,城级爱丁堡号/Edinburgh 巡洋舰,舰船舰艇,750人,187米,NULL,NULL,NULL,NULL,{'$oid': '5cc931ad831b973d657f15f2'},http://images.huanqiu.com/sarons/2013/12/14cd4342ca8c1863c7b64d5dbe4b3d0d.jpg,NULL,13175吨,NULL,1938年3月31日,1939年7月6日,NULL,英国,10000-50000吨,巡洋舰,1936年12月30日,NULL,"
爱丁堡号轻巡洋舰（英语：HMS Edinburgh）是英国皇家海军的一艘城级轻巡洋舰（Town-class），也是被称为爱丁堡亚级（Edinburgh sub-class）的最后两艘城级轻巡洋舰中的第一艘。爱丁堡号在第二次世界大战中服役，经历了许多战斗，特别是在北海和北冰洋，1942年在北冰洋被德国潜艇击沉。
",33节,NULL,NULL,8000海里/14节,NULL
27.6米,虎号/Tiger 战列巡洋舰,舰船舰艇,1185人,214.6米,NULL,NULL,NULL,克莱德班克 约翰·布朗船厂 ,{'$oid': '5cc931ad831b973d657f15f3'},,NULL,35710吨,NULL,1913年12月15日 ,1914年10月 ,NULL,英国,10000-50000吨,巡洋舰,1912年6月20日 ,NULL,"
虎号战列巡洋舰是英国海军狮级战列巡洋舰预算中的四号舰，1912年6月开工。该舰是英国皇家海军中最后一艘以煤作为主要燃料的大型战舰。在胡德号战列巡洋舰服役之前是英国皇家海军最大的主力舰。虎号服役后正赶上第一次世界大战。1915年参加了多格尔沙洲海战。1916年参加日德兰海战，海战中被德舰主炮17发大口径穿甲弹命中，Q、X炮塔被击穿。战争结束后，1924年开始改为训练舰。按照伦敦海军条约的规定，于1932年退役拆毁。
",27.5节,NULL,退役,4650海里/25节,NULL
24.4米,不倦级/Indefatigable 战列巡洋舰,舰船舰艇,800人,179.8米,NULL,NULL,NULL,NULL,{'$oid': '5cc931ad831b973d657f15f4'},,NULL,22110吨,NULL,NULL,NULL,NULL,英国,10000-50000吨,巡洋舰,1909年,NULL,"
不倦级战列巡洋舰是英国海军建造的战列巡洋舰。同型舰：不倦号（Indefatigable）、新西兰号；澳大利亚号（隶属于澳大利亚海军）。不倦号于1911年完工，后续舰新西兰号、澳大利亚号分别于1912年、1913年完工。1916年不倦号与新西兰号参加了著名的日德兰海战，不倦号在日德兰海战中因炮塔顶部被击穿，且防暴措施不利，导致弹药库殉爆而沉没。其他同型舰战争结束后根据华盛顿海军条约的规定解体。
",25节,NULL,NULL,1709海里/10节，3140海里/22.8节,NULL
11.6米,致远级 巡洋舰,舰船舰艇,247人,81.4米,NULL,NULL,NULL,英国阿姆斯特朗公司,{'$oid': '5cc931ae831b973d657f15f5'},,NULL,NULL,NULL,1887年,1887年,NULL,中国,2000-5000吨,巡洋舰,1886年,NULL,致远级巡洋舰是指中国清朝北洋水师在1886年向外定购的致远和靖远两艘巡洋舰。二舰由英国阿姆斯特朗(Armstrong)所建，每艘造价84.5万两白银。致远及靖远属防护巡洋舰，装有钢制“穹甲”（水平装甲），故又称穹甲快船。,18节,NULL,NULL,6000海里/10节,NULL
20.9米,肯特级重巡洋舰/Kent ,舰船舰艇,685人,162米,NULL,NULL,NULL,查特汉姆船厂(Chatham),{'$oid': '5cc931ae831b973d657f15f6'},http://images.huanqiu.com/sarons/2013/12/49c5518a7ccf0cab03f1d3957fd43f48.jpg,NULL,13660吨,NULL,1926年3月16日,1939年-1945年,NULL,英国,10000-50000吨,巡洋舰,1924年11月15日,NULL,"
肯特级重巡洋舰官方的称呼是""条约级重巡洋舰""、""万吨级重巡洋舰""和""郡级重巡洋舰第一批""。但是由于其装甲薄弱所以又被私下蔑称为""白象""、""白色的坟墓""和""薄皮""。万幸的是在二战爆发前该级舰进行了彻底的现代化改装,加装了附加装甲并提升了防空能力。该级舰还有两艘出售给澳大利亚
",32节,"8门8英寸 (204mm)/50倍径 BL Mark VIII ;双联装炮塔4座前2后21941年部分舰只拆除1座炮塔留出位置安装高炮2门6英寸 (152mm)/50倍径 QF MkN5 ;双联装炮塔1座 (1951年坎伯兰号加装)副炮",退役,10000海里/14节,NULL
18.4米,定远级巡洋舰 ,舰船舰艇,363人,94.5米,NULL,NULL,NULL,德国伏尔铿造船厂,{'$oid': '5cc931ae831b973d657f15f7'},,NULL,7335吨,NULL,1885年,退役,NULL,中国,5000-10000吨,巡洋舰,1883年,NULL,"
定远级巡洋舰是清廷委托德国伏尔铿造船厂制造的7,000吨级的巡洋舰。定远级铁甲舰有两艘，分别为定远及镇远，二舰于1885年开始服役，成为清北洋水师的主力战舰，而定远则同时为舰队旗舰。其装甲厚12至14英寸(305~356毫米)，主要武装为四门305毫米(12英寸)口径的主炮。
",15.4节,NULL,NULL,1215海里/10节,NULL
31.7米,胡德号 战列巡洋舰,舰船舰艇,1418人,262.3米,NULL,NULL,NULL,苏格兰克莱德班克 ,{'$oid': '5cc931ae831b973d657f15f8'},http://images.huanqiu.com/sarons/2013/12/853a1044422364f03e2861250b36fd62.jpg,NULL,48360吨,NULL,1918年8月22日 ,1920年5月15日 ,NULL,英国,10000-50000吨,巡洋舰,1916年9月1日 ,NULL,"
胡德号战列巡洋舰（英文：HMS Hood ，舷号：51），是英国建造的最后一艘战列巡洋舰，是英国皇家海军历史上第4艘以“胡德”（Hood）命名的军舰，属于海军上将级战列巡洋舰。该舰在战争紧急应对法案（Emergency War Programme）之下的1916年下令建造。尽管经过了日德兰海战的教训之后，英国人大量修改了设计方案，但英国人清楚由于舰种造成的限制是修改设计方案无法改变的。由于这个原因，胡德号的姊妹舰在1917年被停止建造随后取消，这导致胡德号为英国皇家海军建造完成的最后一艘战列巡洋舰。她的名字是由18世纪英国海军上将塞缪尔·胡德命名的。
",29节,NULL,NULL,1440海里/20节,NULL
12.5米,海容级巡洋舰,舰船舰艇,324人,100米,NULL,NULL,NULL,德国伏尔铿造船厂,{'$oid': '5cc931ae831b973d657f15f9'},,NULL,2950吨,NULL,1898年,NULL,NULL,中国,2000-5000吨,巡洋舰,1897年,NULL,"
海容级巡洋舰是清朝海军于甲午战争后向德国采购的防护巡洋舰，共有海容、海筹、海琛三艘同级舰。三舰由德国伏尔铿造船厂建造，每艘造价为16万3千英镑，三舰分别于1898年到达大沽，由直隶总督裕禄验收。1937年9月抗日战争期间，三舰都奉命在江阴自沉入长江，以延缓日本海军循长江而上的作战意图。
",20.75节,NULL,退役,2100海里/10节,NULL
9.75米,超勇舰 巡洋舰,舰船舰艇,137人,64米,NULL,NULL,NULL,英国阿姆斯特朗公司,{'$oid': '5cc931ae831b973d657f15fa'},,NULL,1542吨,NULL,1881年,1881年,NULL,中国,500-2000吨,巡洋舰,1880年,扬威舰,,16节,NULL,NULL,5000海里/8节,NULL
20米,伦敦级重巡洋舰,舰船舰艇,1000人,193米,NULL,NULL,NULL,NULL,{'$oid': '5cc931ae831b973d657f15fb'},http://images.huanqiu.com/sarons/2013/12/16fd98dc4bcf1f4ff830c1b7b9229cb3.jpg,NULL,13380吨,NULL,1927年9月14日 ,1941年-1943年,NULL,英国,10000-50000吨,巡洋舰,1926年2月23日 ,NULL,"
伦敦级重巡洋舰（英语：London classcruisers）英国在二战前夕建造的一级条约型重巡洋舰。从技术指标上看，伦敦级算不上十分出色。但在二战中，伦敦级却有着出色的表现。
",32.5节,NULL,NULL,12500海里/12节，10400海里/11节，2930海里/31节,NULL
20.1米,诺福克级重巡洋舰,舰船舰艇,900人,192.9米,NULL,NULL,NULL,NULL,{'$oid': '5cc931ae831b973d657f15fc'},http://images.huanqiu.com/sarons/2013/12/293a35b563c8ae911452ba6351bee7de.jpg,NULL,12500吨,NULL,NULL,NULL,NULL,英国,10000-50000吨,巡洋舰,1926年,诺福克号，多塞特郡号,"
诺福克级重巡洋舰是二战中英国皇家海军的主要舰只，同级舰共建两艘：诺福克号，多塞特郡号。
",32节,"8门8英寸(203mm)/50倍径 BL Mark VIII 副炮",NULL,NULL,NULL
26.6米,冯·德·坦恩号战列巡洋舰,舰船舰艇,923人,171.7米,NULL,NULL,NULL,布洛姆与福斯船厂,{'$oid': '5cc931af831b973d657f15fd'},http://images.huanqiu.com/sarons/2013/12/c7e82f4924bc98ae34c683675126984b.jpg,NULL,21300吨,NULL,1909年3月20日,1911年2月20日,NULL,德国,10000-50000吨,巡洋舰,1908年3月25日,NULL,"
冯·德·坦恩号（SMS Von der Tann）战列巡洋舰是德意志帝国海军建造的第一艘战列巡洋舰，德国海军一直将此类战舰称为重型巡洋舰（Heavy Cruiser）。与英国早期战列巡洋舰以巡洋舰为作战对象有所不同，德国海军的战列巡洋舰一开始就确定了与对方同级别战舰相抗衡的作战目的，因此，该舰追求火力与防护力的平衡。
",24.8节,NULL,NULL,1188海里/14节,NULL
15.25米,狄多级轻型巡洋舰,舰船舰艇,487人,156米,NULL,NULL,NULL,坎贝尔.莱德船厂,{'$oid': '5cc931af831b973d657f15fe'},http://images.huanqiu.com/sarons/2013/12/012a6e336ab95466278ce006271cf167.jpg,NULL,7010吨,NULL,1939年7月18日,1940年,NULL,英国,5000-10000吨,巡洋舰,1937年10月,NULL,"
“狄多”级又叫“黛朵”级。黛朵级最初的设计是装备10门新型5.25英寸Mark I高炮（该型高炮同样也被乔治五世级战列舰使用）担任舰队防空任务。但是由于Mark I型火炮数量的短缺，最初的3艘各自只装备了8门该型火炮，而最后建造的第3批则装备了效果相当的Mark III4.5英寸主炮。大多数黛朵级都有在地中海服役的经历，这是由于在地中海水域空中打击是舰队面临的最大威胁。
",32节,NULL,退役,5560 海里 / 15 节，1500 海里 /30 节,NULL
12.19米,平远舰,舰船舰艇,145人,60米,NULL,NULL,NULL,中国清朝福州船政局,{'$oid': '5cc931af831b973d657f15ff'},,NULL,2640吨,NULL,1888年,1890年,NULL,中国,2000-5000吨,巡洋舰,1866年,NULL,"
    平远舰，原名“龙威”，是中国清朝福州船政局参考“超勇”与“济远”首次自行设计建造的全钢甲军舰，同时是该厂第廿九号舰，亦为19世纪末中国造船工业的登峰之作，造价白银524,000两。平远属钢壳巡洋舰，排水量2,150吨，吃水4.4米，航速达10.5节，管带为李和。
",10.5节,NULL,NULL,NULL,NULL
30米,沙恩霍斯特级,舰船舰艇,1669人,235.4米,NULL,NULL,NULL,NULL,{'$oid': '5cc931af831b973d657f1600'},http://images.huanqiu.com/sarons/2013/12/893d0bfe521b228bbc97e39579bf8c00.jpg,NULL,38900吨,NULL,NULL,NULL,NULL,德国,10000-50000吨,巡洋舰,1935年,NULL,"
沙恩霍斯特级战列巡洋舰是纳粹德国设计建造的一种大型主力舰。沙恩霍斯特级同级舰两艘：沙恩霍斯特号(Scharnhorst)、格奈森瑙号(Gneisenau)。

德国作为第一次世界大战的战败国，其海军主力舰的建造受到《凡尔赛和约》的严格限制。1933年希特勒掌权后，德国海军打算突破限制，开始秘密设计大型战舰。1935年德国宣布撕毁《凡尔赛和约》，签订《英德海军协定》之后，德国海军停止建造德意志级装甲舰的四、五号舰，于1935年开工建造沙恩霍斯特级。
",31.5节,NULL,NULL,NULL,NULL
11.99米,经远级巡洋舰,舰船舰艇,270人,82.4米,NULL,NULL,NULL,德国伏尔铿造船厂,{'$oid': '5cc931af831b973d657f1601'},,NULL,2990吨,NULL,1887年,NULL,NULL,中国,2000-5000吨,巡洋舰,1886年,NULL,,15.5节,NULL,NULL,NULL,NULL
15.3米,柯尼斯堡级/K级,舰船舰艇,820人,174米,NULL,NULL,NULL,NULL,{'$oid': '5cc931af831b973d657f1602'},,NULL,8260吨,NULL,NULL,NULL,NULL,德国,5000-10000吨,巡洋舰,NULL,NULL,"
该级是按照《凡尔赛和约》的条款开始建造。根据条款的要求，德国军舰在除了用于训练及海岸防御外，不做其它用途，替代舰必须在军舰其下水时间后20年才可动工建造。在成功地建造了排水量5400吨的埃姆登号轻巡洋舰，德国继续利用1920年华盛顿条约的漏洞（由于德国不是此条约的缔约国，但是一但发现条约对自己有利就按条约办事，共管委员会也无视这一举动）来造新巡洋舰，以替换那些老家伙。按条约，新的轻巡洋舰的最大可用排水量为6000吨。因此德国有4艘巡洋舰的建造空间，为此德国决定先建造3艘6000吨级的巡洋舰，口径不超过150毫米。
",32.5节,NULL,NULL,3100海里/13节,NULL
11.58米,靖远舰/巡洋舰,舰船舰艇,260人,76.2米,NULL,NULL,NULL,英国阿姆斯特朗公司,{'$oid': '5cc931af831b973d657f1603'},,NULL,7670吨,NULL,1887年,1887年,NULL,中国,5000-10000吨,巡洋舰,1886年,NULL,,18.5节,NULL,NULL,6000海里/10节,NULL
9.68米,扬威舰,舰船舰艇,137人,67.1米,NULL,NULL,NULL,英国阿姆斯特朗公司,{'$oid': '5cc931b0831b973d657f1604'},,NULL,1542吨,NULL,1881年,1881年,NULL,中国,500-2000吨,巡洋舰,1880年,超勇舰,清政府向英国阿姆斯特朗公司订造的巡洋舰，是超勇舰的姊妹舰。扬威舰于1881年7月15日建成，1881年11月22日驶抵大沽，加入北洋水师。中法战争期间，超勇、扬威两舰曾会同南洋水师5舰南下增援福建水师，但被法国舰队击退。,15节,NULL,NULL,5300海里/8节,NULL
30.4米,约克级重型巡洋舰,舰船舰艇,1227人,227.8米,NULL,NULL,NULL,NULL,{'$oid': '5cc931b0831b973d657f1605'},,NULL,38300吨,NULL,NULL,NULL,NULL,英国,10000-50000吨,巡洋舰,一战后,NULL,"
约克级重巡洋舰，皇家海军最后一级重巡洋舰（英国皇家海军对轻重巡洋舰的区分是看搭载的火炮口径，而非排水量）。该级舰是皇家海军一战后第一次对建造的非条约级重巡洋舰的尝试。
",27.3节,"6门8英寸(203mm)/50倍径 BL Mark VIII 副炮",NULL,5500海里/14节,NULL
9.75米,超勇级 巡洋舰,舰船舰艇,137人,64米,NULL,NULL,NULL,英国阿姆斯特朗公司,{'$oid': '5cc931b0831b973d657f1606'},,NULL,1542吨,NULL,1881年,1881年,NULL,中国,500-2000吨,巡洋舰,1880年,NULL,该级巡洋舰共有两艘，分别是超勇舰和扬威舰，超勇舰及扬威舰是中国清朝北洋水师向外定购的最初两艘巡洋舰。二舰均由英国“阿姆斯特朗”(Armstrong)所建（部份建造后来被外判与米切尔Mitchell 船厂），造价共65万两银。同级战舰还有一艘卖给智利，最后由日本购入，便是筑紫号。,16节,NULL,NULL,5000海里/8节,NULL
16.2米,莱比锡级,舰船舰艇,850人,177.1米,NULL,NULL,NULL,NULL,{'$oid': '5cc931b0831b973d657f1607'},http://images.huanqiu.com/sarons/2013/12/765c8dd220913b699be46cb7fe640428.jpg,NULL,8382吨,NULL,NULL,NULL,K级轻巡洋舰,德国,5000-10000吨,巡洋舰,NULL,纽伦堡号，莱比锡号,"
莱比锡级轻巡洋舰（德语：Leipzig-Klasse）是德国海军轻巡洋舰的一个级别，共有纽伦堡号与莱比锡号两艘舰只属于此类。

莱比锡级轻巡洋舰为德国海军最后一级的轻巡洋舰，并由K级轻巡洋舰衍生而来。不同于尚有实验性质的K级，莱比锡级选择将炮塔置于中线位置。在建造第2艘的纽伦堡号时，有做过设计上的修正，建造完后与原本的有修不同。战后，纽伦堡号被分配给了苏联海军，改名为马可罗夫上将号（Admiral Makarov）；而莱比锡号则短暂担任德国扫雷部门的船舰，之后载满毒气被拖往北海弄沉。
",32节,NULL,退役,6200海里/14.5节,NULL
14.3米,海圻号 巡洋舰,舰船舰艇,476人,129.3米,NULL,NULL,NULL,英国阿姆斯特朗公司,{'$oid': '5cc931b0831b973d657f1608'},,NULL,4500吨,NULL,1896年,1898年,NULL,中国,2000-5000吨,巡洋舰,NULL,NULL,,24节,NULL,NULL,12节/2600海里,NULL
30米,沙恩霍斯特号/Scharnhorst,舰船舰艇,1669人,235.4米,NULL,NULL,NULL,威廉港战争海军造船厂,{'$oid': '5cc931b1831b973d657f1609'},http://images.huanqiu.com/sarons/2013/12/b1cfa6af52b820893c64f3a3aedac48b.jpg,NULL,38900吨,NULL,1936年10月3日,1939年1月7日,NULL,德国,10000-50000吨,巡洋舰,1935年6月15日,NULL,"
沙恩霍斯特号战列巡洋舰（德语：Scharnhorst）是纳粹德国海军于第二次世界大战中使用的一艘主力舰，也是沙恩霍斯特级的一号舰，舰种被划分于战斗舰与战列巡洋舰之间。沙恩霍斯特号由德国威廉港的战争海军造船厂所建造，于1936年10月3日下水，并在1939年1月7日开始服役。
",32节,NULL,NULL,8400海里/19节，10000海里/17节,NULL
15.5米,重庆号 巡洋舰,舰船舰艇,500人,154米,NULL,NULL,NULL,英国朴茨茅斯造船厂,{'$oid': '5cc931b1831b973d657f160a'},,NULL,6665吨,NULL,1936年,1937年,NULL,中国,5000-10000吨,巡洋舰,1935年,NULL,,32节,NULL,NULL,3249海里/10节,NULL
10.36米,济远舰/巡洋舰,舰船舰艇,202人,72米,NULL,NULL,NULL,德国伏尔铿船厂,{'$oid': '5cc931b1831b973d657f160b'},,NULL,NULL,NULL,NULL,1894年,NULL,中国,2000-5000吨,巡洋舰,1883年,NULL,,15节,NULL,NULL,NULL,NULL
13.5米,恩登号/Ender轻巡洋舰,舰船舰艇,360人,118.3米,NULL,NULL,NULL,NULL,{'$oid': '5cc931b1831b973d657f160c'},http://images.huanqiu.com/sarons/2013/12/cbd48fb025bb98c9a5d8c4fce51c196d.jpg,NULL,4270吨,NULL,1908年5月26日,1909年7月10日,NULL,德国,2000-5000吨,巡洋舰,1906年4月6日,NULL,"
Ender(恩登号)属于德国海军Dresden(德勒斯登)级轻巡洋舰。
",24节,NULL,NULL,NULL,NULL
28.5米,塞德利茨号/Seydlitz,舰船舰艇,1068人,200.6米,NULL,NULL,NULL,汉堡市布洛姆与福斯船厂,{'$oid': '5cc931b1831b973d657f160d'},http://images.huanqiu.com/sarons/2013/12/d4f091f13ea6efad0fdab8ceb96f6efa.jpg,NULL,28100吨,NULL,1912年3月30日,1913年5月22日,NULL,德国,10000-50000吨,巡洋舰,1911年2月4日,NULL,"
塞德利茨号战列巡洋舰（SMS Seydlitz）是德国海军于1911年开工建造的一艘战列巡洋舰。战争结束后塞德利茨号被引渡到英国，在斯卡帕湾自沉。
",28.1节,NULL,NULL,1134海里/14节,NULL
10.06米,广甲舰 巡洋舰,舰船舰艇,180人,67.36米,NULL,NULL,NULL,马尾造船所,{'$oid': '5cc931b1831b973d657f160e'},,NULL,NULL,NULL,1887年,1887年,NULL,中国,500-2000吨,巡洋舰,1885年,NULL,"
   广甲是中国清朝广东水师在1885年向福州船政订购的一艘巡洋舰，由马尾造船所建，造价为220,000两银。广甲属穹甲巡洋舰（铁胁木壳），排水量1,296吨，航速达14.2节，同级战舰只有一艘，管带为吴敬荣。在1894年爆发的中日甲午战争中，广甲参加了黄海海战。海战中与济远舰同组，尾随后者逃离战场，当日夜半在大连湾口的三山岛触礁搁浅，因无法抢救而被迫弃船自毁。事后管带吴敬荣被革职查办。
",14.2节,NULL,NULL,NULL,NULL
16.2米,莱比锡号/Leipzig,舰船舰艇,850人,177.1米,NULL,NULL,NULL,NULL,{'$oid': '5cc931b2831b973d657f160f'},http://images.huanqiu.com/sarons/2013/12/167948f5b747bf3d4d509ec5bf55072a.jpg,NULL,8382吨,NULL,NULL,NULL,NULL,德国,5000-10000吨,巡洋舰,NULL,NULL,"
莱比锡号轻型巡洋舰是按照《凡尔赛和约》的条款开始建造。该舰采用建造中的柯尼斯堡级轻型巡洋舰的设计图纸，除了将两个烟囱合为一个之外，其它性能都全部一样。
",32节,NULL,NULL,6200海里/14.5节,NULL
