型宽,名称,鱼雷,水雷,大类,编制,舰长,武器装备,潜航深度,水下排水量,关注度,制造厂,_id,图片,武装,次型,满载排水量,活动范围,下水时间,服役时间,前型,产国,满排吨位,类型,建造时间,同型,简介,航速,自持力,水上排水量,现状,续航距离
7.5米,039型“宋”级潜艇,NULL,NULL,舰船舰艇,50人,74.9米,NULL,300米,2250吨,NULL,江南造船厂和武昌造船厂,{'$oid': '5cc931ea831b973d657f1798'},http://images.huanqiu.com/sarons/2013/07/dbc299d1af6bbe4358f08e559b48c127.jpg,NULL,039A型潜艇（元级潜艇）,NULL,太平洋,1994年,1999年5月,035型潜艇（明级潜艇）,中国,NULL,常规潜艇,1992年,NULL,,22节,28天,1700吨,NULL,4节航速水下航行3300海里
6.3米,214级常规攻击型潜艇,NULL,NULL,舰船舰艇,22人,65米,NULL,400米,1800吨,NULL,哈德威造船厂（HDW）,{'$oid': '5cc931ea831b973d657f1799'},http://images.huanqiu.com/sarons/2013/07/0a0d495322a14263ab7feae47519ae31.jpg,NULL,NULL,NULL,印度洋，太平洋，大西洋，地中海,NULL,2010年11月2日,209级,德国,NULL,常规潜艇,2001年1月16日,212级,"214级潜艇是德国在畅销全球的209级潜艇基础上设计出来的新一代潜艇，哈德威造船厂（HDW,Howaldtswerke-Deutsche Werft）在209型潜艇基础上做动力性能提升的潜艇，同时将212A远洋型潜艇的优点引进214潜艇设计里，因此214型被看作是209型的接替产品，目前已经出口多国。",20节,84天,1700吨,现役,4节航速行驶1248海里
7米,212A级常规攻击型潜艇,NULL,NULL,舰船舰艇,18人,55.9米,NULL,700米,1830吨,NULL,哈德威造船厂（HDW）,{'$oid': '5cc931ea831b973d657f179a'},http://images.huanqiu.com/sarons/2013/07/f4f77b86c0eebec556dcf2a6f0fcf2a1.jpg,NULL,NULL,NULL,大西洋波罗的海地中海,2005年,NULL,209级,德国,NULL,常规潜艇,2003年,212A级,"
212级潜艇，是1990年由德国哈德威造船厂（HDW）和北海工程公司（NSWE）以209级1200型潜艇为母型，所设计制造的新一级柴电动力潜艇。德国海军将其作为走向21世纪的主力潜艇。
",20节,21天,1450吨,现役,8节航速水面航行时航程8000英里
6.25米,209级潜艇,NULL,NULL,舰船舰艇,22人,62米,NULL,320米,1586吨,NULL,哈德威造船厂（HDW ）,{'$oid': '5cc931eb831b973d657f179b'},http://images.huanqiu.com/sarons/2013/07/d6f6b9f64cf2f09996f54418f2e4c389.jpg,NULL,NULL,NULL,NULL,NULL,1994年7月,206型,德国,500-2000吨,常规潜艇,1971年,214型,209型潜艇是一种柴电动力的攻击型潜艇，由德国哈德威造船厂（HDW）设计研制，20世纪60年代末外销。到2009年为止，209型潜艇已成功出口到13个国家和地区，在全球各地，已生产同型舰艇近60艘，是西方外销量最大的潜艇。,22.5节,50天,1454吨,NULL,8节航速水下通气管航行时航程8 000英里
4.6米,206A级常规攻击型潜艇,NULL,NULL,舰船舰艇,23人,48.6米,NULL,200米,498吨,NULL,德国哈德威造船厂（HDW）,{'$oid': '5cc931eb831b973d657f179c'},http://images.huanqiu.com/sarons/2013/07/be9afbaf9d8b521fc2b1a39c89d5eeef.jpg,NULL,212A型潜艇， 209型潜艇（外销型）,NULL,大西洋，波罗的海，地中海，印度洋,NULL,1973年4月19日,205型潜艇,德国,NULL,常规潜艇,20世纪60年代,206型潜艇,"
德国的206A级潜艇原为206型潜艇，即U型潜艇，206A级潜艇是它的升级版。206A级潜艇是一种小型近岸柴电动力潜艇，最早由德国哈德威造船厂（HDW）以之前205型潜艇为基础建造而成，首艇U13(S192)于1962年开发设计完成，1973年开始服役于德国海军。
",17节,5天,450吨,全部退役,5节航速水面航行时航程4500英里
9.9米,“基洛”级常规潜艇,NULL,NULL,舰船舰艇,39人,72.6米,NULL,240米,3076吨,(4.9分),红宝石设计局,{'$oid': '5cc931eb831b973d657f179d'},http://images.huanqiu.com/sarons/2013/07/a54bbf212a121365d9d3fd94335f35d5.jpg,NULL,NULL,NULL,北冰洋太平洋,1979年,1982年,T型,苏/俄,2000-5000吨,常规潜艇,1974,NULL,基洛级常规动力攻击潜艇（Kilo class，基洛为Kilo的音译）目前是俄罗斯海军战后第三代主力柴电潜艇。基洛级潜艇以火力强大、噪音小而闻名，是目前俄罗斯出口量最大的潜艇。,17节,45天,2325吨,NULL,7节航速水下通气管航行航程6000英里；3节航速水下潜航航程400英里
8.4米,“元”级（041型）常规攻击型潜艇,NULL,NULL,舰船舰艇,65人,72米,NULL,300米,3600吨,NULL,武昌造船厂,{'$oid': '5cc931eb831b973d657f179e'},http://images.huanqiu.com/sarons/2013/07/db00e8a51560faec98cdae57fcf73ea9.jpg,NULL,NULL,NULL,NULL,2004年5月31日,NULL,NULL,中国,NULL,常规潜艇,NULL,NULL,,20节,NULL,2300吨,NULL,未知
6.8米,“阿戈斯塔”级常规动力潜艇,NULL,NULL,舰船舰艇,47人,67.7米,NULL,350米,1760吨,NULL,NULL,{'$oid': '5cc931eb831b973d657f179f'},http://images.huanqiu.com/sarons/2013/07/dc11be08f5194e52d95210d2e043e5b8.jpg,NULL,鲉鱼级潜艇，红宝石级核子攻击潜艇，S-80型潜艇（西班牙）,NULL,NULL,NULL,1977年,达弗尼级潜艇,法国,500-2000吨,常规潜艇,1971年,NULL,"
“阿戈斯塔”级潜艇（又称称“奥古斯塔”级潜艇Agosta class submarine，西班牙称S-70型潜艇），为法国DCNS公司研发制造的常规动力潜艇，是法国政府在1971~1975年的第三个5年建设计划中的产物,1977年开始进入海军服役。
",20节,45天,1510吨,NULL,9节航速水下通气管航行时航程8 500英里
7.8米,“柯林斯”级常规潜艇,NULL,NULL,舰船舰艇,36人,77.8米,NULL,300米,3353吨,NULL,澳大利亚工业部,{'$oid': '5cc931eb831b973d657f17a0'},http://images.huanqiu.com/sarons/2013/07/d9812fa91011889317bf778b81379d86.jpg,NULL,NULL,3353吨,太平洋,1993年8月28日,1995年,NULL,澳大利亚,2000-5000吨,常规潜艇,1989,NULL,"柯林斯级潜艇是由澳大利亚工业部门生产的，被普遍认为是世界上常规潜艇中能力最强的一种潜艇。澳大利亚官员称，世界上没有其他常规潜艇在技术方面能超过""柯林斯""级潜艇，在水中，柯林斯级常规潜艇几乎无法被发现。",20节,70天,3051吨,NULL,10节航速水下通气管航行9000英里
7.2米,“维多利亚”级常规攻击型潜艇,NULL,NULL,舰船舰艇,55人,70.26米,NULL,200米,2400吨,NULL,英国维克斯造船与工程有限公司（VSEL）,{'$oid': '5cc931eb831b973d657f17a1'},http://images.huanqiu.com/sarons/2013/07/9c00b43968d151a7d4ec4f5d2d8c234f.jpg,NULL,NULL,NULL,大西洋太平洋,1986年12月,NULL,NULL,英国,2000-5000吨,常规潜艇,1983年11月,NULL,“维多利亚”级潜艇，原名“支持者”级，共四艘，是英国维克斯造船与工程有限公（VSEL）在上世纪70年代末为英国海军研制一款新型常规攻击型潜艇。尽管性能优越，但刚列装不久，即面临被淘汰的命运。最终，于1998年，被加拿大政府低价购回，重新命名为“维多利亚”级潜艇，进入加拿大皇家海军服役。,20节,49天,2200吨,NULL,8节航速水下通气管，航行航程8 000英里
6.2米,“天蝎座”级常规攻击性潜艇,NULL,NULL,舰船舰艇,31人,66.4米,NULL,350米,1564吨,NULL,法国DCNS公司与西班牙Navantia公司（IZAR）,{'$oid': '5cc931eb831b973d657f17a2'},http://images.huanqiu.com/sarons/2013/07/25fe97d0a35a8c3213e33f6927468745.jpg,NULL,NULL,NULL,NULL,NULL,2005年9月9日,NULL,法国,NULL,常规潜艇,2003年10月23日,NULL,"
“天蝎座”级（或称“鲉鱼”级潜艇、“天蝎星”级潜艇）为法国DCNS公司与西班牙Navantia公司（IZAR）联合研发制造的常规动力潜艇。“天蝎座”级潜艇的设计是结合了西班牙的常规动力潜艇与法国“凯旋”级核潜艇的部分概念，共有三种型号，标准型、AIP型和缩小版型。
",20节,50天,1668吨,NULL,8节水面航速航行时航程6 500英里；4节水下航速航行时航程550英里；4节水下航速航行时航程360英里(马来西亚)
8.4米,SS-793/海龙号,NULL,NULL,舰船舰艇,58人,66.92米,NULL,240米,2600吨,NULL,Wilton-Fyenood造船厂,{'$oid': '5cc931eb831b973d657f17a3'},http://images.huanqiu.com/sarons/2014/01/4e033cfadaf3a1d82f52b398800ceec1.jpg,NULL,NULL,NULL,NULL,1986年10月4日,1987年12月28日,NULL,中国,500-2000吨,常规潜艇,1982年,海虎号,,20节,60天,2300吨,在役,18520公里（水面）
6.8米,“海豚”级常规攻击型潜艇,NULL,NULL,舰船舰艇,35人,57.3米,NULL,350米,1900吨,NULL,哈德威造船厂（HDW）,{'$oid': '5cc931ec831b973d657f17a4'},http://images.huanqiu.com/sarons/2013/07/554488856b0c353500dd729d6d20fd64.jpg,NULL,NULL,NULL,地中海印度洋,NULL,1998年4月,NULL,德国,NULL,常规潜艇,1992年,海豚号、黎凡塞号和泰库玛号,"
""海豚""级潜艇为以色列海军的常规动力潜艇，由哈德威造船厂（HDW）和蒂森北海工厂(TNSW)共同负责建造。海豚级潜艇的厂方编号为“Type 800”，为209型潜艇及212型潜艇的改良型，但不被视为是209型的家族成员，基本设计反而类似最新的212型。以色列海军用该艇来替代70年代购得的盖尔级潜艇。
",20节,60天,1640吨,现役,8节航速水面航行时航程8 000英里，8节航速水下航行时航程420英里
6.8米,“桂树神”（Daphné）级（“汉果”级，“青花鱼”级，“海豚”级）常规攻击型潜艇,NULL,NULL,舰船舰艇,50人,57.8米,NULL,300米,1043吨,NULL,NULL,{'$oid': '5cc931ec831b973d657f17a5'},http://images.huanqiu.com/sarons/2013/07/e0bdc9315ab0aced3fc1b30abd19624a.jpg,NULL,NULL,NULL,NULL,NULL,1964年,NULL,法国,NULL,常规潜艇,1964年,NULL,“桂树神”级常规潜艇，又称“女神”级，是法国由“林仙”级发展而来的一级反潜潜艇。该级潜艇建造于1964年-1969年，首艇于1964年服役，现役9艘。该级艇1971年改装了武备和电子探测装置。,16节,30天,869吨,NULL,5节航速水面航行时航程4500英里，7节航速水下通气管航行时航程3 000英里
6.2米,“哥特兰” (Gotland)级(A 19)常规攻击型潜艇,NULL,NULL,舰船舰艇,24人,60.4米,NULL,300米,1599吨,NULL,瑞典考库姆公司,{'$oid': '5cc931ec831b973d657f17a6'},http://images.huanqiu.com/sarons/2013/07/6c3b2d017e1f467c0e603fdf54275721.jpg,NULL,南曼兰级潜艇 A-26型潜艇,NULL,NULL,1995年2月2日,1996年,所罗门级（A-11型）海蛇级（A-12型）水怪级（A-14型）西约特兰级（A-17型）,瑞典,500-2000吨,常规潜艇,1992年11月20日,3艘,,20节,15天,1494吨,服役中,未知
5.4米,乌拉(Ula)级常规攻击型潜艇,NULL,NULL,舰船舰艇,21人,59米,NULL,200米,1150吨,NULL,NULL,{'$oid': '5cc931ec831b973d657f17a7'},http://images.huanqiu.com/sarons/2013/07/d007d25cec7455fc56c854bae8e1cf0b.jpg,NULL,NULL,NULL,NULL,NULL,NULL,NULL,挪威,NULL,常规潜艇,1989年,NULL,,23节,40天,1040吨,NULL,8节航速时航程5000英里
10米,“春潮”(Harushio)级常规攻击型潜艇,NULL,NULL,舰船舰艇,65人,77米,NULL,300米,2750吨,NULL,日本三菱重工业神户造船所，川崎造船神户工场,{'$oid': '5cc931ec831b973d657f17a8'},http://images.huanqiu.com/sarons/2013/07/dd2e674713fa6239d12f0fe238ec4dc9.jpg,NULL,“亲潮”级,NULL,NULL,NULL,1990年11月30日,“夕潮”级,日本,NULL,常规潜艇,1987年4月21日,“春潮”号(SS583)，“夏潮”号(SS 584)，“早潮”号(SS 585)，“荒潮”号(SS586)，“若潮”号(SS 587)，“冬潮”号(SS588)，“朝潮”号(TSS3601，原SS 589),"
春潮级潜艇为日本海上自卫队的常规动力潜艇。1987年，由日本三菱重工业神户造船所和川崎造船神戸工场分别开工建造。春潮级的舰体比法国的红宝石级(Rubis class)核动力攻击潜舰还大一些，设计上延续前型“涡潮”级、“汐潮”级一脉相承的基本构型，但在舰体长度增长1米，直径略增，排水量增大，其他在人员适居性、舰体材料、潜航续航力、静音能力、水下侦测等方面都有许多改进。所以，春潮级基本上是汐潮级的改良型。
",20节,45天,2450吨,退役，部分转为训练潜舰或测试平台,未知
8.9米,“亲潮”（Oyashio）级常规攻击型潜艇,NULL,NULL,舰船舰艇,59人,81.7米,NULL,500米,3000吨,NULL,日本三菱重工业神户造船所和川崎造船神戸工场,{'$oid': '5cc931ec831b973d657f17a9'},http://images.huanqiu.com/sarons/2013/07/abce60603d4998eb24f33e746af18bcf.jpg,NULL,“苍龙”级潜艇,NULL,NULL,1996年10月15日,1998年3月16日,“春潮”级潜艇,日本,NULL,常规潜艇,1994年1月26日,NULL,"
“亲潮”级潜艇为日本海上自卫队的常规动力潜艇之一。“亲潮”级潜艇是由日本三菱重工业神户造船所和川崎造船神户工场，分别在1998年3月至2008年3月完成11艘的舰造工程。较前一型“春潮”级潜艇有更良好的操控性能、潜航深度的增大、续航力增加、情报处理能力更优越，算是“春潮”级潜艇的改良加大版。
",20节,21天,2750吨,现役,不详
8.4米,“海象”(Walrus)级常规攻击型潜艇,NULL,NULL,舰船舰艇,55人,67.7米,NULL,450米,2800吨,NULL,鹿特丹干船坞公司,{'$oid': '5cc931ec831b973d657f17aa'},http://images.huanqiu.com/sarons/2013/07/693266549f036b23285e0cc7dbcbd0ce.jpg,NULL,海鳗级潜艇,NULL,NULL,NULL,1992年,荷兰旗鱼级潜舰剑鱼级潜艇,荷兰,NULL,常规潜艇,1979年12月,“海象”“海豚”“布鲁因维斯”号“海狮”,"
海象级潜舰是荷兰海军目前唯一现役潜舰群，从90年代开始服役，都以海洋哺乳动物命名，特殊之处在于接近十字形状的舰尾；其升降舵和方向舵是X型排列。这种船尾是60年代由美军USS Albacore (AGSS-569)号率先使用。
",20节,NULL,2465吨,服役中,9节航速水下通气管航行时航程10 000英里
9.9米,“夕潮”（Yuushio） 级常规动力潜艇,NULL,NULL,舰船舰艇,61人,76米,NULL,300米,2450吨,NULL,日本三菱重工业神户造船所，川崎重工神户造船厂,{'$oid': '5cc931ec831b973d657f17ab'},http://images.huanqiu.com/sarons/2013/07/7855d88197090ba791f4b744c6b2ced8.jpg,NULL,“春潮”级,NULL,太平洋,1979年3月29日,1980年2月26日,“涡潮”级,日本,2000-5000吨,常规潜艇,1976年12月21日,NULL,"
夕潮级(又称汐潮级)潜艇为日本海上自卫队的常规动力潜舰，由日本三菱重工业神户造船所和川崎重工神户造船厂建造。首舰于1976年开工，共建造同级型10艘分别在1980年至1989年服役，以每年一艘的速度成军。
",20节,NULL,2250吨,退役,未知
61米,“索德蒙兰”（Sǒdermanland）级常规攻击型潜艇,NULL,NULL,舰船舰艇,24人,60.5米,NULL,300米,1600吨,NULL,英国考库姆公司,{'$oid': '5cc931ec831b973d657f17ac'},http://images.huanqiu.com/sarons/2013/07/a3a7baf96e5effc6f2b1863a3e1822ab.jpg,NULL,NULL,NULL,NULL,1988年4月12日,1989年4月21日,NULL,瑞典,NULL,常规潜艇,未知,NULL,,20节,NULL,1500吨,现役,未知
6.1米,“海蛇”(Sjoormen)级(A 12)常规攻击型潜艇,NULL,NULL,舰船舰艇,18人,51米,NULL,250米,1210吨,NULL,瑞典考库姆造船公司,{'$oid': '5cc931ed831b973d657f17ad'},http://images.huanqiu.com/sarons/2013/07/cd2b2cf579e91d4c0512b9c69380507a.jpg,NULL,NULL,NULL,NULL,1967年1月25日,1968年7月31日,NULL,瑞典,NULL,常规潜艇,1967年-1968年,NULL,"
“海蛇”级潜艇以反潜为主要任务。它是瑞典考库姆舰船公司于二战后研制的第一代采用单轴、单螺旋桨推进的现代化潜艇。瑞典海军原来共有5艘“海蛇”级潜艇，其中1艘早已退役，另4艘分别名为“海熊”、“海蛇”、“海狮”和“海狗”号，全部卖给了新加坡。新加坡将其更名为“挑战者”级，4艘艇分别更名为“挑战者”、“征服者”、“百人队长”和“酋长”号。“海蛇”级潜艇的指挥台围壳尺寸相对较大，是瑞典第一代采用围壳舵的潜艇。
",20节,21天,1130吨,在役4艘,未知
9.8米,“敏捷”（Swiftsure）级核动力攻击型潜艇,NULL,NULL,舰船舰艇,98人,82.9米,NULL,500米,4900吨,NULL,维克斯造船与工程有限公司,{'$oid': '5cc931ed831b973d657f17ae'},http://images.huanqiu.com/sarons/2013/07/76cb8006ac9e9835aefd67d777dd3de7.jpg,NULL,“特拉法加”级,NULL,NULL,1971年9月7日,1973年4月17日,“丘吉尔”级,英国,NULL,常规潜艇,1969年6月6日,6艘,"
“敏捷”（Swiftsure）级是在20世纪70年代初至2010年为英国皇家海军服役的核动力攻击型潜艇。共有6艘建成并服役。到2010年“敏捷”级陆续退役，逐渐被“机敏”级潜艇取代。除了本身的鱼雷装备，水雷和反舰导弹，一些潜艇得以升级，新增了发射战斧式巡航导弹的能力。“敏捷”（Swiftsure）级核动力攻击型潜艇也是英国皇家海军第一批配备喷水式推进器的潜艇。
",30节,NULL,4400吨,退役,不限
6.8米,“萨乌罗”级常规攻击型潜艇,NULL,NULL,舰船舰艇,55人,63.9米,NULL,300米,1631吨,NULL,意大利芬坎特里造船公司蒙法尔科内造船厂,{'$oid': '5cc931ed831b973d657f17af'},http://images.huanqiu.com/sarons/2013/07/ebd2152ba9f2469657092a1e566d2a57.jpg,NULL,“托达罗”级潜艇,NULL,地中海，大西洋,1976年10月1日,1980年2月12日,“托蒂”级潜艇,意大利,500-2000吨,常规潜艇,1974年6月27日,NULL,,19节,NULL,1456吨,5艘升级服役中，3艘退役,11节航速水面航行时航程11000英里，4节航速水下航行时航程250英里
0.8米,Chariot CE2F/X100T潜水员输送载具 ,NULL,NULL,舰船舰艇,1人,7米,NULL,100米,NULL,NULL,Cosmos Spa(意大利，里窝那),{'$oid': '5cc931ed831b973d657f17b0'},http://images.huanqiu.com/sarons/2013/11/204a5c7adc26fc0b004a73f34f1451f4.jpg,NULL,NULL,NULL,NULL,NULL,NULL,NULL,意大利,NULL,常规潜艇,NULL,NULL,,NULL,NULL,2吨,NULL,50海里
5.6米,MG110小型潜水艇,两个21英寸(533毫米)发射管；两枚AEG SUT鱼雷；线导；主动导航12公里(65英里)，35节；被动导航签公里(15英里)，23节；弹头250千克外加两枚短程主动/被动导航鱼雷或两艘潜水员输送载具(SDV)。水雷,NULL,舰船舰艇,8人,27.8米,NULL,150米,110吨,NULL,Cosmos SpA(意大利，里窝那)(巴基斯坦特许生产),{'$oid': '5cc931ed831b973d657f17b1'},,NULL,NULL,NULL,欧洲,NULL,NULL,SX 756型潜艇,意大利,500吨以内,常规潜艇,未知,NULL,"
在意大利Cosmos公司监管下，三艘MG 110型潜艇在巴基斯坦生产。这些潜艇是意大利Cosmos公司设计的SX 756型潜艇的扩大版潜水深度为150米，可乘载八名蛙人和两吨爆炸物以及两艘CF2 FX 60 SDV(潜水员输送载具)。
",9节,NULL,102吨,NULL,NULL
6.7米,033型（R级）常规攻击潜艇,NULL,NULL,舰船舰艇,47人,76.6米,NULL,300米,1800吨,NULL,上海江南造船厂,{'$oid': '5cc931ed831b973d657f17b2'},,NULL,NULL,3200吨,中国，朝鲜，埃及,1963年8月,1965年9月,前苏联633型,中国,2000-5000吨,常规潜艇,1960年,NULL,"
033型常规动力潜艇，是原苏联633型,北约代号R级(ROEMO)的改进型，是根据“二四协定”，向中国有偿转让，由中国进行仿制的。是中国生产批量最大的一型潜艇，其中出口朝鲜7艘埃及4艘。1960年开始中国化修改和国产化工作，至1967年基本完成，并命名为033型，出口型号ES5A型。至1987年停产时，我国共建造了106艘。
",15节,45天,1400吨,部分在役,NULL
4米,小型潜艇,NULL,6枚Mk 21水雷，弹头300千克；8枚Mk11，弹头50千克。,舰船舰艇,4人,23米,NULL,96560.64米,70吨,NULL,Cosmcs SpA(意人利，里窝那),{'$oid': '5cc931ed831b973d657f17b3'},,NULL,NULL,70吨,北美洲,NULL,NULL,NULL,意大利,500吨以内,常规潜艇,未知,NULL,"
两艘该艇被哥伦比亚海军列为“战术潜艇”。它可以运载八名蛙人和两吨的爆炸物以及两艘潜水员输送载具(SDV)。该艇的排水量最初设计为40吨，但后来于20世纪80年代初扩大了。
",11节,NULL,58吨,NULL,NULL
6.2米,“卡克拉”（209）级潜艇（SSK）,8-21英寸(533毫米)艇首鱼雷管道；14枚AEG SUTMod o型鱼雷；,NULL,舰船舰艇,28人,59.5米,NULL,500米,1390吨,NULL, 霍瓦特-德意志造船厂(德国),{'$oid': '5cc931ee831b973d657f17b4'},http://images.huanqiu.com/sarons/2013/11/33910116ed0a4db2c5d34e31f37ba3ab.jpg,NULL,NULL,NULL,NULL,NULL,NULL,NULL,德国,500-2000吨,常规潜艇,NULL,NULL,"
“卡克拉”(Cakra)209型是德国德意志船厂开发的一款专供出口开发的柴电攻击潜艇。其艇首部分较高，尾部略低，艇舵浮出。主要装备印度尼西亚海军。目前已成功出口到13个国家。
",11节,50天,1285吨,NULL,NULL
2.1米,Orca潜水员输送载具（SDV）,NULL,NULL,舰船舰艇,5人,13.27米,NULL,100米,NULL,NULL,NULL,{'$oid': '5cc931ee831b973d657f17b5'},http://images.huanqiu.com/sarons/2013/11/98ffc385c8f6fce84309f5c5d05fc088.jpg,NULL,NULL,NULL,欧洲,NULL,NULL,NULL,德国,NULL,常规潜艇,NULL,NULL,"
Orca潜水员输送载具是为了实现多种隐蔽性任务而设计的，它能够独自在海岸区域执行可视与感知的侦察行动，信息采集和探雷的战斗任务。该防水艇允许潜水员从艇体上部或底部的闸门装置进出该艇。因为没有气泡冒出而且在任何情况下也不会扰乱水的状态，所以保证了其保密性。
",5节,NULL,NULL,NULL,150海里
8.6米,031型（G级）常规动力导弹潜艇,NULL,NULL,舰船舰艇,74人,98米,NULL,300米,2950吨,NULL,大连造船厂,{'$oid': '5cc931ee831b973d657f17b6'},http://images.huanqiu.com/sarons/2013/11/0e2ce74334806f8f83bc3c8a82822adf.jpg,NULL,NULL,5300吨,NULL,1964年9月,1966年8月,NULL,中国,5000-10000吨,常规潜艇,1960年,NULL,,17节,NULL,2350吨,现役,水上（6000海里/15节）
3.8米,“跤”(Sanger-O)级潜艇,NULL,NULL,舰船舰艇,23人,35.5米,NULL,NULL,277吨,NULL,新浦(朝鲜),{'$oid': '5cc931ee831b973d657f17b7'},http://images.huanqiu.com/sarons/2013/11/d5b298a38efe2ce41fdddf391fc400ec.jpg,NULL,NULL,277吨,亚洲,NULL,NULL,NULL,朝鲜,500吨以内,常规潜艇,未知,NULL,"
“跤”(Sanger-O)级潜艇被大量用于执行侵入任务。该艇可潜入海底，报道称常规训练包括潜水员从潜望镜的深度处离艇登陆。“跤”在执行短期任务时，一些艇员可能被特种部队所取代。
",8.8节,NULL,256吨,NULL,2700英里
7.6米,030型（W级）常规动力攻击潜艇,NULL,NULL,舰船舰艇,53人,76米,NULL,200米,1320吨,NULL,上海江南造船厂,{'$oid': '5cc931ee831b973d657f17b8'},,NULL,NULL,2540吨,中国海域,1956年3月,1957年10月,NULL,中国,2000-5000吨,常规潜艇,1954年4月,NULL,,17节,30天,1080吨,已退役,18.25节
7.6米,035改进型明级潜艇,NULL,NULL,舰船舰艇,47人,76米,NULL,300米,2113吨,NULL,武昌造船厂,{'$oid': '5cc931ee831b973d657f17b9'},,NULL,NULL,3697吨,中国,1971年7月,1974年4月,NULL,中国,2000-5000吨,常规潜艇,1969年10月,NULL,"
该型艇是1967年由中央军委批准，自行研制的中国第一代常规动力鱼雷攻击潜艇。该艇第一次采用了尖尾线型，采用了航向自动操舵仪和深度自动操舵仪，在所有航速范围内潜艇保证有正常的操纵性。035型潜艇首制艇于1969年10月开工，1974年4月交付海军使用。
",18节,60天,1584吨,NULL,NULL
NULL,MG120/ER浅水攻击型潜艇（SWAT）,NULL,NULL,舰船舰艇,21人,30米,NULL,NULL,NULL,NULL,Cosmos SpA(意大利，里窝那),{'$oid': '5cc931ee831b973d657f17ba'},,NULL,NULL,NULL,欧洲,NULL,NULL,NULL,意大利,NULL,常规潜艇,未知,NULL,"
MG 120/ER是为了能够在大型潜艇无法完全发挥潜能的浅水区执行攻击和防卫任务而设计的。该潜艇也可以通过沿着海底缓慢的潜航来进一步提升其行动的秘密性。MG 120/ER浅水攻击型潜艇的一个突出特性是它的航程，它的航程在海面上超过2000英里。
",NULL,NULL,120吨,NULL,2000余英里
2.5米,“尤纳”级小型潜艇,NULL,NULL,舰船舰艇,10人,18.8米,NULL,120米,88吨,NULL,斯普利特造船厂(克罗地亚，斯普利特),{'$oid': '5cc931ee831b973d657f17bb'},,NULL,NULL,88吨,欧洲,NULL,NULL,NULL,克罗地亚,500吨以内,常规潜艇,未知,NULL,"
“尤纳”(Una)级潜艇带有离艇/再进入的能力并且可以布雷。它可携带六名蛙人和四具蛙人输送艇以及水下爆破弹。潜水深为120米(394英尺)。电池仅可在海岸或是靠补给舰充电。克罗地亚和前南斯拉夫拥有多款尚存的该艇，克罗地亚拥有两艘，前南斯拉夫拥有六艘。
",4节,NULL,76吨,NULL,NULL
7.6米,342号常规动力攻击潜艇,NULL,NULL,舰船舰艇,47人,76米,NULL,300米,2113吨,NULL,武昌造船厂，江南造船厂,{'$oid': '5cc931ef831b973d657f17bc'},,NULL,NULL,NULL,NULL,NULL,1987年,NULL,中国,2000-5000吨,常规潜艇,NULL,NULL,北约称为“明”级。为中国自行研制第一代常规动力鱼雷攻击潜艇。1967年由中央军委批准研制，由701所以033型为母型负责总体研究设计。,18节,NULL,1584吨,NULL,NULL
7.6米,352号常规动力攻击潜艇,NULL,NULL,舰船舰艇,10人,76米,NULL,300米,2113吨,NULL,武昌造船厂，江南造船厂,{'$oid': '5cc931ef831b973d657f17bd'},,NULL,NULL,NULL,NULL,NULL,1990年12月,033型,中国,2000-5000吨,常规潜艇,1988年8月,NULL,"
035型，北约称为“明”级，为中国自行研制第一代常规动力鱼雷攻击潜艇。1967年由中央军委批准研制，由701所以033型为母型负责总体研究设计。 
",18节,NULL,1584吨,NULL,NULL
7.6米,310号常规动力攻击潜艇,NULL,NULL,舰船舰艇,47人,78米,NULL,300米,2113吨,NULL,武昌制造厂，江南制造厂,{'$oid': '5cc931ef831b973d657f17be'},,NULL,NULL,NULL,NULL,NULL,2001年, 033型,中国,2000-5000吨,常规潜艇,NULL,NULL,"
310号潜艇，属于035B型。（中国海军提出继续对035型实施改进，以便形成高低搭配。该型号被命名为035B。主要改进之处是：进一步改进外形，包括指挥台围壳和部分艇体的重新设计，排水孔结构、布排方式大幅度改变，类似于039型潜艇上布置；艇艏水声设备改进为先进型号；武备方面则正式具有了潜射飞航导弹的能力。）
",18节,NULL,1584吨,NULL,NULL
3.1米,“裕古”和P-4级小型潜艇,NULL,NULL,舰船舰艇,7人,20米,NULL,NULL,110吨,NULL,Yukdaesu-ri shipyard(朝鲜),{'$oid': '5cc931ef831b973d657f17bf'},,NULL,NULL,110吨,NULL,NULL,NULL,NULL,朝鲜,500吨以内,常规潜艇,1987年,NULL,"
“裕古”(Yugo)级潜艇存在多款设计。新款是1987年后采用前南斯拉夫设计生产，至少有一艘出口到了伊朗。部分型号带有两个外置的短的鱼雷发射管和排气管道。指挥塔对潜水员来说相当于进出潜艇的隔问。
",8节,NULL,90吨,NULL,NULL
7.6米,356号常规动力攻击潜艇,NULL,NULL,舰船舰艇,47人,76米,NULL,300米,2113吨,NULL,江南造船厂,{'$oid': '5cc931ef831b973d657f17c0'},,NULL,NULL,NULL,NULL,NULL,1991年,NULL,中国,2000-5000吨,常规潜艇,NULL,NULL,中国江南造船厂在20世纪90建造，属于明级常规潜艇的一员，型号035G。在1991年交付部队开始服役，035G型潜艇共计建造23艘，现役约19艘，356号常规动力攻击潜艇便是其中一艘。,18节,NULL,1584吨,在役,NULL
76米,309号常规动力攻击潜艇,NULL,NULL,舰船舰艇,47人,78米,NULL,5.1米,2113吨,NULL,武昌制造厂，江南制造厂,{'$oid': '5cc931ef831b973d657f17c1'},,NULL,NULL,NULL,NULL,NULL,2000年,035型,中国,2000-5000吨,常规潜艇,NULL,NULL,"
309号常规动力攻击潜艇，隶属于035B型。主要改进之处是：进一步改进外形，包括指挥台围壳和部分艇体的重新设计，排水孔结构、布排方式大幅度改变，类似于039型潜艇上布置；艇艏水声设备改进为先进型号；武备方面则正式具有了潜射飞航导弹的能力。
",18节,NULL,1584吨,NULL,NULL
7.6米,355号常规动力攻击潜艇,NULL,NULL,舰船舰艇,47人,76米,NULL,300米,2113吨,NULL,NULL,{'$oid': '5cc931ef831b973d657f17c2'},,NULL,NULL,NULL,NULL,1991年,1991年,NULL,中国,2000-5000吨,常规潜艇,1990年,NULL,355号常规动力攻击潜艇属于035型常规潜艇，035型潜艇总体综合作战性能并不高，电子设备较为落后，尤其是早期型号没有整体作战指挥中心。但对中国自行研制潜艇是一个重要的开端，到了70年代末，随着035型潜艇的研制，中国已逐步形成了从科研设计到生产，从总体到材料设备，从试验到使用维修的完整体系和全国配套协作网，基本完成了第一代潜艇的自行研制任务。,18节,NULL,1854吨,服役中,NULL
7.6米,305号常规动力攻击潜艇,NULL,NULL,舰船舰艇,45人,76米,NULL,300米,NULL,NULL,武昌造船厂,{'$oid': '5cc931f0831b973d657f17c3'},,NULL,NULL,2110吨,南海,NULL,1998年,NULL,中国,2000-5000吨,常规潜艇,20世纪90年代,NULL,305号常规动力攻击潜艇属035型常规动力潜艇，北约称为“明”级。为中国自行研制第一代常规动力鱼雷攻击潜艇。1967年由中央军委批准研制，由701所以033型为母型负责总体研究设计。,18节,60天,1585吨,服役中,NULL
7.6米,354号常规动力攻击潜艇,NULL,NULL,舰船舰艇,47人,76米,NULL,300米,2113吨,NULL,武昌造船厂，江南造船厂,{'$oid': '5cc931f0831b973d657f17c4'},,NULL,NULL,NULL,NULL,NULL,1990年,033型,中国,2000-5000吨,常规潜艇,NULL,NULL,北约称为“明”级。为中国自行研制第一代常规动力鱼雷攻击潜艇。1967年由中央军委批准研制，由701所以033型为母型负责总体研究设计。1985年开始研制改进提高型，即035G型(又称ES5E)。改装型艇的设计，要求在保持原035型艇总体性能基本不变的前提下，在武器系统、水声设备、噪声控制、改善生活和工作条件等方面，进行多方面的改进，大规模更新艇载设备，使艇的作战能力、生存能力、隐蔽性、可靠性、安全性等均有一定程度的提高。,18节,NULL,1584吨,NULL,NULL
7.6米,307号常规动力攻击潜艇,NULL,NULL,舰船舰艇,45人,76米,NULL,300米,NULL,NULL,武昌造船厂,{'$oid': '5cc931f0831b973d657f17c5'},,NULL,NULL,2110吨,南海,NULL,1999年,NULL,中国,2000-5000吨,常规潜艇,20世纪90年代,NULL,307号常规动力攻击潜艇属035型常规动力潜艇，北约称为“明”级。为中国自行研制第一代常规动力鱼雷攻击潜艇。1967年由中央军委批准研制，由701所以033型为母型负责总体研究设计。,18节,60天,1585吨,NULL,NULL
7.6米,353号常规动力攻击潜艇,NULL,NULL,舰船舰艇,47人,76米,NULL,300米,2113吨,NULL,武昌造船厂，江南造船厂,{'$oid': '5cc931f0831b973d657f17c6'},,NULL,NULL,NULL,NULL,NULL,1989年,033型,中国,2000-5000吨,常规潜艇,NULL,NULL,北约称为“明”级。为中国自行研制第一代常规动力鱼雷攻击潜艇。1967年由中央军委批准研制，由701所以033型为母型负责总体研究设计。1985年开始研制改进提高型，即035G型(又称ES5E)。改装型艇的设计，要求在保持原035型艇总体性能基本不变的前提下，在武器系统、水声设备、噪声控制、改善生活和工作条件等方面，进行多方面的改进，大规模更新艇载设备，使艇的作战能力、生存能力、隐蔽性、可靠性、安全性等均有一定程度的提高。,18节,NULL,1584吨,NULL,NULL
7.6米,306号常规动力攻击潜艇,NULL,NULL,舰船舰艇,45人,76米,NULL,300米,NULL,NULL,武昌造船厂,{'$oid': '5cc931f0831b973d657f17c7'},,NULL,NULL,2110吨,南海,NULL,1998年,NULL,中国,2000-5000吨,常规潜艇,20世纪90年代,NULL,306号常规动力攻击潜艇属035型常规动力潜艇，北约称为“明”级。为中国自行研制第一代常规动力鱼雷攻击潜艇。1967年由中央军委批准研制，由701所以033型为母型负责总体研究设计。,18节,60天,1585吨,服役中,NULL
7.6米,357号常规动力攻击潜艇,NULL,NULL,舰船舰艇,47人,76米,NULL,300米,2113吨,NULL,江南造船厂,{'$oid': '5cc931f0831b973d657f17c8'},,NULL,NULL,NULL,NULL,NULL,1992年,NULL,中国,2000-5000吨,常规潜艇,NULL,NULL,"
357号常规动力攻击潜艇作为明级常规动力攻击潜艇系列的一员，由中国江南造船厂在20世纪90年代开工建造，在1992年交付于中国北海舰队开始服役，主要任务是袭击敌人的各种舰艇和运输船只,破坏敌人海上交通线,攻击敌人的港口、基地或岸上目标,进行侦察和巡逻,布放水雷,输送物资和人员等。
",18节,NULL,1584吨,在役,NULL
7.6米,360号常规动力攻击潜艇,NULL,NULL,舰船舰艇,47人,76米,NULL,300米,2113吨,NULL,江南造船厂,{'$oid': '5cc931f0831b973d657f17c9'},,NULL,NULL,NULL,NULL,NULL,1995年,NULL,中国,2000-5000吨,常规潜艇,1994年,NULL,"
360号常规动力攻击潜艇隶属于中国的北海舰队。中国海军目前拥有的现役的22艘明级常规潜艇之一，其标准战斗编制为57人，其中军官10人。
",18节,NULL,1584吨,在役,NULL
9.9米,基洛级（877EKM/636/636M型）364号常规潜艇,NULL,NULL,舰船舰艇,50人,72.9米,NULL,300米,3950吨,NULL,NULL,{'$oid': '5cc931f0831b973d657f17ca'},,NULL,NULL,NULL,NULL,NULL,1995年,NULL,苏/俄,2000-5000吨,常规潜艇,NULL,NULL,"
基洛级364号，舷号：364，型号：877EKM；主要用途：常规动力攻击潜艇，1995年开始服役。
",20节,45天,2300吨,NULL,NULL
8.4米,远征18号（318）常规动力攻击潜艇,NULL,NULL,舰船舰艇,50人,74.9米,NULL,NULL,2250吨,NULL,NULL,{'$oid': '5cc931f1831b973d657f17cb'},,NULL,NULL,NULL,NULL,NULL,NULL,NULL,中国,2000-5000吨,常规潜艇,21世纪初,NULL,"
远征18号（318）属039G型常规动力攻击潜艇，北约称为“宋级改”，为039型重大改进型。
",22节,NULL,1700吨,服役中,NULL
8.4米,远征17号（317）常规动力攻击潜艇,NULL,NULL,舰船舰艇,50人,74.9米,NULL,NULL,2250吨,NULL,NULL,{'$oid': '5cc931f1831b973d657f17cc'},,NULL,NULL,NULL,NULL,NULL,NULL,NULL,中国,2000-5000吨,常规潜艇,21世纪初,NULL,"
远征17号（317）属039G型常规动力攻击潜艇，北约称为“宋级改”，为039型重大改进型。该型潜艇与基型相比最主要的区别是其指挥台围壳进行了重新设计。
",22节,NULL,1700吨,服役中,NULL
7.6米,308号常规动力攻击潜艇,NULL,NULL,舰船舰艇,45人,76米,NULL,300米,NULL,NULL,武昌造船厂,{'$oid': '5cc931f1831b973d657f17cd'},,NULL,NULL,2110吨,南海,NULL,1999年,NULL,中国,2000-5000吨,常规潜艇,20世纪90年代,NULL,"
308号常规动力攻击潜艇属035型常规动力潜艇，北约称为“明”级。为中国自行研制第一代常规动力鱼雷攻击潜艇。1967年由中央军委批准研制，由701所以033型为母型负责总体研究设计。
",18节,60天,1585吨,服役中,NULL
8.4米,远征16号（316）攻击潜艇,NULL,NULL,舰船舰艇,50人,74.9米,NULL,NULL,2250吨,NULL,NULL,{'$oid': '5cc931f1831b973d657f17ce'},,NULL,NULL,NULL,NULL,NULL,NULL,NULL,中国,NULL,常规潜艇,21世纪初,NULL,"
远征16号（316）属039G型常规动力攻击潜艇，北约称为“宋级改”，为039型重大改进型。该型潜艇与基型相比最主要的区别是其指挥台围壳进行了重新设计。
",22节,NULL,1700吨,服役中,NULL
7.6米,361号常规动力攻击潜艇,NULL,NULL,舰船舰艇,57人,76米,NULL,300米,2113吨,NULL,NULL,{'$oid': '5cc931f1831b973d657f17cf'},,NULL,NULL,2113吨,中国东海,NULL,1995年,NULL,中国,2000-5000吨,常规潜艇,NULL,NULL,中国自行研制的第一代常规动力鱼雷攻击潜艇。编号361的“明”级柴电潜艇在渤海和黄海交界处进行训练时，因机械故障失事。艇上70名官兵全部罹难。,18节,NULL,1584吨,NULL,NULL
7.6米,359号常规动力攻击潜艇,NULL,NULL,舰船舰艇,47人,76米,NULL,300米,2113吨,NULL,江南造船厂,{'$oid': '5cc931f1831b973d657f17d0'},,NULL,NULL,NULL,NULL,NULL,1994年,NULL,中国,2000-5000吨,常规潜艇,NULL,NULL,359号常规潜艇作为明级潜艇家族的一员，359号常规动力攻击潜艇也是由中国江南造船长于20世纪90年代建造，进入军队服役的时间为1994年，隶属于中国北海舰队。,18节,NULL,1584吨,服役中,NULL
7.6米,358号常规动力攻击潜艇,NULL,NULL,舰船舰艇,47人,76米,NULL,300米,2113吨,NULL,江南造船厂,{'$oid': '5cc931f1831b973d657f17d1'},,NULL,NULL,NULL,NULL,NULL,1993年,NULL,中国,2000-5000吨,常规潜艇,1992年,NULL,"
358号常规动力攻击潜艇属于攻击型潜艇，这类潜艇的主要任务是袭击敌人的各种舰艇和运输船只，破坏敌人海上交通线，攻击敌人的港口、基地或岸上目标，进行侦察和巡逻，布放水雷，输送物资和人员等。这些潜艇执行的任务、实施攻击作战行动的范围以及所发挥的作用往往都属于战术性的。因此，攻击潜艇也被称作战术潜艇。
",18节,NULL,1584吨,在役,NULL
NULL,（039A/039B型）330号核潜艇,NULL,NULL,舰船舰艇,65人,NULL,NULL,NULL,3600吨,NULL,NULL,{'$oid': '5cc931f1831b973d657f17d2'},,NULL,NULL,NULL,NULL,2004年5月31日,2006年,NULL,中国,2000-5000吨,常规潜艇,NULL,NULL,"
039AB型AIP混合动力潜艇的批量装备，对于提高人民海军潜艇部队在东北亚，乃至整个亚太地区的战争潜力都有着重大的意义。我国首型AIP混合动力潜艇039AB型，已经批量生产并装备部队使用。该型艇自首艇于2004年露面以来，在短短的5年时间内（截止到09年），已累计有5艘出现在我们面前。如此迅捷的生产与技术定型，如此快速的批量生产装备速度，在我国自主研发的潜艇项目中都是不多见的。这证明随着我国国防费用稳定持续的投入，国内潜艇工业体系在自主研发和建造能力上已经有了显著的进步。
",NULL,NULL,2300吨,NULL,NULL
8.4米,远征23号（323）常规攻击潜艇,NULL,NULL,舰船舰艇,50人,74.9米,NULL,350米,2250吨,NULL,NULL,{'$oid': '5cc931f1831b973d657f17d3'},,NULL,NULL,NULL,NULL,NULL,2005年,NULL,中国,2000-5000吨,常规潜艇,NULL,NULL,"
远征23号（323）常规攻击潜艇，舷号：323，型号：039G；常规动力攻击潜艇。
",22节,NULL,1992吨,NULL,NULL
8.4米,远征21号（321）常规动力攻击潜艇,NULL,NULL,舰船舰艇,60人,74.9米,NULL,NULL,2250吨,NULL,NULL,{'$oid': '5cc931f2831b973d657f17d4'},,NULL,NULL,NULL,NULL,NULL,NULL,NULL,中国,2000-5000吨,常规潜艇,21世纪初,NULL,"
远征21号（321）属039G型常规动力攻击潜艇，北约称为“宋级改”，为039型重大改进型。该型潜艇与基型相比最主要的区别是其指挥台围壳进行了重新设计。
",22节,NULL,1700吨,服役中,NULL
8.4米,远征14号（314）常规攻击潜艇,NULL,NULL,舰船舰艇,60人,74.9米,NULL,350米,2250吨,NULL,NULL,{'$oid': '5cc931f2831b973d657f17d5'},,NULL,NULL,NULL,NULL,NULL,2003年11月,NULL,中国,NULL,常规潜艇,NULL,NULL,"
远征14号常规攻击潜艇舷号314，型号039G1。
",22节,NULL,1992吨,NULL,NULL
7.6米,362号常规动力攻击潜艇,NULL,NULL,舰船舰艇,57人,76米,NULL,NULL,NULL,NULL,上海沪东造船厂,{'$oid': '5cc931f2831b973d657f17d6'},,NULL,NULL,2113吨,NULL,NULL,1996年,NULL,中国,2000-5000吨,常规潜艇,NULL,NULL,"
北约称为“明”级。为中国自行研制第一代常规动力鱼雷攻击潜艇。1967年由中央军委批准研制，由701所以033型为母型负责总体研究设计。035G型包含356-363常规动力攻击潜艇，以提高作战能力为中心的现代化改装的035潜艇已成为中国海军的一型主力潜艇。
",NULL,NULL,1584吨,NULL,NULL
9.9米,基洛级（877EKM/636/636M型）365号常规潜艇,NULL,NULL,舰船舰艇,60人,72.6米,NULL,300米,3076吨,NULL,共青城造船厂,{'$oid': '5cc931f2831b973d657f17d7'},,NULL,NULL,NULL,NULL,1980年9月,1982年,NULL,苏/俄,2000-5000吨,常规潜艇,1974年,NULL,"
基洛级潜艇（英语：Kilo-class submarine）是一些西方国家对苏联海军在上个世纪八十年代开始建造的一型常规潜艇的北约代号。其正式名称为877型潜艇（俄语：Подводные лодки проекта 877）绰号：比目鱼（Палтус）。

  本型艇是原苏联海军时代研制的最成功的常规潜艇，主要用于在近海浅水区域进行反舰与反潜作战，是目前俄罗斯出口量最大的潜艇等级。以火力强大、噪音小而闻名，尔后基洛级在经过现代化等改装后形成了基洛级改进型（Improved Kilo），俄方正式命名636型潜艇（Подводные лодки проекта 636），绰号：华沙之歌（Варшавянка）。其改进型更成为了柴电动力潜艇中的佼佼者，是世界上最安静的柴电潜艇之一。
",17节,45天,2325吨,NULL,NULL
8.4米,远征28号常规攻击潜艇(328),NULL,NULL,舰船舰艇,50人,74.9米,NULL,350米,2250吨,NULL,江南造船厂,{'$oid': '5cc931f2831b973d657f17d8'},,NULL,NULL,NULL,NULL,NULL,NULL,NULL,中国,2000-5000吨,常规潜艇,NULL,NULL,"
远征28号常规攻击潜艇(328)属于039G1系列潜艇，是在039型潜艇的基础上改进而来，装备了德国制造的MTU 16V396 SE8柴油机，动力良好。目前主要服役于中国海军。
",22节,NULL,1992吨,NULL,NULL
8.4米,远征22号（322）,NULL,NULL,舰船舰艇,50人,74.9米,NULL,NULL,2250吨,NULL,NULL,{'$oid': '5cc931f2831b973d657f17d9'},,NULL,NULL,NULL,NULL,NULL,NULL,NULL,中国,2000-5000吨,常规潜艇,21世纪初,NULL,"
远征22号（322）属039G型常规动力攻击潜艇，北约称为“宋级改”，为039型重大改进型。该型潜艇与基型相比最主要的区别是其指挥台围壳进行了重新设计。
",22节,NULL,1700吨,服役中,NULL
8.4米,远征20号（320）常规动力攻击潜艇,NULL,NULL,舰船舰艇,50人,74.9米,NULL,NULL,2250吨,NULL,NULL,{'$oid': '5cc931f2831b973d657f17da'},,NULL,NULL,NULL,NULL,NULL,NULL,NULL,中国,2000-5000吨,常规潜艇,NULL,NULL,"
远征20号（320）属039G型常规动力攻击潜艇，北约称为“宋级改”，为039型重大改进型。该型潜艇与基型相比最主要的区别是其指挥台围壳进行了重新设计。
",22节,NULL,1700吨,在役,NULL
8.4米,远征15号（315）常规攻击潜艇,NULL,NULL,舰船舰艇,60人,74.9米,NULL,350米,2250吨,NULL,NULL,{'$oid': '5cc931f3831b973d657f17db'},,NULL,NULL,NULL,NULL,NULL,2003年12月,NULL,中国,2000-5000吨,常规潜艇,NULL,NULL,,22节,NULL,1992吨,NULL,NULL
8.4米,远征13号（313）常规攻击潜艇,NULL,NULL,舰船舰艇,60人,74.9米,NULL,350米,2250吨,NULL,NULL,{'$oid': '5cc931f3831b973d657f17dc'},,NULL,NULL,NULL,NULL,NULL,NULL,NULL,中国,NULL,常规潜艇,NULL,NULL,"
远征13号常规攻击潜艇舷号313，型号039G1，明级035B型常规攻击潜艇。
",22节,NULL,1992吨,NULL,NULL
9.9米,基洛级（877EKM/636/636M型）367号潜艇,NULL,NULL,舰船舰艇,60人,73.8米,NULL,240米,3076吨,NULL,红宝石设计局,{'$oid': '5cc931f3831b973d657f17dd'},,NULL,NULL,3126吨,东海,NULL,20世纪90年代,NULL,苏/俄,2000-5000吨,常规潜艇,20世纪90年代,NULL,"
俄制“基洛”级潜艇，前苏联于70年代初“红宝石”设计局设计的常规潜艇，是前苏联研制的最后一级常规潜艇，也是俄罗斯海军最先进的常规潜艇，原型编号877型，出口型编号877EKM，改进型为636型。“基洛”级1974年开始设计，1979年开工，首艇1981年建成入役。

而基洛级367号潜艇所属的636型潜艇是在877型的基础上又进行了改进提高，其降低动力装置的转速，采用了七叶大侧斜螺旋桨，增大充电功率提高了充电能力，改进降噪措施，进一步降低了噪声。
",19节,45天,2325吨,服役中,NULL
NULL,363号常规动力攻击潜艇,NULL,NULL,舰船舰艇,57人,NULL,NULL,300米,2113吨,NULL,NULL,{'$oid': '5cc931f3831b973d657f17de'},,NULL,NULL,NULL,NULL,NULL,1996年,NULL,中国,2000-5000吨,常规潜艇,NULL,NULL,"
""明”级（035型）潜艇。为中国自行研制第一代常规动力鱼雷攻击潜艇。1967年由中央军委批准，自行研制的中国第一代常规动力鱼雷攻击潜艇。035型潜艇首制艇于1969年10月开工，1974年4月交付海军使用。1979―1989年与1992―1994年间曾两度停建，进行现代化改装型艇的设计，改进艇于1988年8月开工，1990年底交艇，1993年定型，至今已建造了一小批交付海军使用。
",NULL,NULL,1584吨,NULL,NULL
8.4米,远征24号（324）常规攻击潜艇,NULL,NULL,舰船舰艇,60人,74.9米,NULL,350米,2250吨,NULL,NULL,{'$oid': '5cc931f3831b973d657f17df'},,NULL,NULL,NULL,NULL,NULL,2005年,NULL,中国,2000-5000吨,常规潜艇,NULL,NULL,"
远征24号常规攻击潜艇舷号324，型号039G1，宋级039A级常规攻击潜艇。
",22节,NULL,1992吨,NULL,NULL
8.4米,远征29号（329）常规攻击潜艇,NULL,NULL,舰船舰艇,50人,74米,NULL,350米,2250吨,NULL,武汉造船厂，江南造船厂,{'$oid': '5cc931f3831b973d657f17e0'},,NULL,039A型潜艇（元级潜艇）,NULL,NULL,NULL,NULL,035型潜艇（明级潜艇）,中国,2000-5000吨,常规潜艇,2004年6月3日,13艘以上,,22节,NULL,1992吨,NULL,NULL
8.2米,629级/高尔夫级(G级) 弹道导弹柴电潜艇,NULL,NULL,舰船舰艇,80人,98.4米,NULL,300米,3553吨,NULL,阿穆尔共青城北德文斯克,{'$oid': '5cc931f3831b973d657f17e1'},http://images.huanqiu.com/sarons/2013/12/b8bbeda7e31bae5f5fd6e3c4829dd041.jpg,NULL,NULL,NULL,NULL,NULL,NULL,NULL,苏/俄,2000-5000吨,常规潜艇,1957年,NULL,,15节,70天,2794吨,1990年前全部除役,NULL
10米,651型/朱莉叶级（J级）,NULL,NULL,舰船舰艇,82人,90米,NULL,235米,4137吨,NULL,NULL,{'$oid': '5cc931f3831b973d657f17e2'},http://images.huanqiu.com/sarons/2013/12/a4a306af9d4f931944f9765374ede074.jpg,NULL,NULL,NULL,NULL,NULL,NULL,NULL,苏/俄,2000-5000吨,常规潜艇,NULL,NULL,"
J级常规动力飞航导弹潜艇（苏俄代号：651级。北约代号：Juliett Class，另“茱莉叶级”、“朱莉叶级”）是苏联研制的第一个独立级别的以巡航导弹为主武器的潜艇，J级由W级潜艇改装型号发展而来。最初计划建造35艘，实际建造16艘，全部J级潜艇于1992年以前除役。
",16.8节,NULL,3174吨,NULL,NULL
6.8米,奥古斯塔级潜艇,NULL,NULL,舰船舰艇,41人,67.6米,NULL,500米,1760吨,NULL,DCNS公司,{'$oid': '5cc931f4831b973d657f17e3'},,NULL,NULL,NULL,NULL,NULL,1977年,NULL,法国,500-2000吨,常规潜艇,NULL,NULL,"
奥古斯塔级潜艇是法国DCNS公司研发制造的常规动力潜艇，它是法国依据1980年代的国际市场需求，对原有的“奥古斯塔级”潜艇进行改进和更新后，所形成的新款设计，最大的差异在动力采用了最新科技的AIP系统。
",20.5节,45天,1480吨,西班牙和巴基斯坦服役中、法国除役,NULL
6.3米,613型/威士忌级(W级）,"6座533毫米鱼雷发射管（前4后2）；火炮",NULL,舰船舰艇,52人,76米,NULL,200米,1340吨,NULL,红色索尔莫沃工厂，黑海造船厂，波罗的海工厂，共青城,{'$oid': '5cc931f4831b973d657f17e4'},http://images.huanqiu.com/sarons/2013/12/be62dd5c80b61e8e4531793fc37f8623.jpg,NULL,Z级潜艇,NULL,NULL,1950年10月（首舰）,1951年12月（首舰）,首型,苏/俄,500-2000吨,常规潜艇,1950年3月（首舰）,NULL,,18.25节,30天,1050吨,除印尼所属以外全部除役,NULL
NULL,安德拉斯塔级潜艇,NULL,NULL,舰船舰艇,NULL,48.8米,NULL,200米,NULL,NULL,法国DCNS公司,{'$oid': '5cc931f4831b973d657f17e5'},,NULL,NULL,NULL,NULL,NULL,NULL,NULL,法国,500-2000吨,常规潜艇,NULL,NULL,"
安德拉斯塔级潜艇（SMX-23 Andrasta SSK）为法国DCNS公司研发设计，于2008年9月发表的一款常规动力潜艇，目前为概念舰阶段，尚无实体。
",15节,5天,855吨,只是概念舰,NULL
7.9米,627A型/十一月级(N级) ,"座533毫米鱼雷发射管；20枚鱼雷；其中通常6枚1万5千吨当量核鱼雷。",NULL,舰船舰艇,104人,107.4米,NULL,310米,4750吨,NULL,北德文斯克的402造船厂（列宁共青团号）,{'$oid': '5cc931f4831b973d657f17e6'},http://images.huanqiu.com/sarons/2013/12/862b71b428f33c4f1de8c661611cd469.jpg,NULL,V级核潜艇,NULL,太平洋，,1957年8月9日（列宁共青团号）,1958年12月17日（列宁共青团号）,首型,苏/俄,2000-5000吨,常规潜艇,1954年6月（列宁共青团号）,13艘。,,20节,60天,3065吨,1990年左右集中退役。,NULL
7米,677型/拉达级,NULL,NULL,舰船舰艇,35人,72米,NULL,400米,NULL,NULL,NULL,{'$oid': '5cc931f4831b973d657f17e7'},http://images.huanqiu.com/sarons/2013/12/adcd08b3ec1644e75277baa4b83a913a.jpg,NULL,NULL,NULL,NULL,2005年11月29日,NULL,NULL,苏/俄,2000-5000吨,常规潜艇,NULL,NULL,"
拉达级柴电动力攻击潜艇（俄文：Лада，意为和谐 俄军代号：677级）是俄罗斯自苏联解体后研制的第一级柴电潜艇，由红宝石设计局负责设计研制。该级潜艇北约代号为圣彼得堡级，以拉达级首舰“圣彼得堡”号，但这个名称似乎没有得到大多数国家的承认。拉达级是苏俄第四代柴电动力潜艇，较基洛级潜艇有较大的发展，俄罗斯官方称该级潜艇比基洛级更加安静。该艇装备了高自动化的战斗系统，从而将艇员减至35人。外界推测该级将可能装备AIP推进系统。
",NULL,45天,1675吨,NULL,NULL
8.4米,远征27号（327）常规攻击潜艇,NULL,NULL,舰船舰艇,50人,74.9米,NULL,350米,2250吨,NULL,武汉造船厂，江南造船厂,{'$oid': '5cc931f4831b973d657f17e8'},,NULL,039A型潜艇（元级潜艇）,NULL,NULL,NULL,NULL,035型潜艇（明级潜艇）,中国,NULL,常规潜艇,2004年6月3日,13艘以上,"
039型常规动力潜艇（西方称：宋级），为我国自行设计建造的第二代常规动力潜艇。039型潜艇在研制过程中充分吸收西方发达国家常规潜艇的新概念，大量采用新型动力、自动化设备、声呐和武器装备。其作战能力预计与俄制基洛级持平，超越德国二十世纪80年代水平的209潜艇。阶梯状的指挥台围壳是039型外观上最显著的特征。目前有039、039G、039G1三型号序列。2007年起有外销泰国和巴基斯坦的计划。
",22节,NULL,1992吨,NULL,NULL
9米,1710型白鲸级试验潜艇,NULL,NULL,舰船舰艇,22人,64米,NULL,300米,2480吨,NULL,孔雀石设计局,{'$oid': '5cc931f4831b973d657f17e9'},,NULL,NULL,NULL,NULL,NULL,NULL,NULL,苏/俄,2000-5000吨,常规潜艇,1987年,NULL,"
1710型，白鲸级试验潜艇，由“孔雀石”设计局设计。在技术设计阶段前，总设计师是A.K.纳扎罗夫，以后为马斯卡列夫和B.H.皮亚诺夫。是一型在实航条件下进行高速潜艇的快速性、操纵性、推进和声学性能等方面试验研究的科研试验潜艇。
",26.6节,3天,1460吨,NULL,NULL
9.8米,690型/欢欣级（B级）潜艇,NULL,NULL,舰船舰艇,65人,73米,NULL,NULL,2947吨,NULL,NULL,{'$oid': '5cc931f4831b973d657f17ea'},,NULL,NULL,NULL,NULL,NULL,1967年,NULL,苏/俄,2000-5000吨,常规潜艇,NULL,NULL,"
690工程，北约代号Bravo欢欣级，该型潜艇是反潜武器的试验艇，共建造了4艘，首艇于1967年服役。该级艇建造数量和影响力都很有限。
",14节,NULL,2439吨,NULL,NULL
7.5米,611型/祖鲁级(Z级) ,NULL,NULL,舰船舰艇,65人,90.5米,"鱼雷",200米,2400吨,NULL,NULL,{'$oid': '5cc931f4831b973d657f17eb'},http://images.huanqiu.com/sarons/2013/12/604b0968ba9b92242cc03de2a1a89e64.jpg,NULL,NULL,NULL,NULL,1952年（首艇）,NULL,NULL,苏/俄,2000-5000吨,常规潜艇,1950年,共26艘,,18节,58天,1831吨,NULL,NULL
NULL,S级潜艇,NULL,NULL,舰船舰艇,33人,77.75米,NULL,NULL,935吨,NULL,NULL,{'$oid': '5cc931f5831b973d657f17ec'},,NULL,NULL,NULL,NULL,NULL,NULL,NULL,英国,500-2000吨,常规潜艇,1930年,NULL,"
S级潜艇是一种中型巡逻潜艇，用于北欧和地中海海域的作战活动。这种潜艇操纵性能较好，下潜速度快，鱼雷携带数量也较多。具备较强的生存能力和攻击力。
",NULL,NULL,640吨,NULL,NULL
NULL,T级潜艇,NULL,NULL,舰船舰艇,59人,83.82米,NULL,NULL,NULL,NULL,NULL,{'$oid': '5cc931f5831b973d657f17ed'},http://images.huanqiu.com/sarons/2013/12/c857793b51757d54dcc55d3af13d0eaa.jpg,NULL,NULL,NULL,NULL,NULL,NULL,NULL,英国,5000-10000吨,常规潜艇,NULL,NULL,"
T级潜艇是被设计用来替代O级、P级和R级艇，其排水量保持在1325吨左右是为了在伦敦条约许可的潜艇吨位范围内建造更多的潜艇。同S级艇相比，T级艇的鱼雷数量和燃料更多，潜艇本身的设计在战争期间一直得到改进，如在远东海域作战的潜艇就设计了附加的外部储油舱以增加航程。T级潜艇在大战中共损失了15艘。
",NULL,NULL,NULL,NULL,NULL
2.75米,鲑鱼级/玉桂级/Yono 潜艇,"2具533毫米鱼雷发射管。",NULL,舰船舰艇,NULL,29米,NULL,NULL,130吨,NULL,NULL,{'$oid': '5cc931f5831b973d657f17ee'},http://images.huanqiu.com/sarons/2013/12/14d23be39b280fa7da473b2f153d57ff.jpg,NULL,NULL,NULL,NULL,NULL,NULL,NULL,朝鲜,500吨以内,常规潜艇,NULL,NULL,"
鲑鱼级潜艇（英语：Yono class submarine），或译玉桂级潜艇，是朝鲜建造的微型潜艇。这个名称仅是国际所使用的通用代称，而该型潜艇在朝鲜的官方名称仍然不明。截至2010年5月，据报朝鲜拥有10艘鲑鱼级潜艇。
",11节,NULL,95吨,NULL,NULL
7.4米,641型/狐步级(F级) ,"10座533毫米鱼雷发射管（前6后4）。",NULL,舰船舰艇,78人,89.9米,NULL,245米,2515吨,NULL,NULL,{'$oid': '5cc931f5831b973d657f17ef'},http://images.huanqiu.com/sarons/2013/12/f6c9096da102fa50b948f26da865bdb5.jpg,NULL,T级潜艇,NULL,太平洋,NULL,1958年（首舰）,z级潜艇,苏/俄,2000-5000吨,常规潜艇,NULL,75艘,,16节,5天,1983吨,退役之后的F级潜艇有许多被当做了博物馆。,NULL
5.1米,615型/魁北克潜艇/Q级 AIP潜艇,NULL,NULL,舰船舰艇,33人,56米,NULL,140米,540吨,NULL,NULL,{'$oid': '5cc931f5831b973d657f17f0'},http://images.huanqiu.com/sarons/2013/12/aeb371758b310ac208c588808b07ed74.jpg,NULL,NULL,NULL,NULL,NULL,1952年,NULL,苏/俄,500-2000吨,常规潜艇,NULL,NULL,"
Q级潜艇（北约代号“魁北克”）是苏联第一种AIP潜艇.苏联代号是615型。1952年研制成功.安装了闭式循环柴油机动力。第二次世界大战后，苏联利用从德国获取的闭循环柴油机技术，结合本国的经验设计。正常排水量400吨，下潜深度140米。使用两台功率各为700HP的M-50n型闭循环柴油机。M-50n以液氧为氧化剂，以氢氧化钙为二氧化碳吸收剂， 这种潜艇极度危险。
",16节,NULL,460吨,退役,NULL
6.83米,扫罗级潜艇 ,NULL,NULL,舰船舰艇,55人,66米,NULL,300米,1630吨,NULL,意大利芬坎特里造船公司,{'$oid': '5cc931f5831b973d657f17f1'},,NULL,托达罗级潜艇,NULL,NULL,NULL,NULL,托蒂级潜艇,意大利,500-2000吨,常规潜艇,NULL,纳扎里奥扫罗系列Ⅰ-Ⅱ萨尔瓦托佩洛西系列Ⅲ普里莫隆戈巴尔多系列Ⅳ,扫罗级潜艇（Sauro class submarine；或译“苏诺级”、“沙洛级”）、为意大利海军使用的常规动力潜艇。由意大利芬坎特里造船公司设计在蒙法尔科内镇的造船厂制造。1980年至1995年间、以四个系列（亚型、改良型）分三批建造完成、正式投入意大利海军服役。其中1988年就役的系列Ⅲ在升级作战系统，之后的系列Ⅳ进行了各项装备更新等。2003年开始对老旧的系列Ⅰ-Ⅱ进行除役，同时计划以德国制的212型潜艇作为下一代舰型取代绍罗级潜艇。,12节,NULL,1456吨,NULL,NULL
2米,南联级/Yugo微型潜艇,"2具533毫米鱼雷发射管。",NULL,舰船舰艇,NULL,20米,NULL,NULL,NULL,NULL,NULL,{'$oid': '5cc931f5831b973d657f17f2'},,NULL,鲨鱼级潜艇,NULL,NULL,NULL,NULL,NULL,朝鲜,500吨以内,常规潜艇,1960年代,NULL,,10节,NULL,NULL,NULL,NULL
9.7米,940型/印度级(I级)救援潜艇,NULL,NULL,舰船舰艇,94人,106米,NULL,1000米,6840吨,NULL,NULL,{'$oid': '5cc931f5831b973d657f17f3'},http://images.huanqiu.com/sarons/2013/12/b324174bda9a3ea509c4c02d3a7e1945.jpg,NULL,NULL,NULL,NULL,NULL,NULL,NULL,苏/俄,5000-10000吨,常规潜艇,NULL,NULL,"
印度级(INDIA)—I级，这是一型柴电动力潜艇。940型由“天青石”设计局设计，主要任务是搜索失事潜艇，做好使失事潜艇上浮的各项援救工作。和深潜器母船不同，940型不受海情限制，能在任何气候条件下，从500米水深处将艇员援救出艇。
",15节,45天,3940吨,NULL,NULL
6.7米,633型/罗密欧级(R级) ,NULL,NULL,舰船舰艇,54人,76.6米,NULL,600米,1830吨,NULL,高尔基造船厂，望江造船厂，武昌造船厂，广州造船厂，江南造船厂，葫芦岛造船厂。,{'$oid': '5cc931f6831b973d657f17f4'},http://images.huanqiu.com/sarons/2013/12/f6d6238a1145f52ec45bb537572876a3.jpg,"8具533毫米鱼雷发射管；（艇首6具，艇尾2具）14枚鱼雷（包括鱼-1和鱼-4）；或28枚水雷。",F级潜艇,NULL,NULL,NULL,NULL,W级潜艇,苏/俄,500-2000吨,常规潜艇,1963年（033型）,NULL,,15.2节,45天,1475吨,NULL,NULL
3.8米,鲨鱼级/成山高级/Sang-O,"2具533毫米鱼雷发射管。",NULL,舰船舰艇,20人,34米,NULL,NULL,277吨,NULL,NULL,{'$oid': '5cc931f6831b973d657f17f5'},http://images.huanqiu.com/sarons/2013/12/aed0a6d01c64c1bcb2dc5f36feb7dced.jpg,NULL,鲑鱼级潜艇 (朝鲜),NULL,NULL,NULL,NULL,南联级潜艇,朝鲜,500吨以内,常规潜艇,NULL,NULL,,8.8节,NULL,256吨,NULL,NULL
6.81米,马可尼级潜艇,NULL,NULL,舰船舰艇,57人,76.5米,NULL,90米,1510吨,NULL,NULL,{'$oid': '5cc931f6831b973d657f17f6'},,NULL,NULL,NULL,NULL,1939年7月30日,1940年2月20日,NULL,意大利,500-2000吨,常规潜艇,1938年9月19日,NULL,"
马可尼级六艘潜艇是二次大战爆发前不久的1938年海军计划中建造的一型潜艇，是稍早前建造的马切洛（Marcello）级潜艇的改进型号，由意大利设计师贝尔纳提斯（Bernadis）设计，各艇艇名均以历史人物命名。这级潜艇可以说是二次大战爆发前意大利最先进，也是最好的远洋潜艇。
",17.8节,NULL,1214吨,NULL,NULL
NULL,巡洋级/卡秋莎级/K级,NULL,NULL,舰船舰艇,NULL,97.65米,NULL,NULL,2095吨,NULL,NULL,{'$oid': '5cc931f6831b973d657f17f7'},,NULL,NULL,NULL,NULL,NULL,1939年-1959年,NULL,苏/俄,2000-5000吨,常规潜艇,1939年,NULL,"
K级又称卡秋莎级，K级（巡洋级）大型远洋潜艇（2095吨）是II级（真理级）的改进型为1940年投建的。
",21节,NULL,1480吨,NULL,NULL
6.8米,海豚级潜艇,NULL,NULL,舰船舰艇,45人,57米,NULL,NULL,NULL,NULL,德国基尔的哈德威造船厂,{'$oid': '5cc931f6831b973d657f17f8'},http://images.huanqiu.com/sarons/2013/12/c3af9af1b1c50f1463f3bf65a87a62f0.jpg,NULL,NULL,NULL,NULL,NULL,NULL,NULL,以色列,500-2000吨,常规潜艇,NULL,目前3艘；海豚号、黎凡塞号和泰库玛号另外追订2艘,"
海豚级潜艇为以色列海军的常规动力潜舰、后型舰为绝气推进动力潜艇，由德国基尔的哈德威造船厂（HDW）所设计的一项新型潜艇，并由哈德威造船厂（HDW）和蒂森北海工厂(TNSW)共同负责造舰工程。该艇用于替代以海军70年代购得的盖尔级潜艇。

海豚级潜艇特色在于多了一段可供两栖特战人员进出的舱段，并装载潜水推送器(SDV)执行输送特种部队的任务。2000年报道称以在印度洋完成了核巡航导弹的试射,因此它还担负着核报复的任务。
",NULL,NULL,1640吨,在役,NULL
1.98米,SX-404级微型潜艇,NULL,NULL,舰船舰艇,12人,18.01米,NULL,40米,NULL,NULL,NULL,{'$oid': '5cc931f6831b973d657f17f9'},,NULL,海狮级潜艇,NULL,NULL,1969年,NULL,NULL,中国,500吨以内,常规潜艇,1969年,巴基斯坦微型潜艇,"
SX-404级微型潜艇是中国台湾海军的微型潜艇，是中国台湾海军最早的潜艇。该型微型潜艇主要为从事训练,侦查及岸际渗透、水下渗透等任务。
",7.2节,NULL,40吨,NULL,NULL
6.2米,哥特兰级潜艇,NULL,NULL,舰船舰艇,24人,60.4米,NULL,300米,NULL,NULL,瑞典考库姆公司,{'$oid': '5cc931f7831b973d657f17fa'},,NULL,南曼兰级潜艇、A-26型潜艇,NULL,大西洋,NULL,NULL,所罗门级（A-11型）-出口新加坡、海蛇级（A-12型）、水怪级（A-14型）-出口丹麦、西约特兰级（A-17型）-出口新加坡,瑞典,2000-5000吨,常规潜艇,NULL,哥特兰号、乌普兰号、哈兰德号等3艘,哥特兰级潜艇（A-19型潜艇）、为瑞典考库姆公司设计制造的常规动力潜艇。它是世界上第一艘装配斯特林发动机绝气推进系统（AIP动力系统）的潜舰。该系统能延长潜艇在水中潜航耐力达数天甚至数周之久，并有效降低传统动力系统运作产生的噪音。,NULL,NULL,1494吨,NULL,NULL
6.1米,西约特兰级/射手级/南曼兰级,NULL,NULL,舰船舰艇,28人,60.5米,NULL,300米,1150吨,NULL,瑞典考库姆公司设计制造,{'$oid': '5cc931f7831b973d657f17fb'},,NULL,哥特兰级潜艇,NULL,NULL,NULL,NULL,挑战者级-新加坡水怪级（A-14型）-瑞典,瑞典,500-2000吨,常规潜艇,NULL,射手号、剑客号等4艘,"
西约特兰级潜艇（A-17型潜艇）、为瑞典考库姆公司设计制造的常规动力潜艇。建造于1983年-1988年间，共有4艘。在2003年其中2艘进行改良升级，加装了斯特林发动机，被重新命名为南曼兰级潜艇；另外2艘则在2005年11月，出售给新加坡，并同时进行升级改良，达到近乎""南曼兰级""的水平，于2009年6月16日在瑞典卡尔斯克鲁纳(Karlskrona)完成第一艘射手号(RSS Archer)的下水交舰作业。新加坡重新命名为射手级潜艇，预计2艘将于2010年正式服役。
",20节,NULL,1070吨,服役中,NULL
5.9米,海豚号/Delfino/德尔菲诺 ,NULL,NULL,舰船舰艇,66人,46.3米,NULL,910米,860吨,NULL,NULL,{'$oid': '5cc931f7831b973d657f17fc'},,NULL,NULL,NULL,NULL,NULL,1968年8月17日,NULL,美国,500-2000吨,常规潜艇,NULL,NULL,"
2006年9月22日，美国海军役龄最长，也是目前唯一的一艘常规动力潜艇———AGSS-555“海豚”号退役。“海豚”号主要承担美国海军新型技术与先进概念的验证与研究，具有相当高的机密等级。

1968年11月，“海豚”号创造了美国海军潜艇水下914．4米持续航行深度的记录。除深潜器之外，“海豚”号是目前世界上下潜深度最大的可载有多名艇员的常规动力潜艇。1969年8月，“海豚”号在大深度上进行了鱼雷发射试验，为美国海军其后研制的各型鱼雷奠定了重要基础。“海豚”号还是第一艘发射移动式潜艇诱饵装置的潜艇，美国核潜艇上目前装备的潜艇诱饵装置，都是以此为基础发展起来的。“海豚”号是世界上第一艘成功与飞机之间进行光学通信的潜艇，是第一艘对新型潜艇用BQS-15声呐进行成功试验的潜艇，是第一艘与飞机成功进行大深度水下激光双向通信的潜艇。
",10节,15天,600吨,NULL,NULL
8.3米,海狮级潜艇,NULL,NULL,舰船舰艇,70人,93.57米,NULL,NULL,2420吨,NULL,美国Portsmouth造船厂,{'$oid': '5cc931f7831b973d657f17fd'},http://images.huanqiu.com/sarons/2014/01/955468834710cd9bbf6e636670eb90cc.jpg,NULL,NULL,2420吨,NULL,1944年11月5日（海狮号）,1945年3月17日（美军）,NULL,美国,500-2000吨,常规潜艇,1944年7月10日（海狮号）,NULL,,20.25节,NULL,1870吨,在役,NULL
6.8米,大青花鱼级潜艇 ,NULL,NULL,舰船舰艇,54人,57.8米,NULL,300米,NULL,NULL,NULL,{'$oid': '5cc931f7831b973d657f17fe'},,NULL,NULL,NULL,NULL,NULL,NULL,NULL,葡萄牙,500-2000吨,常规潜艇,NULL,NULL,"
大青花鱼级潜艇为葡萄牙海军的常规动力潜舰，是仿制法国的达弗尼级潜艇。1964年，葡萄牙政府下令建造四艘同级舰，已取代老旧的海王星级潜艇；在1967年开始运作。
",NULL,NULL,860吨,NULL,NULL
7.77米,T级潜艇 (1937年) ,NULL,NULL,舰船舰艇,48人,84.28米,NULL,NULL,1560吨,NULL,NULL,{'$oid': '5cc931f7831b973d657f17ff'},http://images.huanqiu.com/sarons/2013/12/abbdec63cb6c2918a805dc40eed66bb5.jpg,NULL,NULL,NULL,NULL,NULL,NULL,NULL,英国,500-2000吨,常规潜艇,NULL,NULL,"
英国T级潜艇又称TRITON级是于二战前开建的一种柴电动力潜艇，共建成55艘。在皇家荷兰海军中使用的4艘该艇被称为剑鱼级。英国人用它来代替过时的O级（奥丁级）、P级（帕提亚级）和R级（彩虹级）。
",15.5节,NULL,1290吨,NULL,NULL
6.3米,郑地号潜艇,NULL,NULL,舰船舰艇,27人,65米,NULL,250米,1860吨,NULL,NULL,{'$oid': '5cc931f7831b973d657f1800'},,NULL,NULL,NULL,太平洋,2007年6月13日,NULL,NULL,韩国,500-2000吨,常规潜艇,NULL,NULL,"
“郑地”号潜艇是韩国海军214型潜水艇舷号SS-073。于2007年6月13日下午在蔚山现代重工业下水。郑地（1347年 - 1391年）是高丽王朝时期的将领，曾在抗击倭寇的海战中立下一系列战功。据韩联社报道，“郑地”号是继“孙元一”号之后的韩国国产第二艘214型潜艇。

于2007年6月13日下午在蔚山现代重工业下水。郑地（1347年 - 1391年）是高丽王朝时期的将领，曾在抗击倭寇的海战中立下一系列战功。据韩联社报道，“郑地”号是继“孙元一”号之后的韩国国产第二艘214型潜艇。

该艘潜艇的设计和主要部件由HDW公司的基尔船厂提供，韩国214型潜艇由现代重工集团公司根据HDW公司的许可证在蔚山的船厂建造。“郑地”号在通过试运之后，于2008年11月28日向韩国国防采办项目局(DAPA)交付，韩国海军于12月2号接受了该艘潜艇，进行实战部署。
",20节,NULL,1700吨,NULL,NULL
8.4米,SS-794海虎号潜艇,NULL,NULL,舰船舰艇,58人,66.92米,NULL,240米,2660吨,NULL,NULL,{'$oid': '5cc931f7831b973d657f1801'},,NULL,NULL,2376吨,SS-794海虎号潜艇,NULL,1988年7月4日,NULL,中国,2000-5000吨,常规潜艇,1987年4月9日,海龙号,"
海虎号潜艇，编号“SS-794”，是中国台湾海军256战队剑龙级潜艇的二号舰，其优点在于低噪音、隐蔽性好，为中国台湾海军的主力潜艇。主要任务包括：水中反潜、攻击敌方军舰、支援特种作战等。海虎号是中国台湾海军“剑龙专案”中，于1982年委托荷兰建造的剑龙级潜艇中的其中一艘（另一艘是海龙号）。于1986年下水，1988年7月4日服役。在中国台湾海军的现役舰艇中，作战力名列前茅。海虎号曾和海龙号多次编队执行汉光演习，为中国台湾捍卫领海的最佳利器。
",20节,60天,2376吨,现役,NULL
5.4米,乌拉级潜艇,NULL,NULL,舰船舰艇,21人,59米,NULL,250米,1150吨,NULL,挪威康斯堡公司,{'$oid': '5cc931f7831b973d657f1802'},,NULL,NULL,NULL,NULL,NULL,NULL,科本级潜艇（207型潜艇）,德国,500-2000吨,常规潜艇,1988年4月-1991年,乌拉号、乌齐拉号、乌特斯坦号、乌特瓦尔号等6艘,"
乌拉级潜艇（U-210型潜艇）、为德国北海公司与挪威康斯堡公司联合设计研发，委托在德国埃姆登生产制造，并于挪威皇家海军服役的常规动力潜艇。

该型舰源于1972年、挪威皇家海军（RNoN）计划建立一支现代化潜艇部队，以取代老旧的207型潜艇。乌拉级潜艇的设计，在本国（挪威）的康斯堡集团(Kongsberg Gruppen)负责作战系统及部分船体、压力壳的制造，主动声纳采用德国的阿特拉斯电子公司所属系统和被动声纳采用法国的汤姆逊系统；最后统筹于德国埃姆登的北海造船公司(Nordseewerke)装配完成。首艘于1989年完工服役。
",23节,40天,1040吨,服役中,NULL
7.6米,支持者级潜艇,NULL,NULL,舰船舰艇,47人,70.26米,NULL,200米,2455吨,NULL,维克斯造船与工程有限公司,{'$oid': '5cc931f8831b973d657f1803'},,NULL,NULL,NULL,太平洋,NULL,NULL,奥伯龙级潜艇,加拿大,2000-5000吨,常规潜艇,1987年,温莎号(SSK 877)布鲁克角号(SSK 878)奇科迪米号(SSK 879)维多利亚号(SSK 876)、共4艘,支持者级潜艇（或称‘拥护者级’；加拿大命名：‘维多利亚级潜艇’）为英国的维克斯造船与工程有限公司（VSEL）在1979年设计，建于1987年-1993年；然而，初步计划是要建造12艘该系列潜艇，最终因经费问题被减为4艘。它们在英国皇家海军服役时间并没有持续太久，在1993年-1994年后它们便退出英国皇家海军行列。,20节,49天,2168吨,NULL,NULL
5.85米,VII型U艇,NULL,NULL,舰船舰艇,52人,67.1米,NULL,220米,871吨,NULL,船舶建设工程局,{'$oid': '5cc931f8831b973d657f1804'},http://images.huanqiu.com/sarons/2014/07/bb206d1fcad9ba1a6555d70dc83323be.jpg,NULL,无,745吨,NULL,1936年6月,1940年（U-69号）,UB III级,德国,NULL,常规潜艇,第一次世界大战后期,NULL,,17.7节,NULL,769吨,全部已退役,11470米
8米,XXI型U艇,NULL,NULL,舰船舰艇,57人,76.7米,NULL,500米,NULL,NULL,U2501-2531（第一批次，建造厂布洛姆·福斯汉堡船厂）,{'$oid': '5cc931f8831b973d657f1805'},http://images.huanqiu.com/sarons/2014/07/0bd9594030a72ec0dc0884f0af926f5d.jpg,NULL,NULL,2100吨,NULL,1944年5月12日,1944年6月27日,NULL,德国,NULL,常规潜艇,1943年,NULL,,17.9节,NULL,1621吨,1985年，有人于德国汉堡发现了部份报废的“易北河II”潜艇洞库里的U-2505、U-3004和U-3506，后将它填补。,15500海里
8.29米,SS-792海豹号（原美军USS-426 Tusk 长牙号）,NULL,NULL,舰船舰艇,81人,93.57米,NULL,185米,2420吨,NULL,美国费城铁箍造船(厂)公司,{'$oid': '5cc931f8831b973d657f1806'},,NULL,NULL,NULL,NULL,1945年7月8日,NULL,NULL,美国,2000-5000吨,常规潜艇,1943年8月23日,NULL,"
SS-792海豹号（原美军USS-426 Tusk 长牙号）
1943年8月23日由美国费城铁箍造船(厂)公司（Cramp Shipbuilding Company）建造(该公司于1947年关闭)。
1945年7月8日，下水。
1946年4月11日，成军命名USS-426 Tusk 长牙号。
1947年10月，执行第一次大修和“茄比Ⅱ型”现代化工程。
1973年10月18日，在纽约移交给台湾海军接收，命名为S-92海豹号。
1974年1月10日返国。
",20.25节,NULL,1870吨,NULL,NULL
4.1米,II型U艇,NULL,NULL,舰船舰艇,24人,40.9米,NULL,150米,381吨,NULL,NULL,{'$oid': '5cc931f8831b973d657f1807'},http://images.huanqiu.com/sarons/2014/07/5e2aaaf50e58357bda1570a88ab164d9.jpg,NULL,NULL,381吨,德国沿海，英吉利海峡，巴伦支海和黑海,1935年6月18日,NULL,NULL,德国,500吨以内,常规潜艇,1934年,NULL,,13节,NULL,254吨,自沉（U-120和U-121）,2960公里
9.1米,苍龙级AIP潜艇,NULL,NULL,舰船舰艇,65人,84米,NULL,500米,4200吨,NULL,三菱重工神户造船厂（苍龙号）,{'$oid': '5cc931f8831b973d657f1808'},http://images.huanqiu.com/sarons/2014/01/2a578fb1389e9af7c64e08f069a378c2.jpg,NULL,NULL,3300吨,NULL,2007年12月7日（苍龙号）,2009年3月30日（苍龙号）,亲潮级潜艇,日本,2000-5000吨,常规潜艇,2005年3月31日（苍龙号）,6艘（预计）,"
随着AIP技术的发展，日本也在春潮级的最后一艘朝潮号进行了相关实验，在此基础上，日本开发了基于AIP技术的新一代柴油动力攻击型常规潜艇，即苍龙级潜艇。首艘苍龙号（SS-501）由三菱重工神户造船厂负责建造，这也是继韩国的""孙元一级""（214型）之后东亚第三款AIP型潜艇。日本亦成为世界上继瑞典（哥特兰级潜艇）后第二个采用斯特林发动机（AIP）系统的国家。而苍龙级潜艇更是日本在二次大战后，建造潜艇吨位最大的一款潜艇。 

从这一级潜艇开始，日本海军打破了以往帝国海军以往以潮汐做为命名的惯例（汐潮、春潮），而是采用了以吉祥动物为命名来源。
",20节,21天,2950吨,在役,NULL
6.51米,IX型U艇,NULL,NULL,舰船舰艇,48人,76.5米,NULL,150米,1153吨,NULL,NULL,{'$oid': '5cc931f8831b973d657f1809'},http://images.huanqiu.com/sarons/2014/07/8f57a868d9dfcd1136e72897cc4dc184.jpg,NULL,NULL,NULL,印度洋，太平洋,NULL,1940年,NULL,德国,NULL,常规潜艇,1935年,NULL,,18.2节,NULL,1032吨,二次大战后有一艘U-1231被苏军接收。,10500海里
8.29米,SS-478海狮号潜舰,NULL,NULL,舰船舰艇,81人,93.57米,NULL,185米,2420吨,NULL,NULL,{'$oid': '5cc931f8831b973d657f180a'},http://images.huanqiu.com/sarons/2014/01/85aebf97b69194e963378e472ec0190f.jpg,NULL,NULL,NULL,NULL,1945年,NULL,SX-404级微型潜艇,美国,2000-5000吨,常规潜艇,1943年,茄比级潜舰,"
“海狮”号潜艇(SS791)原为美海军的“鲤鱼”号(SS426)，于1945年7月下水，1973年交付台湾，1974年1月抵台；同型艇“海豹”号(SS792)，原为美海军“安哥拉带鱼”号 (SS478)，1944年11月下水，1973年4月交付台湾，l974年4月抵台。“海狮”级潜艇本来就是美国战时赶造的，在历经了50多年的风雨波涛之后，其作战能力已明显降低，所以，1995年以后，“海狮”级潜艇基本已不出海，只能作为训练潜艇用于训练其他各种舰艇的反潜作战能力。
",20.25节,NULL,1870吨,服役中,NULL
