_id,战斗射速,图片,参战情况,口径,类型,名称,生产年限,简介,全枪重,有效射程,全枪长,数量,制造商,弹匣容弹量,大类,刀长,发射性能,产国,关注度
{'$oid': '5cc93229831b973d657f194a'},30发/分,,1983年尼加拉瓜反政府武装,7.62毫米,自动步枪,VZ52自动步枪,1952年-1959年,,4.1千克,400米,1003毫米,NULL,前捷克斯洛伐克切斯卡·兹布罗约夫卡兵工厂,10发,枪械与单兵,NULL,自动步枪,捷克,NULL
{'$oid': '5cc93229831b973d657f194b'},800发/分,http://images.huanqiu.com/sarons/2013/07/91c71bbc6308f908eb4825850e2597d2.jpg,越战尼日利亚内战南非边境战争厄立特里亚独立战争阿富汗战争 (2001年)伊拉克战争2011年利比亚内战,7.62毫米,自动步枪,VZ58自动步枪,1959年-1980年,,3.1千克,400米,820毫米,NULL,乌尔斯基·布罗德国营兵工厂,30发,枪械与单兵,NULL,自动步枪,捷克,NULL
{'$oid': '5cc93229831b973d657f194c'},1000发/分,http://images.huanqiu.com/sarons/2013/07/35d47660d718c8d31f2d0c1359c710f3.jpg,伊拉克战争，2001年阿富汗战争，持久自由行动， 2006年以黎冲突，哥伦比亚武装冲突 ，2008年南奥塞梯战争，2011年利比亚内战，2011年叙利亚内战，墨西哥毒品战争，2013年拿笃冲突,5.56毫米,自动步枪,美国M4卡宾枪,1984年,,2.5千克,600米,840毫米,NULL,美国柯尔特公司,30发,枪械与单兵,NULL,自动步枪,美国,(4.8分)
{'$oid': '5cc93229831b973d657f194d'},750发/分,http://images.huanqiu.com/sarons/2014/03/aebb39e3c66d04af6174f804f04a7c65.jpg,NULL,5.56毫米,自动步枪,日本89式突击步枪,1990年,89式5.56毫米步枪是丰和64式7.62毫米自动步枪的后继，并由丰和工业基于美制AR-18突击步枪开发而成。亦是根据NATO标准的5.56毫米口径突击步枪。日本自卫队于1989年开始配备前线及使用。另外，89式亦在日本海上保安厅及日本警察的特殊急袭部队中配备及使用。,3.5千克,500米,916毫米,NULL,日本丰和工业,30发,枪械与单兵,NULL,自动枪支,日本,(4.7分)
{'$oid': '5cc93229831b973d657f194e'},650发/分,http://images.huanqiu.com/sarons/2014/03/b95affa71bf0a0beaf1202575941f5ef.jpg,NULL,5.8毫米,自动步枪,97式突击步枪,NULL,,3.25千克,400米,745毫米,NULL,中国北方工业总公司,NULL,枪械与单兵,NULL,NULL,中国,(4.7分)
{'$oid': '5cc93229831b973d657f194f'},100发/分,http://images.huanqiu.com/sarons/2013/07/85f776dd6863bc4dfc6ffa63f1292d3b.jpg,斯里兰卡内战，2008年柬泰边境冲突，中国海军索马里护航行动,5.8毫米,自动步枪,中国95式步枪,1995年,"
95式自动步枪（QBZ-95，QBZ为源自拼音“枪-步-自动”的类别代码），是由中国兵器装备集团公司208研究所研制的突击步枪，主设计师为中国工程院院士朵英贤，属于95式枪族的一部分，为目前中国人民解放军的制式自动步枪之一，它是中国研制的第二种小口径步枪，也是解放军第一种大规模列装部队的小口径自动步枪。该枪于1997年的香港回归交接仪式上首次出现在公众视线中。
",3.3千克,400米,743毫米,NULL,中国兵器装备集团公司,30发,枪械与单兵,NULL,NULL,中国,(4.5分)
{'$oid': '5cc93229831b973d657f1950'},900发/分,http://images.huanqiu.com/sarons/2013/07/22aca7b47de3f6bb18fd9965a3805d59.jpg,2001年阿富汗战争伊拉克战争海神之矛行动,5.56毫米,自动步枪,赫克勒-科赫HK 416自动步枪,2005年,"
所谓的HK416步枪，原产于德国，是由黑克勒-科赫公司研发，现在美国也有生产。由HK公司对英国SA80和M16进行改装，HK 416的研制目的在于提供一款性能比长期服役的M16突击步枪更优越的武器。它采用短行程导气式自动方式，而不像M16系列那样使用直接气体驱动系统。该枪对M16的基本设计做了重大改进，将一体化合金前托换成了由两部分组成的聚合材料前托，并采用浮动式枪管。装备可折叠的机械瞄具，因为标准配置是使用光学和夜视瞄准设备。据了解，HK416步枪是“海豹”特种部队的完美武器，标准型HK416步枪可以在浸水后，没有完全干燥时进行射击，在打出近20000发子弹后，其射击精确度只会有微弱的下降。 
",3.5千克,450米,886毫米,NULL,黑克勒-科赫(HK公司),30发,枪械与单兵,NULL,自动,德国,(4.9分)
{'$oid': '5cc93229831b973d657f1951'},1000发/分,http://images.huanqiu.com/sarons/2013/11/2ea4c94738c2eee2c7ac937baeb8d335.jpg,NULL,7.62毫米,自动步枪,AK-12突击步枪,2011年至今,,3.3千克,1100米,945毫米,NULL,伊茨玛希工厂,60发,枪械与单兵,NULL,NULL,苏/俄,(4.6分)
{'$oid': '5cc93229831b973d657f1952'},100发/分,,中印边境战争、中苏边界冲突、 越南战争、中越边境战争等,7.62毫米,自动步枪,中国56式突击步枪,1958年,"
 56式自动步枪的原型是AK-47／AKM。AK-47的机匣为实心钢制，而后来的AKM采用冲压金属机匣，中国的枪型全部称为56式。
",3.8千克,400米,874毫米,NULL,NULL,30发,枪械与单兵,NULL,自动枪支,中国,(4分)
{'$oid': '5cc93229831b973d657f1953'},NULL,http://images.huanqiu.com/sarons/2014/03/068218225775107ec2036cfb0dc2bee8.jpg,两山战役，斯里兰卡内战，伊拉克战争，叙利亚内战,7.62毫米,自动步枪,81式自动步枪,1983年,,3.4千克,600米,955毫米,NULL,NULL,30发,枪械与单兵,NULL,NULL,中国,(5分)
{'$oid': '5cc9322a831b973d657f1954'},500发/分,http://images.huanqiu.com/sarons/2013/08/3a5d30761b4d9a9d11ee2e483d064211.jpg,NULL,7.62毫米,自动步枪,日本64式自动步枪,1957年,,4.4千克,400米,990毫米,NULL,日本丰和机械有限公司,20发,枪械与单兵,700毫米,自动枪支,日本,NULL
{'$oid': '5cc9322a831b973d657f1955'},650发/分,http://images.huanqiu.com/sarons/2013/08/a922a43afcab11deca5b63cced138336.jpg,NULL,5.45毫米,自动步枪,卡拉什尼科夫1974（AK-74）突击步枪,1975年至今,"
AK-74是前苏联装备的第一种小口径突击步枪，也是世界上大规模装备部队的第二种小口径步枪（第一种是美国的5.56毫米M16），首次露面是在1974年11月7日的莫斯科红场阅兵仪式上，在1980年代是前苏联军队制式装备AK-74在很多国家也有装备，包括特许生产及仿制型如东德的MPi-KM-74、MPI-KMS-74、MPI-AKR-74波兰的WZ. 1988 Tantal、WZ. 1989 Onyks，罗马尼亚的AI-74、AIS-74，保加利亚的AKK-74等。
",3.9千克,400米,928毫米,NULL,伊孜玛什公司,30发,枪械与单兵,NULL,自动枪支,苏/俄,(4.8分)
{'$oid': '5cc9322a831b973d657f1956'},650发/分,http://images.huanqiu.com/sarons/2013/08/44e9119ad052d52aac40f5f012e820af.jpg,阿富汗战争 (2001年)伊拉克战争2011年叙利亚内战墨西哥毒品战争,5.56毫米,自动步枪,斯太尔-曼利夏AUG自动步枪,1978年,"
斯太尔-曼利夏AUG自动步枪是1977年奥地利公司斯泰尔-曼利夏（Steyr Mannlicher）推出的军用自动步枪，是史上首次正式列装、实际采用犊牛式设计的军用步枪。“AUG”是德文“Armee-Universal-Gewehr”的缩写，意即“陆军通用步枪”。该枪专门为奥地利陆军设计，于1979年开始装备使用。此后，该枪先后被爱尔兰、澳大利亚、多个中东国家、美国海关部门、福克兰群岛防卫军采用。
",3.9千克,800米,790毫米,NULL,斯泰尔-曼利夏 （Steyr Mannlicher）,42发,枪械与单兵,NULL,自动,奥地利,NULL
{'$oid': '5cc9322a831b973d657f1957'},650发/分,,NULL,7.62毫米,自动步枪,萨科M90自动步枪,1991年-1999年,,4.7千克,719米,1060毫米,NULL,芬兰萨科公司,30发,枪械与单兵,NULL,NULL,芬兰,NULL
{'$oid': '5cc9322a831b973d657f1958'},750发/分,http://images.huanqiu.com/sarons/2013/07/f9312d65853a65b6e7ce37a338660792.jpg,NULL,5.56毫米,自动步枪,赫克勒-科赫HK33E自动步枪,1968年,70年代初，德国赫克勒-科赫有限公司为出口研制了一种5.56毫米小口径步枪，称之为HK33E式。该枪是在G3式7.62毫米自动步枪的基础上改进而成的，实际上它是G3式步枪的缩小型。,734千克,400米,940毫米,NULL,德国赫克勒-科赫公司,25发,枪械与单兵,NULL,自动步枪,德国,NULL
{'$oid': '5cc9322a831b973d657f1959'},600发/分,http://images.huanqiu.com/sarons/2013/08/67431a5b7fcbeecab2c3818535246789.jpg,NULL,8毫米,自动步枪,MP44自动步枪,1943年-1945年,STG44突击步枪（Sturmgewehr 44，定型投产时名称MP44），是现代步兵史上划时代的成就之一。它是首先使用了短药筒的中间型威力枪弹并大规模装备的自动步枪。,5.2千克,300米,940毫米,425977,黑内尔公司,30发,枪械与单兵,NULL,自动步枪,德国,NULL
{'$oid': '5cc9322a831b973d657f195a'},900发/分,http://images.huanqiu.com/sarons/2013/07/6af89dd8c8c59dd2ac6ecfcf3e444b29.jpg,海湾战争中的沙漠风暴行动及其他维持和平行动,5.56毫米,自动步枪,法玛斯自动步枪,1975年,,3.61千克,300米,757毫米,NULL,法国GIAT集团下属的圣·艾蒂安兵工厂,25发,枪械与单兵,NULL,自动步枪,法国,NULL
{'$oid': '5cc9322a831b973d657f195b'},800发/分,http://images.huanqiu.com/sarons/2013/08/be7037700a94ea66cd92d592673607ba.jpg,NULL,7.62毫米,自动步枪,瓦尔梅特M76自动步枪,1976年-1986年,,4.6千克,600米,1135毫米,NULL,芬兰瓦尔梅特公司,30发,枪械与单兵,NULL,自动步枪,芬兰,NULL
{'$oid': '5cc9322b831b973d657f195c'},600发/分,http://images.huanqiu.com/sarons/2013/07/ed42bd89823f61d49f8cce72e1af3ae4.jpg,NULL,7.62毫米,自动步枪,赫克勒-科赫G36自动步枪,1995年,,7.58千克,400米,1025毫米,NULL,德国赫克勒-科赫公司（H&K）,30发,枪械与单兵,NULL,自动步枪,德国,NULL
{'$oid': '5cc9322b831b973d657f195d'},850发/分,http://images.huanqiu.com/sarons/2013/08/9492a2424ff1bdef0dfc5f45ac99b2fc.jpg,机敏行动（Operation Astute），阿富汗战争，2011年利比亚内战，墨西哥毒品战争,5.56毫米,自动步枪,FN 2000突击步枪,2001年,"
FN2000是由比利时公司Fabrique Nationale所制造的一种突击步枪。2001年3月在阿拉伯联合酋长国阿布扎比举行的IDEX展览会上首次正式展示。FN 2000是Fabrique Nationale唯一一种犊牛式突击步枪。该枪是一款采用模块化设计的无枪托突击步枪，采用导气式自动方式的回转式枪机由硕大的聚合材料外壳包裹，同时可用于执行特殊战斗任务。
",3.6千克,500米,694毫米,NULL,Fabrique Nationale（简称FN，没有正式中文译名）,30发,枪械与单兵,NULL,气动式、转拴式枪机,比利时,NULL
{'$oid': '5cc9322b831b973d657f195e'},650发/分,http://images.huanqiu.com/sarons/2013/08/1c585cc9342014c358234327fa9044ae.jpg,NULL,5.56毫米,自动步枪,INSAS突击步枪,1999年,"
印度INSAS（印度小型火器系统的缩写，Indian Small Arms System）突击步枪，是印度生产的步枪，采用了国外多种武器的结构，印度在其基础上还发展了一种重枪管型。
",3.2千克,885米,945毫米,NULL,武器研究与开发部,22发,枪械与单兵,NULL,NULL,印度,NULL
{'$oid': '5cc9322b831b973d657f195f'},850发/分,,2007年黎巴嫩冲突,5.56毫米,自动步枪,赫克勒-科赫G41自动步枪,1983年,,4.1千克,910米,997毫米,NULL,德国赫克勒&科赫防务公司(H&K),30发,枪械与单兵,NULL,自动步枪,德国,NULL
{'$oid': '5cc9322b831b973d657f1960'},600发/分,http://images.huanqiu.com/sarons/2013/07/b50d7ae56a3a3670f40e853616d6fda0.jpg,NULL,7.62毫米,自动步枪,赫克勒-科赫G3自动步枪,1964年,,4.41千克,400米,1025毫米,NULL,德国赫克勒-科赫公司,20发,枪械与单兵,NULL,自动步枪,德国,NULL
{'$oid': '5cc9322b831b973d657f1961'},750发/分,,NULL,5.56毫米,自动步枪,FARA 83自动步枪,1984年-1990年,"
FARA 83（“阿根廷共和国自动步枪”或FAA 81）是一款由阿根廷DGFM（多明戈-马特轻武器厂）于1980年代开发并装备军队的突击步枪，旨在取代阿根廷军队原装备的FMAP FSL（阿根廷特许生产的FN FAL）。该枪主要面向阿根廷陆军，但因财政原因而导致生产缓慢，只有部分陆军部队装备了该枪。
",4千克,500米,1000毫米,1200,多明戈-马特轻武器厂（DGFM）,30发,枪械与单兵,NULL,自动,阿根廷,NULL
{'$oid': '5cc9322b831b973d657f1962'},550发/分,http://images.huanqiu.com/sarons/2013/08/27412580296c57270641275b420b3214.jpg,NULL,7.62毫米,自动步枪,伽利尔突击步枪,1971年,"
加利尔（Galili）突击步枪是以色列在1967年的“六日战争”中的取得教训的产物，由于当时以色列军中大量装备的FN FAL自动步枪在沙漠环境中经常不能正常动作，故障频发多，因此IMI的首席武器设计师以色列人加利尔和雅各布·利奥尔带领着一个研制小组，开始设计一种发射5.56毫米 M193弹的新步枪。目前，南非的R4步枪，瑞典的FFV890C步枪均是以伽利尔为蓝本设计生产的。
",4千克,500米,979毫米,NULL,以色列军事工业（IMI）,50发,枪械与单兵,NULL,自动步枪,以色列,NULL
{'$oid': '5cc9322b831b973d657f1963'},650发/分,http://images.huanqiu.com/sarons/2013/08/c4647f4295cc577608f42e898aba6a27.jpg,阿富汗战争伊拉克战争墨西哥毒品战争,5.56毫米,自动步枪,伯莱塔AR70／223自动步枪,1972年-1980年,"
该枪是伯莱塔公司研制的第一款5.56毫米口径步枪，采用导气式工作原理和双突笋枪栓。该枪装备意大利特种部队并出口到其他一些国家，但未能占据较大的市场份额，且使用中暴露出了一些小缺陷，如机匣强度不够。
",3.8千克,950米,955毫米,NULL,意大利伯莱塔公司,30发,枪械与单兵,NULL,自动步枪,意大利,NULL
{'$oid': '5cc9322b831b973d657f1964'},750发/分,http://images.huanqiu.com/sarons/2013/08/7107ac25a8b345d3adc1f43fac0ad778.jpg,越南战争柬埔寨内战对越自卫反击战苏联对阿富汗战争科索沃战争,7.62毫米,自动步枪,中国63式自动步枪,1970年,"
63式自动步枪是中国自行研制的第一支步枪（在外国被误称为68式）。1958年，中国掀起“大跃进”高潮，全国群众鼓干劲，争上游，放卫星，创奇迹，国防科技界也跟随热潮行动起来，63式自动步枪就是在这样的时代背景下开始研制的。63式是由中国基于56式半自动步枪（仿制自SKS）而设计的自动步枪。然而，此武器使用的转拴式枪机操作系统（枪机回转式闭锁）却是来自AK-47突击步枪系统，而不是很像SKS的倾斜式枪机操作系统（枪机偏移式闭锁）。发射7.62×39毫米中间型威力枪弹。1963年完成了设计定型。1969年投入大量生产和装备部队，至1978年停产、撤装。
",3.5千克,400米,1029毫米,6000000,重庆空压厂，嘉陵厂，建设厂,20发,枪械与单兵,NULL,自动,中国,NULL
{'$oid': '5cc9322c831b973d657f1965'},690发/分,http://images.huanqiu.com/sarons/2013/08/464fbaf4fbb62301725b9f4366c1ed44.jpg,NULL,5.56毫米,自动步枪,贝尔突击步枪,1998年,"
贝尔突击步枪可发射SSl09及M193枪弹，最初是为波兰海军特种部队研制的。2006年波兰国防部定购的新型迷你贝尔突击步枪改进了枪口部分。使之能适于使用夜视瞄该枪的附件包括不同的夜视瞄具及目标捕获装置.如HWS-552.A651／2全息瞄具。该瞄具由光一电技术公司研制，最初是为警察反恐分队开发的，波兰陆军曾给其下车步兵装备了这种瞄具，另有一些特种部队，如美国和波兰的特种部队曾在阿富汗和伊拉克战场上使用过这种瞄具。
",3.4千克,1000米,943毫米,860,拉多姆公司,30发,枪械与单兵,NULL,自动枪支,芬兰,NULL
{'$oid': '5cc9322c831b973d657f1966'},700发/分,http://images.huanqiu.com/sarons/2013/08/38ede8f98886f0e078c403d67e4ba07e.jpg,2001年阿富汗战争，在印尼的反游击作战，2007年黎巴嫩冲突，在尼日尔河三角洲地区的冲突，多国维和任务,5.56毫米,自动步枪,FN FNC自动步枪,1979年,"
FN FNC（FabriqueNationaleCarabine）是由比利时Fabrique Nationale de Herstal（FN公司）在1970年代中期生产的突击步枪，该枪是CAL步枪的替代品，它符合北约5.56毫米枪弹的要求，广受用户欢迎。另外，它比CAL步枪价格更低廉，可靠性更高。该枪大量使用钢、合金和塑料，大部分金属部件都采用冲压工艺和锻压工艺制造。与CAL步枪类似，该枪采用导气式自动方式和枪机回转式闭锁机构，其弹匣槽符合北约标准，因此可使用M16步枪弹匣或类似弹匣。瑞典采用了该枪的变型枪AK5，印度尼西亚也特许生产该武器。
",3.8千克,450米,997毫米,NULL,Fabrique Nationale（简称FN，没有正式中文译名）,30发,枪械与单兵,NULL,自动,比利时,NULL
{'$oid': '5cc9322c831b973d657f1967'},350发/分,http://images.huanqiu.com/sarons/2013/08/23e5906e639d2b0160ba387557209a51.jpg,NULL,5.66毫米,自动步枪,APS突击步枪,1970年,"
APS突击步枪是披露于世的第一支水下突击步枪，APS突击步枪是前苏联海军为了防范海军基地受到敌对蛙人的攻击而研究出各种反蛙人技术而生产制造的，主要供特种部队与武装蛙人作战时使用，也可用于攻击鲨鱼和水中其他危险动物。
",3.4千克,100米,823毫米,NULL,NULL,26发,枪械与单兵,NULL,自动枪支,苏/俄,NULL
{'$oid': '5cc9322c831b973d657f1968'},600发/分,http://images.huanqiu.com/sarons/2013/08/54ba4e4bf0f1a29b8c80dacc12bf0524.jpg,越南战争,7.62毫米,自动步枪,AK-47突击步枪,1947年至今,"
АК-47是俄语Автомат Калашникова образца 1947 года第一个字母的缩写，意思是卡拉什尼科夫1947年定型的自动步枪，是由苏联枪械设计师米哈伊尔·季莫费耶维奇·卡拉什尼科夫设计的自动步枪。截至2012年，诞生65年的AK-47风靡全世界，AK-47步枪的声望超越了所有同时代的武器。
",4.3千克,300米,870毫米,NULL,伊热夫斯克军工厂,30发,枪械与单兵,NULL,自动枪支,苏/俄,NULL
{'$oid': '5cc9322c831b973d657f1969'},600发/分,http://images.huanqiu.com/sarons/2013/08/787c74c81a597505c7e858fdd3e7dd73.jpg,NULL,7.62毫米,自动步枪,AKM自动步枪,1959年至今(AKM),"
卡拉什尼科夫枪族中的变型枪非常多， 如，AKM步枪，AK-74步枪，AKMS步枪等，AK-47系列和AKM系列之间的最大不同是，前者采用实心钢制机匣，而后者采用冲压金属机匣。AKM步枪：1953年-1954年，由枪械设计师卡拉什尼科夫通过改进AK-47突击步枪而来。1959年投产，目前仍有生产。广泛装备世界各地的武装力量。
",3.1千克,400米,880毫米,NULL,伊热夫斯克机器制造厂（Izhmash)，图拉兵工厂,30发,枪械与单兵,NULL,自动枪支,苏/俄,NULL
{'$oid': '5cc9322c831b973d657f196a'},900发/分,http://images.huanqiu.com/sarons/2013/08/f0a01445d154e7fb49429ef46b988f32.jpg,2006年加沙危机2006年以黎冲突2008年南奥塞梯战争2008年柬泰对峙加沙战争,5.56毫米,自动步枪,塔沃尔突击步枪,2004年,"
塔沃尔步枪是以色列军事工业公司（IMI）根据战场需求与实战经验开发出的最新式突击步枪，采用了无托结构，在不缩短枪管长度与有效射程的前提下大幅缩短了全枪长度，便于需要频繁搭乘直升机的部队与空降部队等使用。塔沃尔步枪自服役以来已经经历了加沙与黎巴嫩前线的实战考验，表现优异。印度购买了大量这样的枪支用于装备特种部队。
",2.8千克,600米,720毫米,NULL,以色列军事工业（IMI）,30发,枪械与单兵,NULL,自动步枪,以色列,NULL
{'$oid': '5cc9322c831b973d657f196b'},700发/分,http://images.huanqiu.com/sarons/2013/08/e8d3f1a0d0492929562c5a9d85552644.jpg,苏联入侵阿富汗战争塔吉克内战格鲁吉亚内战两次车臣战争,5.45毫米,自动步枪,卡拉什尼科夫AKS-74U自动步枪,1979年-,"
AKS-74U（又称AKSU-74或AK-74SU）是苏联在1975年设计及生产的短突击步枪，AKS-74U当中的“U”（俄语：Укороченный）解为“缩短”，AKS-74U在1970年代后期装备前苏联军队作AKS-74的卡宾枪版本，它的的整体尺寸及有效射程与冲锋枪相似。AKS-74U亦是AK-74的独立变种版本，同様发射5.45×39毫米（M74）弹，但它的枪口消焰器较为不同，消焰器尾部为喇叭形，以降低射击时的后座力，亦可卡在铁丝上，以子弹发射时的威力冲断铁丝。
",2.7千克,200米,720毫米,NULL,伊热夫斯克机器制造厂，图拉兵工厂,30发,枪械与单兵,NULL,自动枪支,苏/俄,NULL
{'$oid': '5cc9322c831b973d657f196c'},945发/分,http://images.huanqiu.com/sarons/2013/08/2acaf521c4fe44cf90b80b9c446ecfc3.jpg,NULL,7.62毫米,自动步枪,马盖尔卡宾枪,1998年,"
IMI的马盖尔（Magal）卡宾枪是微型加利尔（Galil MAR）的一种变形枪。马盖尔的设计初衷，是要替换被以色列国家警察和以色列国民护卫队仍在普遍使用的二战时期诞生的M1卡宾枪。
",3.68千克,515米,735毫米,4000,以色列军事工业（IMI）,27发,枪械与单兵,NULL,NULL,以色列,NULL
{'$oid': '5cc9322c831b973d657f196d'},700发/分,http://images.huanqiu.com/sarons/2013/08/ad701b72fc9f5a31cfba1c82dcd27ced.jpg,苏伊士运河危机，亚丁危机，马来亚危机等,7.62毫米,自动步枪,FN FAL自动步枪,1953年,"
FAL（法文：Fusil Automatique Légère）由比利时Fabrique Nationale设计的7.62 × 51毫米口径自动步枪，FAL相对应的英文名称是Light Automatic Rifle，意为“轻型自动步枪”。FAL是世界上著名步枪之一，曾是大量国家的制式装备。FNFAL步枪可能是历史上使用最广泛的步枪，被90多个国家采用。
",4.5千克,650米,1090毫米,1000000,Fabrique Nationale（简称FN，没有正式中文译名）,20发,枪械与单兵,NULL,自动,比利时,NULL
{'$oid': '5cc9322d831b973d657f196e'},800发/分,http://images.huanqiu.com/sarons/2013/08/0f7729f92ac26ff14bf5cd43fc567254.jpg,北爱尔兰问题,7.65毫米,自动步枪,阿玛莱特AR-18自动步枪,1966年-1979年,,3.2千克,1000米,940毫米,NULL,阿玛莱特丰和工业 史特林军备公司 ,40发,枪械与单兵,NULL,自动步枪,美国,NULL
{'$oid': '5cc9322d831b973d657f196f'},775发/分,http://images.huanqiu.com/sarons/2013/08/eb23b2af08bcec67417e53c65575a637.jpg,NULL,5.56毫米,自动步枪,L85A1/L85A2单兵武器,1985年-1994年,,3.8千克,940米,785毫米,NULL,BEA系统公司，RO防务设计子公司,30发,枪械与单兵,NULL,自动步枪,英国,NULL
{'$oid': '5cc9322d831b973d657f1970'},700发/分,http://images.huanqiu.com/sarons/2013/08/ad67012c9b64f9d7a21819696aa69853.jpg,南非边境战争海地内战,5.56毫米,自动步枪,维克托R4突击步枪,1982年至今,,4.3千克,500米,1005毫米,NULL,南非利特尔顿兵工厂,35发,枪械与单兵,NULL,自动枪支,南非,NULL
{'$oid': '5cc9322d831b973d657f1971'},700发/分,http://images.huanqiu.com/sarons/2013/08/7a1387444c630483132230c36dbfbe97.jpg,NULL,5.56毫米,自动步枪,西格SG 550／551(Stgw 90)自动步枪,1986年-2002年,"
该枪是1984年西格公司为满足瑞士陆军需求而从SG540改进而来的。西格公司最终在竞争中获得了胜利，并定型号为Stgw90，取代Stgw57成为新的瑞士军用步枪。该枪还有民用型，但不能进行连发射击。
",4.1千克,995米,998毫米,NULL,西格公司,30发,枪械与单兵,NULL,自动步枪,瑞士,NULL
{'$oid': '5cc9322d831b973d657f1972'},750发/分,,NULL,5.56毫米,自动步枪,SR88突击步枪,1988年至今,,3.66千克,500米,912毫米,NULL,新加坡轻兵器工业有限公司,30发,枪械与单兵,NULL,自动枪支,新加坡,NULL
{'$oid': '5cc9322d831b973d657f1973'},450发/分,http://images.huanqiu.com/sarons/2013/08/9675dcea9c95becda38228f7f8655000.jpg,NULL,5.56毫米,自动步枪,SAR 21突击步枪,2002年至今,,3.8千克,800米,805毫米,NULL,新加坡科技动力公司,30发,枪械与单兵,NULL,自动枪支,新加坡,NULL
{'$oid': '5cc9322d831b973d657f1974'},650发/分,http://images.huanqiu.com/sarons/2013/08/1812d4b037adea53e4fa959178e877b6.jpg,海湾战争，伊拉克战争 ,5.56毫米,自动步枪,大宇K2突击步枪,1987年至今,,3.3千克,600米,990毫米,NULL,韩国大宇集团,30发,枪械与单兵,NULL,自动枪支,韩国,NULL
{'$oid': '5cc9322d831b973d657f1975'},650发/分,http://images.huanqiu.com/sarons/2013/08/db1d12dcdce6a4e7cdb1256e23583ab6.jpg,NULL,5.56毫米,自动步枪,AK5突击步枪,1984年,"
该枪实际上是比利时FNFNC步枪的变型枪，为满足瑞典军方的要求，于20世纪80年代中期进行一系列综合性试验后对其做了大量改进。包括枪托、瞄准具、拉机柄、枪栓、快慢机、扳机护圈和背带环，使其能够更好地适应严寒作战环境以及方便戴着手套操作。该枪取消了三发点射机构，金属表面做了深绿色烤瓷，使得该枪很容易识别。
",3.9千克,400米,1008毫米,NULL,瑞典博福斯-埃斯基尔斯图纳公司,30发,枪械与单兵,NULL,自动步枪,瑞典,NULL
{'$oid': '5cc9322e831b973d657f1976'},650发/分,,NULL,5.56毫米,自动步枪,圣·巴巴拉CETME L型突击步枪,1984年-2001年,"
该枪实际上由西班牙国营圣·巴巴拉·奥维亚多兵工厂制造。军事装备技术研究中心（CETMF）是一家西班牙设计机构，二战后不久开始设计步枪，该中心设计的所有步枪都采用德国G3步枪的滚柱枪机延迟后坐式系统，最初的口径为7.92毫米，后来采用北约7.62毫米口径，而L型突击步枪的口径为5.56毫米。
",3.9千克,875米,930毫米,NULL,圣·巴巴拉·奥维亚多兵工厂,30发,枪械与单兵,NULL,自动步枪,西班牙,NULL
{'$oid': '5cc9322e831b973d657f1977'},800发/分,,NULL,5.65毫米,自动步枪,西格SG 540／542／543自动步枪,1977年-2002年,,3.6千克,500米,1000毫米,20000,西格公司,30发,枪械与单兵,NULL,自动步枪,瑞士,NULL
{'$oid': '5cc9322e831b973d657f1978'},600发/分,http://images.huanqiu.com/sarons/2013/08/2aa546107ed61fa955ba0532b9677861.jpg,NULL,7.65毫米,自动步枪,Stgw 57自动步枪,1957年-1983年,"
Stgw.57自动步枪是SIG公司在1954-1957年间研制的，该枪参考了德国的毛瑟StG.45突击步枪和西班牙CETME步枪的原理，但采用瑞士的7.5×55毫米口径步枪弹。该枪较重，但射击精度高、使用舒适，且以在各种恶劣气候条件下都有良好可靠性著称。后期型号西格510-4发射7.62毫米枪弹，它们之间的区别在于：Stgw57的机匣后方为直形枪托且使用胶枪包裹，而西格510-4采用下弯的木制枪托。
",4.3千克,600米,1016毫米,NULL,西格公司,24发,枪械与单兵,NULL,自动步枪,瑞士,NULL
{'$oid': '5cc9322e831b973d657f1979'},40发/分,http://images.huanqiu.com/sarons/2013/08/bf9d61d2814e02dfa610d1f5b0bb6e82.jpg,二战,6.5毫米,自动步枪,扬曼AG42自动步枪,1942年-1962年,,4.7千克,600米,1214毫米,NULL,瑞典卡尔·古斯塔 夫国营兵工厂制造,10发,枪械与单兵,NULL,自动步枪,瑞典,NULL
{'$oid': '5cc9322e831b973d657f197a'},NULL,http://images.huanqiu.com/sarons/2013/11/1330a275ec66f91604250b3fe8d0c6a7.jpg,NULL,9毫米,自动步枪,9毫米AS特种突击步枪,NULL,该突击步枪的设计目标是发射时无噪音无光焰，射程达到400米并能够发射破甲弹。承包商称该破甲弹能够穿透防弹衣和未装甲车辆。该枪配有特制的枪口消音器以降低噪音。能够安装光学或夜视瞄准镜，枪托可以折叠。,NULL,400米,878毫米,NULL,中央精密机械工程研究院(俄罗斯，莫斯科),20发,枪械与单兵,NULL,NULL,苏/俄,NULL
{'$oid': '5cc9322e831b973d657f197b'},700发/分,http://images.huanqiu.com/sarons/2013/11/ede96eb6ab87c74ba1428a2ef548f99e.jpg,NULL,7.62毫米,自动步枪,阿玛利特0.243毫米和7.62毫米AR-10B步枪,20世纪50年代,"
AR-10（Armalite Rifle 10）是一种由美国人尤金·斯通纳设计，弹匣供弹、气动式、气冷自动步枪，发射7.62 × 51毫米（.308寸）北约标准弹药。阿玛利特AR-10B 7.62毫米步枪的设计以20世纪50年代生产的AR-10为基础，但采用了现代化的零部件和制造技术。首先强调可靠性和功能性，其次尽可能使用与5.56毫米M16A2步枪相同的零部件。
",4.445千克,600米,1003毫米,NULL,阿玛利特股份有限公司(美国，伊利诺伊州),20发,枪械与单兵,NULL,半自动枪支,美国,NULL
{'$oid': '5cc9322e831b973d657f197c'},750发/分,http://images.huanqiu.com/sarons/2013/08/67f90866c12a9db6eb7a28a064026ff7.jpg,NULL,5.56毫米,自动步枪,Zastava M80自动步枪,1985年,,3.5千克,400米,990毫米,NULL,前南斯拉夫扎斯塔瓦武器公司,30发,枪械与单兵,NULL,自动步枪,前南斯拉夫,NULL
{'$oid': '5cc9322e831b973d657f197d'},900发/分,http://images.huanqiu.com/sarons/2013/11/6e4fe63f9b455d1dfc94569ada25d790.jpg,越南战争印马对峙柬埔寨内战斯里兰卡内战黎巴嫩内战萨尔瓦多内战1979年阿富汗战争入侵格林纳达福克兰战争索马里内战海湾战争南斯拉夫战争2006年以黎冲突伊拉克战争2001年阿富汗战争2008年南奥塞梯战争2011年利比亚内战墨西哥毒品战争,5.56毫米,自动步枪,柯特尔5.56毫米AR-15/M16系列步枪,1957年,,4千克,550米,1006毫米,80000000,柯尔特制造有限公司(美国，康涅狄格州),30发,枪械与单兵,NULL,NULL,美国,NULL
{'$oid': '5cc9322f831b973d657f197e'},800发/分,,NULL,5.56毫米,自动步枪,SR88A突击步枪,1990年至今,,3.68千克,400米,960毫米,NULL,新加坡轻兵器工业有限公司,30发,枪械与单兵,NULL,自动枪支,新加坡,NULL
{'$oid': '5cc9322f831b973d657f197f'},750发/分,,NULL,5.56毫米,自动步枪,5.56毫米HK短突击步枪,NULL,"
黑克勒-科赫HK53冲锋枪的枪膛使用5.56毫米×45毫米枪弹，工作原理与其他黑克勒-科赫生产的步枪和冲锋枪相似，都是使用滚轮系统延迟枪栓头的向后运动直至气压降低到一定数值，确保了整个枪栓部件安全反冲。
",3.77千克,1000米,1002毫米,NULL,黑克勒-科赫有限责任公司(德国，奥本多夫,30发,枪械与单兵,NULL,NULL,德国,NULL
{'$oid': '5cc9322f831b973d657f1980'},450发/分,http://images.huanqiu.com/sarons/2013/08/5e8db693d228f710e3417fa606d07a7b.jpg,二战,7.62毫米,自动步枪,勃朗宁自动步枪,1917年-1945年,,7.5千克,548米,1214毫米,NULL,柯尔特工业公司,20发,枪械与单兵,NULL,自动步枪,美国,NULL
{'$oid': '5cc9322f831b973d657f1981'},750发/分,,NULL,5.56毫米,自动步枪,5.56毫米G36突击步枪,1995年,G36是德国黑克勒-科赫在1995年推出的现代化突击步枪，发射5.56 × 45毫米北约制式子弹。导气式黑克勒-科赫5.56毫米G36突击步枪秉承了传统的设计，骨架式枪托可折叠到机匣右侧，缩短了长度，便于携带和存放或在狭窄的空间内进行射击。,3.8千克,1000米,1000毫米,NULL,黑克勒-科赫公司(德国，奥本多夫/内喀尔),30发,枪械与单兵,NULL,NULL,德国,NULL
{'$oid': '5cc9322f831b973d657f1982'},600发/分,,NULL,5.66毫米,自动步枪,5.66毫米ASP水下突击步枪,1970年,"
5.66毫米APS水下突击步枪为苏联于1970年代研制的一种水下枪械。该枪于1975年被军方正式采用，尽管水下武器在各海事特种部队服役已经有一定的历史，但该枪是第一个发布并公布细节的武器。专为水下作战而设计的，但也可在陆地上使用。
",3.4千克,100米,823毫米,NULL, 精密工程研究院(Institute of Precise Engineering，俄罗斯，伊塞夫斯克),26发,枪械与单兵,NULL,NULL,俄罗斯,NULL
{'$oid': '5cc9322f831b973d657f1983'},650发/分,http://images.huanqiu.com/sarons/2013/08/3f1d57983ebb8ae9102717087fceb130.jpg,海湾战争、南斯拉夫内战、科索沃战争、持久自由军事行动、伊拉克战争、2011年利比亚内战 ,7.62毫米,自动步枪,Zastava M70B1自动步枪,1974年-,,3.7千克,360米,900毫米,NULL,前南斯拉夫扎斯塔瓦武器公司,30发,枪械与单兵,NULL,自动步枪,前南斯拉夫,NULL
{'$oid': '5cc9322f831b973d657f1984'},750发/分,http://images.huanqiu.com/sarons/2013/08/ea534ff049b7e38eb63dbe3fafb03c0f.jpg,NULL,5.56毫米,自动步枪,OTs-14“暴风”突击步枪,1994年至今,,3.1千克,200米,700毫米,NULL,俄罗斯图拉兵工厂,30发,枪械与单兵,NULL,自动枪支,苏/俄,NULL
{'$oid': '5cc9322f831b973d657f1985'},700发/分,,NULL,5.56毫米,自动步枪,SG550、SG551和SG552“突击队”突击步枪,1984年,"
由瑞士工业公司即SIG公司研制，1981年得到军方认可。1983年2月，联邦议会决定采用，正式命名为SG550突击步枪，1984年初装备部队。SG550是标准型，供步兵部队使用。SG551是短枪管型，供坦克和装甲战车乘员使用。SG550结构简单，全枪重量轻，坚固耐用，可靠性好，机动性强，费/效比好，耐高温，抗严寒，是一支设计比较成功的小口径步枪。SG552是SIG公司在二次大战后以德国施梅瑟MP40冲锋枪为基础，为瑞士陆军发展了MP310冲锋枪，一直服役到1970年代，后来这一类武器随着突击步枪的普及，逐渐降低了在瑞士陆军中的重要性。
",4.05千克,400米,998毫米,NULL,SIG集团轻武器分部(瑞士，诺伊豪森),30发,枪械与单兵,NULL,NULL,瑞士,NULL
{'$oid': '5cc9322f831b973d657f1986'},900发/分,http://images.huanqiu.com/sarons/2013/11/3ff32e567c181c5b245e50deaac0af0e.jpg,NULL,5.45毫米,自动步枪,AEK-971突击步枪,20世纪70年代初期,,3.3千克,400米,965毫米,100,科夫罗夫基础机械设计局(Kovrov Machinebuilding Plant),30发,枪械与单兵,NULL,自动枪支,苏/俄,NULL
{'$oid': '5cc93230831b973d657f1987'},750发/分,http://images.huanqiu.com/sarons/2014/01/06153b56981f90c2607338c76aca2de4.jpg,NULL,7.62毫米,自动步枪,Mk14增强型战斗步枪,2004年,,5.1千克,500米,889毫米,NULL,美国海军水上作战中心分部，史密斯企业公司，美国夏伊战术公司，柯尔特防务系统，塞奇国际,20发,枪械与单兵,NULL,自动枪支,美国,NULL
{'$oid': '5cc93230831b973d657f1988'},900发/分,http://images.huanqiu.com/sarons/2013/11/2b4c449df72a28c057b1aa237f700d70.jpg,NULL,5.56毫米,自动步枪,M16A4自动步枪,21世纪初,"
M16A4自动步枪是M16自动步枪的一种改型，使用30发5.56毫米口径子弹装填的并具有3发点射功能的突击步枪。稳定的命中率和独特的3发点射功能充分体现了它瞬间火力强大的优点，但3发点射后是有较长延迟的。
",3.8千克,600米,1000毫米,NULL,柯尔特、FNMI,30发,枪械与单兵,NULL,自动枪支,美国,NULL
{'$oid': '5cc93230831b973d657f1989'},760发/分,http://images.huanqiu.com/sarons/2013/11/2dd847f79f68aeaee5343eeda4891e1d.jpg,2001年阿富汗战争,5.56毫米,自动步枪,cz805bren突击步枪,2011年至今,,3.6千克,500米,910毫米,NULL,捷克布罗德兵工厂,100发,枪械与单兵,NULL,自动枪支,捷克,NULL
{'$oid': '5cc93230831b973d657f198a'},750发/分,,NULL,5.56毫米,自动步枪,L和LC5.56毫米步枪,NULL,"
小口径步枪，质量小，适合现代战争的需要。是巴西专门为军队的特殊需求而量身定制的一款步枪。
",3.7千克,600米,1010毫米,NULL,巴西军用物资工业公司(巴西，Piqucte-sp),20发,枪械与单兵,NULL,NULL,巴西,NULL
{'$oid': '5cc93230831b973d657f198b'},750发/分,,NULL,5.56毫米,自动步枪,FNC5.56毫米突击步枪,1979年5月,,4.01千克,300米,997毫米,NULL,FN赫斯塔尔公司(比利时，赫斯塔尔),30发,枪械与单兵,NULL,NULL,比利时,NULL
{'$oid': '5cc93230831b973d657f198c'},1200发/分,http://images.huanqiu.com/sarons/2013/11/345e108dfe1b442814a9d50a0cc81aa0.jpg,NULL,5.45毫米,自动步枪,AN94自动步枪,1997年至今,,3.85千克,400米,405毫米,NULL,NULL,30发,枪械与单兵,NULL,NULL,苏/俄,NULL
{'$oid': '5cc93230831b973d657f198d'},850发/分,,NULL,5.56毫米,自动步枪,KH2002（Khaybar）自动步枪,2003年,,3.7千克,450米,780毫米,NULL,伊朗王国的国营防务工业组织,30发,枪械与单兵,NULL,NULL,伊朗,NULL
{'$oid': '5cc93230831b973d657f198e'},800发/分,http://images.huanqiu.com/sarons/2013/11/eb8e88d6db5334a68b9c9a4fafde076e.jpg,NULL,7.62毫米,自动步枪,A-91突击步枪,1990年至今,,3.97千克,400米,660毫米,NULL,KBP设计局,30发,枪械与单兵,NULL,NULL,苏/俄,NULL
{'$oid': '5cc93230831b973d657f198f'},1100发/分,,NULL,5.56毫米,自动步枪,FAMAS G25.56毫米突击步枪,NULL,"
FAMAS在我国称为“法玛斯”，于1967年开始研制，主设计师是轻武器专家保罗·泰尔。FAMAS G2基于G1的改进型，于1994推出，法国海军在1995年亦装备了20000支G2。
",4.17千克,600米,757毫米,NULL,法国地面武器工业集团(法国，凡尔赛),30发,枪械与单兵,NULL,NULL,法国,NULL
{'$oid': '5cc93231831b973d657f1990'},NULL,http://images.huanqiu.com/sarons/2013/11/b154f6856c715e8c1aec90eac8330c22.jpg,NULL,7.62毫米,自动步枪,Kel-Tec RFB步枪,2003年,"
Kel-Tec RFB（缩写及简称为RFB，全称：Rifle,Forward-ejection,Bullpup，意为：前抛壳型无托结构步枪）是一枝由美国佛罗里达州枪械公司Kel-Tec数控工业公司研制及生产的无托结构半自动战斗步枪，发射7.62 × 51 毫米北约/308 Winchester口径步枪子弹。
",3.67千克,600米,660毫米,NULL,美国佛罗里达州枪械公司Kel-Tec数控工业公司,30发,枪械与单兵,NULL,自动枪支,美国,NULL
{'$oid': '5cc93231831b973d657f1991'},680发/分,,NULL,5.56毫米,自动步枪,施泰尔5.56毫米AUG步枪,20世纪60年代后期,,4.9千克,1000米,900毫米,NULL,施泰尔-曼利夏有限公司(奥地利，维也纳),42发,枪械与单兵,NULL,NULL,澳大利亚,NULL
{'$oid': '5cc93231831b973d657f1992'},850发/分,http://images.huanqiu.com/sarons/2013/11/3294e813bcd106068670814e8f15ae22.jpg,NULL,5.56毫米,自动步枪,HKM27步兵自动步枪,2009年至今,"

HK M27步兵自动步枪（英语：HK M27 Infantry Automatic Rifle，简称：M27、IAR或M27 IAR，是美国海军陆战队对德国军火制造商黑克勒-科赫于2009年以HK416 5.56 × 45 毫米北约口径突击步枪枪管型重枪管版本的正式命名。
",3.6千克,800米,940毫米,NULL,NULL,30发,枪械与单兵,NULL,NULL,美国,NULL
{'$oid': '5cc93231831b973d657f1993'},NULL,,NULL,7.62毫米,自动步枪,AAC蜜獾式PDW突击步枪 ,2011年,,3千克,400米,737毫米,NULL,美国先进武器公司,30发,枪械与单兵,NULL,NULL,美国,NULL
{'$oid': '5cc93231831b973d657f1994'},750发/分,http://images.huanqiu.com/sarons/2013/11/290f357ff2495a32665c138ca9efe233.jpg,NULL,5.56毫米,自动步枪,MSBS Radon突击步枪,2007年,,3.7千克,400米,980毫米,NULL,阿切尔武器厂,30发,枪械与单兵,NULL,自动枪支,波兰,NULL
{'$oid': '5cc93231831b973d657f1995'},900发/分,http://images.huanqiu.com/sarons/2013/11/03c42ab3b608ccc1f04475474856b772.jpg,NULL,9毫米,自动步枪,AS Val微声自动步枪,1980年,,2.96千克,300米,875毫米,NULL,中央精密机械工程研究院,20发,枪械与单兵,NULL,NULL,苏/俄,NULL
{'$oid': '5cc93231831b973d657f1996'},NULL,http://images.huanqiu.com/sarons/2013/11/9876bdfaeeffd1fc8750b77e7471a3de.jpg,NULL,7.62毫米,自动步枪,R5 RGP 卡宾枪,NULL,,3.12千克,500米,852毫米,NULL,美国雷明顿公司,38发,枪械与单兵,NULL,NULL,美国,NULL
{'$oid': '5cc93232831b973d657f1997'},550发/分,http://images.huanqiu.com/sarons/2013/11/9be178f48da9ecdd739ff28695025202.jpg,NULL,5.56毫米,自动步枪,FAD无托突击步枪,2008年至今,"
FAD双重突击步枪（西班牙语：Fusil Automático Doble），简称FAD，是由秘鲁国有企业，司马电子元器件开发的一款无托式突击步枪。
",3.6千克,600米,814毫米,NULL,司马电子元器件,30发,枪械与单兵,NULL,NULL,秘鲁,NULL
{'$oid': '5cc93232831b973d657f1998'},710发/分,,墨西哥毒品战争,7.62毫米,自动步枪,国产86S自动步枪,1986年,"
国产86S自动步枪原本是我国一种无托步枪的试验枪，北方工业将其发扬光大，研制成为一种外贸枪。由于86S的外形问题，有些人误以为是一种全新的武器，实际上86S只是56式冲锋枪的无托型，各项性能指标也大同小异，只不过86S没有全自动射击的功能。
",3.6千克,400米,663毫米,2000,中国北方工业公司,30发,枪械与单兵,NULL,自动枪支,中国,NULL
{'$oid': '5cc93232831b973d657f1999'},40发/分,,NULL,5.56毫米,自动步枪,99式5.56mm自动步枪 ,1998年,"
99式5.56毫米自动步枪是在95式5.8毫米自动步枪基础之上研制而成，由白光瞄准镜和微光瞄准镜构成，可以安装5.8毫米枪族用多功能刺刀和快速装卸国产35毫米下挂防暴榴弹发射器发射35毫米系列防暴榴弹，可以实弹发射40毫米系列枪口榴弹。
",3.2千克,400米,755毫米,NULL,NULL,30发,枪械与单兵,NULL,导气式自动方式,中国,NULL
{'$oid': '5cc93232831b973d657f199a'},800发/分,http://images.huanqiu.com/sarons/2013/11/9b99468db1d83cea219c78e37fd038f9.jpg,NULL,5.56毫米,自动步枪,SIG SG 553卡宾枪,2009年至今,,3.4千克,450米,822毫米,NULL,Swiss Arms AG,30发,枪械与单兵,NULL,NULL,瑞士,NULL
{'$oid': '5cc93232831b973d657f199b'},600发/分,http://images.huanqiu.com/sarons/2013/11/aa3dba94ed931410a54d152140a7c059.jpg,NULL,5.56毫米,自动步枪,FN SCAR突击步枪,2009-现在,,3.12千克,500米,852毫米,NULL,美国FN公司,30发,枪械与单兵,NULL,NULL,比利时,NULL
{'$oid': '5cc93232831b973d657f199c'},700发/分,http://images.huanqiu.com/sarons/2013/11/27696890d71cc2a192df984d5cb85ae7.jpg,2001年阿富汗战争，墨西哥毒品战争,5.56毫米,自动步枪,ARX-160单兵武器,2009年至今,,3千克,600米,920毫米,NULL,伯莱塔公司,30发,枪械与单兵,NULL,NULL,意大利,NULL
{'$oid': '5cc93232831b973d657f199d'},700发/分,,NULL,5.8毫米,自动步枪,03式自动步枪,2003年至今,,3.5千克,500米,950毫米,NULL,中国北方工业集团公司,30发,枪械与单兵,NULL,NULL,中国,NULL
{'$oid': '5cc93232831b973d657f199e'},700发/分,http://images.huanqiu.com/sarons/2014/01/fb8a2fd69f3efb4f8684619dc0a55f68.jpg,NULL,5.56毫米,自动步枪,K11自动步枪,2009年,,6.1千克,500米,860毫米,NULL,韩国国防发展局,30发,枪械与单兵,NULL,自动枪支,韩国,NULL
{'$oid': '5cc93232831b973d657f199f'},900发/分,http://images.huanqiu.com/sarons/2014/01/5e9862d48a5b8c1aba2cb3624a776438.jpg,阿富汗战争，2011年利比亚内战，2011年叙利亚内战,5.56毫米,自动步枪,CQ突击步枪,1983年,,2.9千克,460米,987毫米,NULL,中国北方工业公司,30发,枪械与单兵,NULL,自动枪支,中国,NULL
{'$oid': '5cc93232831b973d657f19a0'},750发/分,http://images.huanqiu.com/sarons/2014/01/2c05c09aa4d48443fd2fdd22ae138e2a.jpg,六日战争,7.62毫米,自动步枪,加利尔自动步枪,1974年,,4.45千克,500米,987毫米,NULL,IMI公司,50发,枪械与单兵,NULL,NULL,以色列,NULL
{'$oid': '5cc93233831b973d657f19a1'},970发/分,http://images.huanqiu.com/sarons/2014/01/893ba686fdc85bfe97e2d42148cbb1b9.jpg,NULL,5.56毫米,自动步枪,CQ-5.56毫米A卡宾枪,NULL,"
基于M4/M4A1在伊拉克等局部战争中的出色表现，这个在原先研制的CQ5.56mm自动步枪的基础上开发了CQ5.56mm A卡宾枪。它的工作原理仍为导气式，主要运动部件枪机与枪机框也不变。弹种使用5.56毫米*45毫米(SS109枪弹)北约制式枪弹。
",3.3千克,460米,880毫米,NULL,中国北方工业公司,30发,枪械与单兵,NULL,NULL,中国,NULL
{'$oid': '5cc93233831b973d657f19a2'},650发/分,,一战，二战,7.62毫米,自动步枪,M1918自动步枪,1918年,"
勃朗宁自动步枪（Browning Automatic Rifle英文简称：BAR）。在第一次世界大战期间，美国军队参战后发现，在欧洲大陆环境恶劣的堑壕战中，他们缺乏密集的火力。1917年由武器设计师约翰·勃朗宁设计的一种可半自动或全自动步枪很快被军方选中，迅速投产，并被军方正式命名编号为M1918，勃朗宁自动步枪虽名为自动步枪但在使用时却往往作为轻机枪。
",7.25千克,1500米,1194毫米,NULL,约翰·勃朗宁,20发,枪械与单兵,NULL,自动枪支,美国,NULL
{'$oid': '5cc93233831b973d657f19a3'},810发/分,,越南战争,7.62毫米,自动步枪,布朗精密战术步枪,1969年,,6.63千克,900米,559毫米,NULL,雷明顿公司,20发,枪械与单兵,NULL,自动枪支,美国,NULL
{'$oid': '5cc93233831b973d657f19a4'},900发/分,,二战，德苏战争,8毫米,自动步枪,FG42伞兵步枪,1942年,"
FG42伞兵步枪（Fallschirmjägergewehr 42）是第二次世界大战期间德国空军专门为伞兵设计的自动步枪。FG42，虽然不是一种成功的战斗步枪，但其设计却很有意思，而且由于产量低，还不到7,000支，使这种步枪现在已经变得非常罕见，成为收藏家眼中的珍品。一支功能完好能够发射的FG42大概能卖个5万美元，而一支不能发射的FG42也能卖到1千至2千美元。
",4.5千克,550米,937毫米,7000,莱茵金属公司,20发,枪械与单兵,NULL,自动枪支,德国,NULL
{'$oid': '5cc93233831b973d657f19a5'},600发/分,http://images.huanqiu.com/sarons/2014/01/333656137a317a9593a0b0e3db488a79.jpg,NULL,5.56毫米,自动步枪,QBZ97自动步枪 ,1997年,"
QBZ97式自动步枪（1999年刚公布图片时曾被称为99式，在2000年的刊物上正式称为97式）是QBZ95式自动步枪的出口型，口径为西方国家流行的5.56mm NATO，主要是发射SS109规格的步枪弹。
",3.35千克,400米,758毫米,NULL,北方工业公司,30发,枪械与单兵,NULL,NULL,中国,NULL
{'$oid': '5cc93233831b973d657f19a6'},710发/分,http://images.huanqiu.com/sarons/2014/01/7c9841f40fccb3f9974822cd71ace01a.jpg,NULL,7.62毫米,自动步枪,MAK-90步枪,1990年,"
在84S型半自动步枪之后，中国北方工业公司又推出了MAK-90式半自动步枪。MAK-90是56式冲锋枪的改进型，主要面向民用市场，使用标准的7.62×39毫米枪弹，改装后也可使用5.56×45毫米北约制式枪弹。MAK-90推出不久，就成为美国销量最大的源自AK47设计的半自动步枪。
",3.745千克,400米,892毫米,NULL,中国北方工业公司,5发,枪械与单兵,NULL,NULL,中国,NULL
{'$oid': '5cc93233831b973d657f19a7'},600发/分,http://images.huanqiu.com/sarons/2014/02/1c7b2938eafe43b609213e76a3dd6655.jpg,NULL,7.62毫米,自动步枪,56-2式冲锋枪,1980年,,3.9千克,400米,874毫米,NULL,NULL,30发,枪械与单兵,NULL,NULL,中国,NULL
{'$oid': '5cc93233831b973d657f19a8'},600发/分,http://images.huanqiu.com/sarons/2014/01/fa27628260bfca615408bcc11a9e14dd.jpg,NULL,7.62毫米,自动步枪,QBZ56C型短突击步枪,1988年,,2.85千克,300米,764毫米,NULL,NULL,20发,枪械与单兵,NULL,导气式，可单、连发射击,中国,NULL
{'$oid': '5cc93233831b973d657f19a9'},NULL,http://images.huanqiu.com/sarons/2014/01/d2a51490c6555b5afa9576345bbaf1f7.jpg,NULL,7.62毫米,自动步枪,NHM-91步枪,1991年,,3.13千克,1000米,880毫米,NULL,中国北方工业公司,10发,枪械与单兵,NULL,NULL,中国,NULL
{'$oid': '5cc93234831b973d657f19aa'},777发/分,,NULL,7.62毫米,自动步枪,1956-C式7.62毫米短步枪,1990年,"
中国1990年12月定型投产的一种短自动步枪。是1956年式7.62毫米冲锋枪的变型枪。
",2.94千克,300米,765毫米,NULL,NULL,30发,枪械与单兵,NULL,自动枪支,中国,NULL
