型宽,名称,大类,编制,舰长,关注度,制造厂,_id,图片,次型,满载排水量,活动范围,下水时间,服役时间,前型,改装时,产国,火炮,射控装置,满排吨位,类型,建造时间,同型,简介,航速,自持力,水上排水量,导弹,现状,续航距离
72米,未来航空母舰,舰船舰艇,1650人,284米,NULL,NULL,{'$oid': '5cc93173831b973d657f1480'},http://images.huanqiu.com/sarons/2013/07/cf343c01fd30cc2ba5bf8cc852f94acc.jpg,NULL,60000吨,NULL,NULL,NULL,NULL,NULL,法国,NULL,NULL,50000吨以上,航空母舰,未知,NULL,法国DCN造船局已向法国军备局提交了PA-2航空母舰建造方案，它将作为现役“戴高乐”号航母的姊妹舰，但它换了“心脏”，放弃了“戴高乐”号的核动力，改回常规动力。高傲的法国人不得不屈身与英国合作，将自己的PA-2航母计划与英国CVF航母计划合并，采取“共同设计，模块化建造”的策略，尽可能降低成本。,27节,NULL,NULL,NULL,NULL,未公开
60米,“维克兰特”级常规动力航空母舰,舰船舰艇,1400人,262米,NULL,科钦船厂有限公司,{'$oid': '5cc93173831b973d657f1481'},http://images.huanqiu.com/sarons/2014/02/88027fc5a3b63b8a284a00958a960bd6.jpg,NULL,40000吨,NULL,NULL,NULL,NULL,NULL,印度,NULL,NULL,10000-50000吨,航空母舰,2009年,NULL,"



",28节,NULL,NULL,NULL,NULL,30节航速时8000英里
18.3米,CV-1/AV-3/Langley/兰利号航空母舰,舰船舰艇,468人,165米,(0.3分),马尔岛海军造船厂,{'$oid': '5cc93173831b973d657f1482'},http://images.huanqiu.com/sarons/2014/01/bf8cb8fa7ff450320e0ee5691cc5a9d3.jpg,NULL,19360吨,NULL,1912年,1913年,NULL,NULL,美国,NULL,NULL,10000-50000吨,航空母舰,1911年,NULL,兰利号（USS Langley，CV-1／AV-3）为美国第一艘舰队航空母舰，由运煤舰朱比特号改装而成，为美国海军航空兵力的先驱。代号改为航空母舰1号，或CV—1（ CV为美国海军航空母舰代字）。1936年退役，改装为水上机母舰，并改编号为AV-3。,15节,NULL,NULL,NULL,退役,10000海里/10节
64.4米,“查尔·戴高乐”级核动力航空母舰,舰船舰艇,1750人,261.5米,NULL,法国船舶建造局,{'$oid': '5cc93173831b973d657f1483'},http://images.huanqiu.com/sarons/2013/07/b62473bd3cb2f8a2c77478697fcd4eb2.jpg,NULL,42000吨,NULL,1994年5月,2001年5月18日,NULL,NULL,法国,NULL,NULL,10000-50000吨,航空母舰,1989年4月,NULL,戴高乐号航空母舰（Charles de Gaulle R91）是一艘隶属于法国海军的核动力航空母舰，除了是法国目前正在操作中的唯一一艘航空母舰外，也是法国海军的旗舰。正式成军于2001年5月18日，戴高乐号是法国史上拥有的第十艘航空母舰，其命名源自于法国著名的军事将领与政治家夏尔·戴高乐。,27节,NULL,NULL,NULL,现役,无限制
40.8米,“尼米兹”级核动力航空母舰,舰船舰艇,5680人,332.9米,(4分),纽波特纽斯造船及船坞公司,{'$oid': '5cc93173831b973d657f1484'},http://images.huanqiu.com/sarons/2013/07/a36c063922216cc5d54a5bfcf5db3643.jpg,NULL,101600吨,NULL,1972年5月13日,1875年5月3日,NULL,NULL,美国,NULL,NULL,50000吨以上,航空母舰,1968年6月22日,NULL,"
尼米兹级核动力航空母舰（英语：Nimitz Class Aircraft Carrier）是美国海军所使用的多用途超级航空母舰，自1975年时正式启用后美国一共建造了10艘同型舰。在后继的核动力航空母舰于2015年正式就役前，此级航空母舰占据了美军乃至于全世界最大军舰头衔数十年。所有尼米兹级航空母舰都是采核动力推进，装备4座升降机、4台蒸汽弹射器和4条拦阻索，可以每20秒弹射出一架作战飞机。舰载作战联队中的机型配备根据作战任务性质的不同也有所不同，可搭载不同用途的舰载飞机对敌方飞机、船只、潜艇和陆地目标发动攻击，并保护海上舰队。以它为核心的战斗群通常由4至6艘巡洋舰、驱逐舰、潜艇和补给舰只构成。
",30节,NULL,NULL,NULL,服役中,无限距离；20-25年
40.8米,CVN-77/布什号 航空母舰,舰船舰艇,5680人,332.9米,(4.6分),弗吉尼亚州新港纽斯造船厂（Newport News Shipbuilding）,{'$oid': '5cc93173831b973d657f1485'},http://images.huanqiu.com/sarons/2013/12/b7981669f7b389da1b2b92b0df115c10.jpg,NULL,101600吨,NULL,NULL,2009年1月10日,NULL,NULL,美国,NULL,NULL,50000吨以上,航空母舰,2001年,NULL,,30节,NULL,NULL,NULL,在役,无限距离；20-25年
40.5米,“企业”(EnterpriSe)级核动力航空母舰,舰船舰艇,5211人,342.3米,NULL,纽波特纽斯造船及船坞公司,{'$oid': '5cc93173831b973d657f1486'},http://images.huanqiu.com/sarons/2013/07/814518538f96e82540e17dfee341e243.jpg,NULL,85600吨,太平洋,1961年,1961年,NULL,NULL,美国,NULL,NULL,50000吨以上,航空母舰,1960年,企业号(CVN65),企业号航空母舰（英语：USS Enterprise，舷号CVN-65，中文也常被意译为进取号或勇往号），绰号大E（Big E），是美国海军及世界第一艘核动力航空母舰，为企业级航空母舰的首舰。她是美军第八艘以企业为名的军舰，舰名源自美国独立战争期间美军俘获并更名的一艘英国单桅纵帆船。,33节,NULL,NULL,NULL,2012年12月1日,无限
24.3米,“阿斯图里亚斯亲王”级反潜航空母舰,舰船舰艇,555人,195.9米,NULL,巴赞造船厂,{'$oid': '5cc93173831b973d657f1487'},http://images.huanqiu.com/sarons/2013/07/2879e7ea4c0ebdd856d261fb8d101b8c.jpg,NULL,17188吨,NULL,1985年5月22日,1988年5月30日,NULL,NULL,西班牙,NULL,NULL,10000-50000吨,航空母舰,1979年10月28日,NULL,西班牙航母“阿斯图里亚斯亲王”号是西班牙海军已退役的航空母舰，也是西班牙历来第三艘航空母舰。该舰为前西班牙海军舰队旗舰。舰名来自西班牙储君的封号。2008年全球金融海啸之后重创欧洲经济，西班牙军费总共删减高达25%。考虑到经费拮据，加上阿斯图里亚斯亲王号舰龄日高，操作与维修成本较为昂贵，2013年2月6日，阿斯图里亚斯亲王号在典礼中正式除役。,25节,NULL,NULL,NULL,退役,20节航速时6500英里
24米,“圣女贞德”级,舰船舰艇,627人,182米,NULL,NULL,{'$oid': '5cc93173831b973d657f1488'},http://images.huanqiu.com/sarons/2013/07/8908c6e7c41bec3767c7e5ff04a877ef.jpg,NULL,13270吨,NULL,1961年9月30日,1964年6月30日,NULL,NULL,法国,NULL,NULL,10000-50000吨,航空母舰,1960年7月7日,NULL,“贞德”号是法国第一艘专为装载直升机而设计的航空母舰。围绕着这艘军舰的命名问题，曾展开激烈的争论。法国海军部当时只好将舰名暂定为“无畏”号，直到4年以后才决定以15世纪法国历史上最著名的女民族英雄贞德的名字来命名，以勉励海军将士学习她为了民族利益视死如归的精神。,26.5节,NULL,NULL,NULL,2010年退役,15节航速下航程7500英里
75米,辽宁舰,舰船舰艇,1000人,304.5米,(4.1分),尼古拉耶夫造船厂/大连造船厂,{'$oid': '5cc93174831b973d657f1489'},http://images.huanqiu.com/sarons/2013/11/98a39f049b707334d7c41f133c9dec53.jpg,NULL,67500吨,NULL,1988年12月4日,2012年9月25日,瓦良格号,NULL,中国,NULL,NULL,50000吨以上,航空母舰,1985年12月6日,NULL,"
“辽宁”号航空母舰，官方名称为中国人民解放军海军辽宁舰，简称辽宁舰，舷号为16，是中国人民解放军海军第一艘可以搭载固定翼飞机的航空母舰，原来为苏联海军的“库兹涅佐夫元帅”级航空母舰的2号舰“瓦良格”号（俄文：Варяг；英文：Varyag）。
",29节,NULL,NULL,NULL,被中国改装后现在中国人民解放军海军服役,7000海里/18节；3850海里/32 节
30米,杰拉尔德·R·福特号航空母舰,舰船舰艇,4539人,332.8米,(4.6分),诺·格公司纽波特纽斯船厂,{'$oid': '5cc93174831b973d657f148a'},http://images.huanqiu.com/sarons/2014/02/2a9187a9c80744de62db31f52dd8b72f.jpg,NULL,100000吨,NULL,2013年11月9日,NULL,NULL,NULL,美国,NULL,NULL,50000吨以上,航空母舰,2007年1月16日,NULL,"
福特号航空母舰又称杰拉德·R·福特号（英语：USS Gerald R. Ford，舷号CVN-78），简称福特号，是美国海军最新一代核动力航空母，为福特级核动力航空母舰的首舰。
",30节,NULL,NULL,NULL,NULL,无限
31.7米,“圣·保罗”级常规动力航空母舰,舰船舰艇,1338人,265米,NULL,NULL,{'$oid': '5cc93174831b973d657f148b'},http://images.huanqiu.com/sarons/2013/07/af404e5d8eb97a4eaca5373eb3a4da4c.jpg,NULL,32780吨,NULL,1960年7月,1963年7月,“福煦”号航空母舰,NULL,法国,NULL,NULL,10000-50000吨,航空母舰,1957年2月,NULL, 圣保罗号航空母舰（SãoPaulo，A12），是巴西海军的旗舰。原名福熙号航空母舰，是法国克里蒙梭级航空母舰的第二艘，以法国著名将领福熙元帅命名，于2000年11月卖给巴西海军，改名为圣保罗号。,30节,NULL,NULL,NULL,NULL,18节航速时7000英里，24节航速时4800英里
39.6米,“小鹰”与“约翰F.肯尼迪”级常规动力航空母舰,舰船舰艇,5480人,323.6米,NULL,NULL,{'$oid': '5cc93174831b973d657f148c'},http://images.huanqiu.com/sarons/2013/07/32f772eabe0b369142f0cae8902fe51a.jpg,企业级,83960吨,NULL,1960年5月,1961年,佛瑞斯特级,NULL,美国,NULL,NULL,50000吨以上,航空母舰,1956年,小鹰号，星座号，美利坚号，肯尼迪号,"
小鹰级航空母舰（Kitty Hawk class aircraft carrier）是美国海军所拥有的一个传统动力超级航空母舰系列，是福莱斯特级航空母舰的大幅强化版本，也是美国最后一个传统动力航空母舰系列。
",32节,NULL,NULL,NULL,退役,30节航速时航程4000英里，20节航速时航程12000英里
30.5米,差克里-纳吕贝级,舰船舰艇,455人,182.6米,NULL,巴赞造船厂,{'$oid': '5cc93174831b973d657f148d'},http://images.huanqiu.com/sarons/2013/07/2cc7c372a3f20636b1f5f0fdaa0c9e22.jpg,NULL,11486吨,NULL,1996年1月20日,1997年3月27日,NULL,NULL,西班牙,NULL,NULL,10000-50000吨,航空母舰,1994年6月12日,阿斯图里亚斯号,"
差克里·纳吕贝特号航空母舰为泰国皇家海军所属的航空母舰，代号HTMS Chakri Naruebet R-911，制造国是西班牙，是世界上最小的航空母舰之一。差克里·纳吕贝特号服役后，泰国因而成为东南亚地区中唯一拥有航空母舰的国家。由于泰国财政状况在亚洲金融风暴后并不佳，维持这艘航舰的运作已经非常勉强。
",27节,NULL,NULL,NULL,在役,12节航速时10000英里
38.6米,“伊丽莎白女王”级航空母舰,舰船舰艇,1300人,292米,NULL,BAE系统公司水面舰艇，泰雷兹集团，巴布科克海事,{'$oid': '5cc93174831b973d657f148e'},http://images.huanqiu.com/sarons/2013/07/8dc436da7c525222cb267e9b712baaf3.jpg,NULL,65000吨,NULL,NULL,2016年,无敌级,NULL,英国,NULL,NULL,50000吨以上,航空母舰,2005年,NULL,"
伊丽莎白女王级航空母舰为英国皇家海军最新型的航空母舰，正有两艘于建造当中。一号舰伊丽莎白女王号（HMS Queen Elizabeth R08）将于2016年服役，二号舰威尔士亲王号（HMS Prince of Wales R09）则将于2018年开始服役。它是英国有史以来建造的最大的船舰和除美国之外世界上最强的航母。
",28节,NULL,NULL,NULL,NULL,航速16节可以连续航行10万海里
33.74米,独立级航空母舰,舰船舰艇,1569人,189.64米,NULL,NULL,{'$oid': '5cc93174831b973d657f148f'},,NULL,15200吨,NULL,NULL,NULL,NULL,NULL,美国,NULL,NULL,10000-50000吨,航空母舰,1943年,NULL,"
美国独立级航空母舰是二战时期美国为对付强大的日本联合舰队，1943年美国将9艘克利夫兰级改建独立级轻型航空母舰，即独立级航空母舰。
",31.5节,NULL,NULL,NULL,NULL,15节时为12500海里
70米,“库兹涅佐夫海军上将”级常规动力航空母舰,舰船舰艇,2626人,304.5米,NULL,NULL,{'$oid': '5cc93175831b973d657f1490'},http://images.huanqiu.com/sarons/2013/07/7d99bd5164fd00e9ef33d8dfd29332f7.jpg,NULL,58500吨,NULL,1985年12月5日,1991年1月22日,NULL,NULL,苏/俄,NULL,NULL,50000吨以上,航空母舰,1983年2月22日,NULL,,30节,45天,NULL,NULL,NULL,29节航速时3850英里，18节航速时8500英里
80.8米,CVN 21级航空母舰,舰船舰艇,4539人,255米,NULL,纽波特纽斯造船厂,{'$oid': '5cc93175831b973d657f1491'},http://images.huanqiu.com/sarons/2013/08/b37764833abffd3c49d075c2f0a2882d.jpg,NULL,10000吨,NULL,NULL,NULL,尼米兹级,NULL,美国,NULL,NULL,10000-50000吨,航空母舰,2007年,NULL,"
杰拉尔德·R·福特级航空母舰（Gerald R. Ford-class aircraft carriers，或简称为福特级航空母舰）是美国海军最新锐的次世代超级航空母舰系列，同时也是美军第三代核动力航空母舰。

在同级舰只中的一号舰福特号（USS Gerald R. Ford CVN-78）正式定名之前，此级航舰原本被称为CVN-X（“X”代表“次世代”之意），稍后又改为CVN 21未来航舰计划（CVN 21 Future Aircraft Carrier Program，其中“21”意指这是进入21世纪之后的第一个航舰设计）。

福特级预计最快会在2015年时开始服役，并规划在2058年之前建造10艘同级舰，成为美国海军舰队的新骨干。
",30节,NULL,NULL,NULL,NULL,未公开
32.3米,Lexington/列克星敦级航空母舰,舰船舰艇,2122人,270.8米,NULL,NULL,{'$oid': '5cc93175831b973d657f1492'},http://images.huanqiu.com/sarons/2013/12/a28bcc8316aafd656da1f7032dfc3b84.jpg,突击者号,43400吨,NULL,NULL,1927年12月14日-1942年5月8日,兰利号,NULL,美国,NULL,NULL,10000-50000吨,航空母舰,1921年1月8日-1925年10月3日,列克星敦号 (CV-2)萨拉托加号(CV-3),"
列克星敦级航空母舰（Lexington class aircraft carrier）是美国海军在第二次世界大战之前建造的一型航空母舰，也是美国海军第一种大型航空母舰。
",34节,NULL,NULL,NULL,NULL,10000海里/10节
21.79米,CVL-23/普林斯顿号/Princeton航空母舰 ,舰船舰艇,1569人,189.74米,NULL,纽约造船厂,{'$oid': '5cc93175831b973d657f1493'},,NULL,14750吨,NULL,1942年10月18日,1943年2月28日,NULL,NULL,美国,NULL,NULL,10000-50000吨,航空母舰,1941年6月2日,NULL,"
普林斯顿号（USS Princeton，CV/CVL-23）航空母舰是一艘隶属于美国海军的航空母舰，为独立级航空母舰的二号舰。她是美军第四艘以普林斯顿为名的军舰，纪念新泽西州的普林斯顿市。
",31节,NULL,NULL,NULL,退役,1.3万海里/15节
33.4米,“加里波第”级常规动力反潜航空母舰,舰船舰艇,550人,180米,NULL,芬坎蒂尼造船公司,{'$oid': '5cc93175831b973d657f1494'},http://images.huanqiu.com/sarons/2013/07/78c73cc5b71124e77560311ba640c215.jpg,NULL,13850吨,NULL,1983年6月11日,1985年9月30日,NULL,NULL,意大利,NULL,NULL,10000-50000吨,航空母舰,1981年3月,NULL,"
加里波第号航空母舰（Giuseppe Garibaldi，舰身编号551）是意大利海军旗下一艘现役的航空母舰，也是意大利海军目前的旗舰。加里波底号是以塔兰托作为母港，舰名起源于意大利名将朱塞佩·加里波第。“加里波第”号是由意大利芬坎蒂尼（Fincantieri）位于蒙法尔科内（Monfalcone）的船坞建造，1981年开工，1983年6月11日下水，1983年9月30日正式服役，该型航母整体设计可归算是反潜航母的一种。
",30节,NULL,NULL,NULL,现役,20节航速时7000英里
39.6米,CVL-22/独立号/Independence航空母舰,舰船舰艇,2900人,326.4米,NULL,纽约造船厂,{'$oid': '5cc93175831b973d657f1495'},,NULL,80643吨,NULL,1942年8月22日,1943年1月14日,NULL,NULL,美国,NULL,NULL,50000吨以上,航空母舰,1942年2月12日,NULL,"
独立号航空母舰（CVL-22）是一艘隶属于美国海军的航空母舰，为独立级航空母舰的首舰。她是美军第四艘以独立为名的军舰。1942年2月12日，独立号开始改建为航空母舰，更改舰名及舷号（由CL-59改为CV-22）；而海军则在3月18日修改建造合约。同年8月22日，独立号下水，并在1943年1月14日服役。7月15日，独立号等改装航空母舰被重编为轻型航空母舰，舷号改为CVL-22。
",33节,NULL,NULL,NULL,退役,8000海里/20节，4000海里/30节
39米,“加富尔”(Cavour)级常规动力航空母舰,舰船舰艇,1210人,235.6米,NULL,芬坎蒂尼造船公司,{'$oid': '5cc93175831b973d657f1496'},http://images.huanqiu.com/sarons/2013/07/cc0c3b17d76c2a6016784d26614d80ff.jpg,NULL,27100吨,NULL,2004年7月20日,2008年,NULL,NULL,意大利,NULL,NULL,10000-50000吨,航空母舰,2001年7月,NULL,,28节,NULL,NULL,NULL,NULL,16节航速时7000英里
33.4米,“维拉特”（“竞技神”）级常规动力航空母舰,舰船舰艇,1350人,180米,NULL,NULL,{'$oid': '5cc93175831b973d657f1497'},http://images.huanqiu.com/sarons/2014/02/0c564209e147bde3449553cfd42770ba.jpg,NULL,28700吨,NULL,NULL,NULL,NULL,NULL,英国,NULL,NULL,10000-50000吨,航空母舰,1944年,NULL,,30节,NULL,NULL,NULL,NULL,20节航速时7000英里
33.3米,CVL-30/圣贾辛托号/San Jacinto航空母舰,舰船舰艇,1569人,189.7米,NULL,纽约造船公司,{'$oid': '5cc93176831b973d657f1498'},http://images.huanqiu.com/sarons/2014/02/5b886445b84a2033eaaf4a6b6e4147f8.jpg,NULL,15100吨,NULL,NULL,NULL,NULL,NULL,美国,NULL,NULL,10000-50000吨,航空母舰,1942年10月26日,NULL,圣贾辛托号轻型航空母舰（USSSanJacintoCVL-30）是美国海军一艘活跃于二次大战期间的航空母舰，也是美国海军史上第二艘以圣哈辛托为名的战斗用船只（第一艘圣哈辛托号是一艘于1850年时下水的蒸汽快速战舰（Screwfrigate）。,31.5节,NULL,NULL,NULL,NULL,15节时为12500海里
33米,“伊势”号直升机母舰,舰船舰艇,380人,197米,NULL,IHI海洋联合横滨工厂,{'$oid': '5cc93176831b973d657f1499'},http://images.huanqiu.com/sarons/2013/11/dfd0b95cda885672d396ce8f98dfe5ac.jpg,出云级护卫舰,18000吨,NULL,2009年8月21日,2011年3月16日,白根级护卫舰,NULL,日本,NULL,NULL,10000-50000吨,航空母舰,2008年,日向号,"
日向级护卫舰（ひゅうが型護衛艦）是日本海上自卫队旗下的一个直升机护卫舰（Helicopter Destroyer, DDH）舰级。本级舰共两艘，首舰日向号于2006开工，2009年3月18日就役。二号舰伊势号，这一舰名源自日本古代的伊势国，即现在的三重县。于2011年3月16日就役。
",30节,NULL,NULL,NULL,在役,6000海里/20节
21.79米,CVL-24/贝劳伍德号/Beleau Wood航空母舰,舰船舰艇,1569人,189.74米,NULL,NULL,{'$oid': '5cc93176831b973d657f149a'},,NULL,14750吨,NULL,NULL,NULL,NULL,NULL,美国,NULL,NULL,10000-50000吨,航空母舰,NULL,NULL,“贝劳伍德”号航空母舰是美国“独立”级航母的第三艘，也是美海军第1艘以此名字命名的舰只。,31节,NULL,NULL,NULL,退役,1.3万海里/15节
21.79米,CVL-25/考佩斯号/Cowpens航空母舰,舰船舰艇,1569人,189.74米,NULL,纽约造船厂,{'$oid': '5cc93176831b973d657f149b'},,NULL,14750吨,NULL,1943年1月17日,1943年5月28日,NULL,NULL,美国,NULL,NULL,10000-50000吨,航空母舰,1941年11月17日,NULL,CV-25“考佩斯”号（USS Cowpens，CV/CVL-25/AVT-1）是美国海军“独立”级轻型航空母舰的第四艘。,31节,NULL,NULL,NULL,NULL,1.3万海里/15节
44.99米,埃塞克斯级航空母舰（Essex）,舰船舰艇,2631人,290.6米,NULL,NULL,{'$oid': '5cc93176831b973d657f149c'},http://images.huanqiu.com/sarons/2013/12/c0e7057019cbdacd9638f1a882a2af46.jpg,NULL,36380吨,NULL,NULL,1970年,NULL,NULL,美国,NULL,NULL,10000-50000吨,航空母舰,第二次世界大战前后,NULL,"
埃塞克斯级航空母舰是美国在第二次世界大战前后建造的航空母舰。她们是美国史上建造数量最多的大型航空母舰，并在太平洋战争及朝鲜战争担当主力，少数埃塞克斯级亦参与了越战。朝鲜战争后海军主要将埃塞克斯级重编为攻击航母及反潜航母，其后亦有改为两栖攻击舰、训练舰、甚或飞机运输舰。大部分埃塞克斯级于1960及1970年代陆续退役拆解，而少数则延至1980及1990年代。美国保留了四艘埃塞克斯级作博物馆舰，而一艘则凿沉作人工鱼礁。
",33节,NULL,NULL,NULL,退役,20000海里/15节 ；服役
33.3米,CVL-27/兰利号/Langley,舰船舰艇,1569人,189.7米,NULL,纽约造船厂,{'$oid': '5cc93176831b973d657f149d'},,NULL,15100吨,NULL,1943年5月22日,1943年-1963年,NULL,NULL,美国,NULL,NULL,10000-50000吨,航空母舰,1942年4月11日,NULL,"

",31.5节,NULL,NULL,NULL,NULL,15节时为12500海里
33.8米,“日向”级直升机母舰,舰船舰艇,360人,197米,NULL,IHI海洋联合横滨工厂,{'$oid': '5cc93177831b973d657f149e'},http://images.huanqiu.com/sarons/2013/11/e03dbd85b13c0b549f361295038bc39f.jpg,出云级护卫舰,17000吨,NULL,2007年8月23日,2009年3月18日,白根级护卫舰,NULL,日本,NULL,NULL,10000-50000吨,航空母舰,2006年,NULL,,30节,NULL,NULL,NULL,在役,航速20节时续航力达6000海里
33.3米,CVL-29/巴丹号/Bataan航空母舰,舰船舰艇,1569人,189.7米,NULL,NULL,{'$oid': '5cc93177831b973d657f149f'},,NULL,15100吨,NULL,NULL,NULL,NULL,NULL,美国,NULL,NULL,10000-50000吨,航空母舰,NULL,NULL,CV－29“巴丹”号是美国海军“独立”级航空母舰的第八艘，设计时命名为“水牛”号轻型巡洋舰（CL－99），是一艘隶属于美国海军的航空母舰，为独立级航空母舰的八号舰。它是美军第一艘以巴丹为名的军舰，纪念美军在太平洋战争早段落败投降的巴丹半岛战役。,31.5节,NULL,NULL,NULL,NULL,15节时为12500海里
33.38米,CV-6/“企业”号航空母舰/Enterprise,舰船舰艇,1990人,246.7米,NULL,纽波特纽斯造船及船坞公司,{'$oid': '5cc93177831b973d657f14a0'},http://images.huanqiu.com/sarons/2013/12/474c5b1c481e1dffc5abfd80b736b2ab.jpg,NULL,25560吨,NULL,1936年10月3日,1938年5月12日,NULL,NULL,美国,NULL,NULL,10000-50000吨,航空母舰,1934年7月16日,NULL,"
企业号航空母舰（英语：USS Enterprise，舷号CV-6，中文意译为进取号或勇往号），绰号大E（Big E），是一艘隶属于美国海军的航空母舰，为约克城级航空母舰的二号舰。它是美军第七艘以企业为名的军舰，舰名源自美国独立战争期间美军俘获并更名的一艘英国单桅纵帆船。
",32.5节,NULL,NULL,NULL,NULL,12000海里/15节
21.79米,CVL-26/蒙特里号/Monterey航空母舰,舰船舰艇,1569人,189.74米,NULL,NULL,{'$oid': '5cc93177831b973d657f14a1'},,NULL,14750吨,NULL,1943年2月,1943年6月,NULL,NULL,美国,NULL,NULL,10000-50000吨,航空母舰,1941年12月,NULL,"
蒙特里号航空母舰（CVL-26）是一艘隶属于美国海军的航空母舰，为独立级航空母舰的五号舰。她是美军第三艘以蒙里利为名的军舰，纪念美墨战争在加利福尼亚州的蒙特利战役。
",31节,NULL,NULL,NULL,NULL,13000海里/15节
44.99米,“埃塞克斯”号(CV-9)航空母舰,舰船舰艇,2631人,290米,NULL,纽波特纽斯造船及船坞公司,{'$oid': '5cc93177831b973d657f14a2'},http://images.huanqiu.com/sarons/2013/12/3801dc7279ea8920eed67d68d003cb21.jpg,NULL,36380吨,NULL,1942年7月31日,1969年6月30日,NULL,NULL,美国,NULL,NULL,10000-50000吨,航空母舰,1941年4月28日,NULL,"
埃塞克斯号航空母舰（舷号CV-9）是一艘隶属于美国海军的航空母舰，为埃塞克斯级航空母舰的首舰。她是美军第四艘以埃塞克斯为名的军舰，纪念1799年马萨诸塞州的埃塞克斯县居民捐赠第一艘埃塞克斯舰给美国政府。由于在二战表现出色，舰上水兵称之为海军最善战之军舰（The Fightingest Ship in the Navy）。
",33节,NULL,NULL,NULL,NULL,20000海里/15节 服役
21.79米,CVL-28/卡伯特号/Cabot航空母舰,舰船舰艇,1569人,189.7米,NULL,纽约造船厂,{'$oid': '5cc93177831b973d657f14a3'},,NULL,15100吨,NULL,1943年4月4日,1943年7月24日,NULL,NULL,美国,NULL,NULL,10000-50000吨,航空母舰,1942年3月16日,NULL,卡伯特号航空母舰（CVL-28）是一艘隶属于美国海军的航空母舰，为独立级航空母舰的七号舰。她是美军第二艘以卡伯特为名的军舰，纪念探险家乔瓦尼·卡波托。在1967年至1989年期间，卡伯特号转到西班牙海军服役，更名为戴达罗号（Dédalo）。,31节,NULL,NULL,NULL,NULL,15节时为12500海里
44.99米,CV-47/菲律宾海号/航空母舰,舰船舰艇,2631人,290.6米,NULL,霍河造船厂,{'$oid': '5cc93178831b973d657f14a4'},http://images.huanqiu.com/sarons/2013/12/dae513053b5a6ebb1a7dfd7b7f6c6b63.jpg,NULL,36380吨,NULL,1945年9月5日,1946年5月11日,NULL,NULL,美国,NULL,NULL,10000-50000吨,航空母舰,1944年8月19日,NULL,"
菲律宾海号航空母舰（舷号CV-47）是一艘隶属于美国海军的航空母舰，为埃塞克斯级航空母舰的24号舰，在非官方上亦是长舰体埃塞克斯级的14号舰。按舷号次序，她是最后一艘埃塞克斯级；而按建造日期则是福吉谷号。她是美军第一艘以菲律宾海为名的军舰，以纪念菲律宾海海战。舰名原为莱特（Wright），纪念莱特兄弟，在建造中途更改。
",33节,NULL,NULL,NULL,NULL,20000海里/15节 服役
44.99米,CV-45/福吉谷号/航空母舰,舰船舰艇,2631人,270.8米,NULL,费城造船厂,{'$oid': '5cc93178831b973d657f14a5'},,NULL,36380吨,NULL,1945年11月18日,1946年11月3日,NULL,NULL,美国,NULL,NULL,10000-50000吨,航空母舰,1944年9月7日,NULL,福吉谷号航空母舰（舷号CV-45）是一艘隶属于美国海军的航空母舰，为埃塞克斯级航空母舰的23号舰，在非官方上亦是长舰体埃塞克斯级的13号舰。她是美军第一艘以福吉谷（Valley Forge）为名的军舰，以纪念美国独立战争期间华盛顿与大陆军在1777年冬天艰苦驻扎的阵地。服役期间，福吉谷号亦获得了快活谷（Happy Valley）的绰号。福吉谷号于1944年9月7日在费城造船厂开始建造。1970年1月15日，福吉谷号正式退役，舰名亦于同日除藉。1971年10月29日，福吉谷号被海军出售拆解。,33节,NULL,NULL,NULL,NULL,20000海里/15节； 15440海里/15节（服役）
44.99米,CV-36/安提但号/航空母舰,舰船舰艇,2631人,270.8米,NULL,费城海军造船厂,{'$oid': '5cc93178831b973d657f14a6'},,NULL,36380吨,NULL,1944年8月,1945年1月,NULL,NULL,美国,NULL,NULL,10000-50000吨,航空母舰,1943年5月,NULL,"
安提坦号航空母舰（舷号CV-36）是一艘隶属于美国海军的航空母舰，为埃塞克斯级航空母舰的十八号舰，在非官方上亦是长舰体埃塞克斯级的八号舰。她是美军第二艘以安提坦为名的军舰，纪念南北战争马里兰会战的安提坦战役；该战役为美国本土战争中死亡人数最多的单日战事。
",33节,NULL,NULL,NULL,退役,20000海里/15节； 15440海里/15节（服役）
32.3米,CV-3/萨拉托加号/Saratoga　航空母舰,舰船舰艇,43400人,270.8米,NULL,纽约造船公司,{'$oid': '5cc93178831b973d657f14a7'},http://images.huanqiu.com/sarons/2014/01/f8fe4b5fd330f1ba2d6c4f456bf019b9.jpg,NULL,43400吨,NULL,1925年4月7日,1927年11月16日,NULL,NULL,美国,NULL,NULL,10000-50000吨,航空母舰,1920年9月25日,NULL,"
萨拉托加号航空母舰（USS Saratoga CV-3）是美国海军旗下第三艘航空母舰，也是美国海军各类船舰之中，第五艘承袭“Saratoga”之名的舰只。原本是以列克星敦级战列巡洋舰（Lexington class Battle Cruiser）三号舰的身份于1920年9月25日安放龙骨起造，萨拉托加号因为华盛顿海军条约的签署之故，在建造到一半的1922年7月1日被改为航空母舰使用，并且换上CV-3的舰体编号，于1925年4月7日完工下水。萨拉托加号是美国海军少数在第二次世界大战之前就已造好，并且安然度过大战战火的航空母舰之一（另两艘分别是企业号与突击者号），但在二战后除役的萨拉托加号被美国军方列入十字路行动（Operation Crossroads）的参与名单内，在位于比基尼环礁的核子武器试验中，因为原子弹的破坏而沉没，并于1946年8月15日自海军舰只名单中剔除。
",34节,NULL,NULL,NULL,除籍,10000海里/10节
44.99米,CV-14/提康德罗加号/航空母舰,舰船舰艇,2363人,296米,NULL,纽波特纽斯造船厂,{'$oid': '5cc93178831b973d657f14a8'},http://images.huanqiu.com/sarons/2013/12/be219c72f36add1dc43e37663caefc28.jpg,NULL,36380吨,NULL,NULL,1944年,NULL,NULL,美国,NULL,NULL,10000-50000吨,航空母舰,1943年,NULL,提康德罗加号航空母舰（舷号CV-14）是一艘隶属于美国海军的航空母舰，为埃塞克斯级航空母舰的六号舰，在非官方上亦是长舰体埃塞克斯级的首舰。她是美军第四艘以提康德罗加为名的军舰，以纪念美国独立战争中民兵攻占提康德罗加堡。提康德罗加号在1943年开始建造，舰名原为汉考克（Hancock），但在动工两个月后与CV-19调换舰名，更名为提康德罗加。1944年提康德罗加号服役，开始参与太平洋战争。战后提康德罗加号退役停放。,33节,NULL,NULL,NULL,退役,20000海里/15节 服役
44.99米,CV-38/香格里拉号/航空母舰,舰船舰艇,2631人,270.8米,NULL,诺福克造船厂,{'$oid': '5cc93178831b973d657f14a9'},http://images.huanqiu.com/sarons/2013/12/e972adefd285a6101aa91c339f3062a7.jpg,NULL,36380吨,NULL,1944年2月24日,1944年9月15日,NULL,NULL,美国,NULL,NULL,10000-50000吨,航空母舰,1943年1月15日,NULL,"
香格里拉号航空母舰（舷号CV-38）是一艘隶属于美国海军的航空母舰，为埃塞克斯级航空母舰的二十号舰，在非官方上亦是长舰体埃塞克斯级的十号舰。她是美军第一艘以香格里拉为名的军舰。

香格里拉号在1943年1月15日于诺福克造船厂开始建造，并在1944年2月24日下水，9月15日，香格里拉号正式服役，并开始在近岸训练。1971年7月30日，香格里拉号在波士顿海军船厂退役，并开始在后备舰队封存。

1982年7月15日，香格里拉号从海军名册上除籍，但要到1988年8月9日才被海军出售，由拖船拖往台湾高雄拆解。
",33节,NULL,NULL,NULL,退役,20000海里/15节； 15440海里/15节（服役）
33.4米,CV-4/游骑兵号/Ranger航空母舰,舰船舰艇,2148人,234.4米,NULL,纽波特纽斯造船厂,{'$oid': '5cc93178831b973d657f14aa'},http://images.huanqiu.com/sarons/2014/01/7094905113948f35edc9cf0b5af26ff0.jpg,NULL,17577吨,NULL,1933年2月25日,1934年6月4日,NULL,NULL,美国,NULL,NULL,10000-50000吨,航空母舰,1931年9月26日,NULL,"
“游骑兵”号（英文：USS Ranger，CV-4）为美国海军第一艘以航空母舰为目地而设计并制造的船舰。由于其较小的吨位与舰岛，狭窄的飞行甲板以及耐波性的问题，使得该舰型并未成为主流，后续的建造计划也被取消。但该舰在设计与操作中所产生的问题，为后续航舰的设计上提供了许多宝贵的经验。在第二次世界大战初期，游骑兵号是美国大西洋舰队里唯一的大型航空母舰。1944年转为训练航空母舰，负责训练夜间战斗机飞行员，以及其它战斗训练任务，大战结束之后很快的就退役，并被拆解。美国在战前就服役的八艘航舰里，“游骑兵”号，“萨拉托加”号，与“企业”号三艘存活到战后，而且“游骑兵”号是唯一没有跟日本海军交战的航舰。
",29.25节,NULL,NULL,NULL,除籍,10000海里/15节
44.99米,CV-19/汉科克号/航空母舰,舰船舰艇,3448人,270.8米,NULL,NULL,{'$oid': '5cc93179831b973d657f14ab'},,NULL,36380吨,NULL,1944年1月24日,1944年4月15日,NULL,NULL,美国,NULL,NULL,10000-50000吨,航空母舰,1943年1月26,NULL,1943年1月26日开工，1944年1月24日下水，1944年4月15日服役。1945年1月21日因爆炸受损。1945年4月7日被日本自杀飞机击中。1947年5月9日退役保存。1951年12月5日在Bremerton海军船厂进行SCB27C改装，1945年3月1日完工并重新服役。1952年大修期间重新设计为攻击航母。1956年4月13日到1956年11月15日在三藩海军船厂进行SCB125斜角甲板改装。此后，在越南战争中作为轻型航母。1975年6月30日，“汉科克”号被划归“多用途航空母舰”。1976年1月30日，“汉科克”号最终宣布退役，次日即从海军编制清单中除名。1976年9月1日，退役七个月的“汉科克”号出售给美国国防物资回收管理局。,33节,NULL,NULL,NULL,NULL,20000海里/15节； 15440海里/15节（服役）
33.38米,CV-5/约克城号航空母舰/Yorktown,舰船舰艇,1990人,246.74米,NULL,纽波特纽斯造船及船坞公司,{'$oid': '5cc93179831b973d657f14ac'},http://images.huanqiu.com/sarons/2013/12/905647f17586f0ffa6c76ed484c57cd5.jpg,NULL,25000吨,NULL,1936年4月4日,1937年9月30日,NULL,NULL,美国,NULL,NULL,10000-50000吨,航空母舰,1934年5月21日,NULL,"
约克城号航空母舰（英语：USS Yorktown，舷号CV-5）是一艘隶属于美国海军的航空母舰，为约克城级航空母舰的首舰。她是美军第三艘以约克城为名的军舰，纪念美国独立战争中的约克城围城战役。
",32.5节,NULL,NULL,NULL,NULL,12000海里/15节
32.3米,CV-2/列克星顿号/Lexington 航空母舰,舰船舰艇,2122人,270.8米,NULL,霍河造船公司,{'$oid': '5cc93179831b973d657f14ad'},http://images.huanqiu.com/sarons/2014/01/cfbeae65232bc952dd368663bbb20cfa.jpg,NULL,43400吨,太平洋,1925年10月3日,1927年12月14日,Lexington/列克星敦级,NULL,美国,NULL,NULL,10000-50000吨,航空母舰,1921年1月8日,NULL,"
列克星敦号航空母舰 (CV-2)是列克星敦级航空母舰的一号舰。在美军中她的绰号又有灰夫人（Gray Lady）或列夫人（Lady Lex）。预案中列克星敦号为战列巡洋舰，受1922年的华盛顿海军条约所限，她被改为重型航空母舰。尽管列克星敦号的性能良好，在太平洋战争早期的珊瑚海海战受到重创沉没。
",34节,NULL,NULL,NULL,除籍,10000海里/10节
44.99米,CV-37/普林斯顿号/航空母舰,舰船舰艇,3448人,270.8米,NULL,费城海军造船厂,{'$oid': '5cc93179831b973d657f14ae'},,NULL,36380吨,NULL,1945年7月8日,1945年11月18日,NULL,NULL,美国,NULL,NULL,10000-50000吨,航空母舰,1943年9月14日,NULL,普林斯顿号航空母舰（舷号CV-37）是一艘隶属于美国海军的航空母舰，为埃塞克斯级航空母舰的十九号舰，在非官方上亦是长舰体埃塞克斯级的九号舰。她是美军第五艘以普林斯顿为名的军舰，以纪念美国独立战争中的普林斯顿战役。普林斯顿号在1943年于费城海军造船厂开始建造，舰名原为福吉谷（Valley Forge）。后来轻型航空母舰普林斯顿号在莱特湾海战被日军击沉，海军将在费城建造中的航空母舰更名为普林斯顿号，以作纪念。1970年1月30日，普林斯顿号退役，并在同日除籍。1971年9月，海军将普林斯顿号出售拆解。普林斯顿号在朝鲜战争获得八颗战斗之星，并在越战获得五颗战斗之星。,33节,NULL,NULL,NULL,退役,20000海里/15节； 15440海里/15节（服役）
33.38米,“大黄蜂”号航空母舰（CV-8）/Hornet,舰船舰艇,1990人,246.74米,NULL,纽波特纽斯造船厂,{'$oid': '5cc93179831b973d657f14af'},http://images.huanqiu.com/sarons/2013/12/9bf33ad6571b2045f1037a571c4d4da8.jpg,NULL,25000吨,NULL,1940年12月14日,1941年10月20日,NULL,NULL,美国,NULL,NULL,10000-50000吨,航空母舰,1939年9月25日,NULL,"
大黄蜂号航空母舰（英语：USS Hornet，舷号CV-8）是一艘隶属于美国海军的航空母舰，为约克城级航空母舰的三号舰。她是美军第七艘以大黄蜂为名的军舰，源自美国独立战争时期大陆海军的一艘单桅纵帆船。
",32.5节,NULL,NULL,NULL,NULL,12000海里/15节
44.99米,胡蜂号航空母舰（CV-18）,舰船舰艇,2631人,290.6米,NULL,霍河造船厂,{'$oid': '5cc93179831b973d657f14b0'},http://images.huanqiu.com/sarons/2014/01/7bf85aa78252ce173e14322dd0ee644b.jpg,NULL,36380吨,NULL,1943年8月17日,NULL,NULL,NULL,美国,NULL,NULL,10000-50000吨,航空母舰,NULL,NULL,,33节,NULL,NULL,NULL,1973年5月21日出售拆解,20000海里/15节 ；服役
33.38米,Yorktown/约克城级,舰船舰艇,2217人,246.74米,NULL,纽波特纽斯造船厂,{'$oid': '5cc9317a831b973d657f14b1'},http://images.huanqiu.com/sarons/2014/01/91ef4cf73b5ec6a2088a42202edc56dd.jpg,NULL,25600吨,NULL,1936年,1937年,NULL,NULL,美国,NULL,NULL,10000-50000吨,航空母舰,1934年,NULL,"
约克城级航空母舰（英语：Yorktown Class aircraft carrier）是美国在战间期设计的航空母舰，前后一共建造3艘，是继列克星敦级与突击者级航空母舰后，美国设计的第三款舰队航空母舰。约克城级的设计受到华盛顿海军条约及伦敦海军条约的吨位限制，然而相比起上一代的突击者级，约克城级更适用于美国海军的战略及战术运用，既可搭载大量飞机，同时享有优越的速度与续航距离，只是水下防御有所不足。首两舰约克城号及企业号在第二次世界大战爆发前服役，而三号舰大黄蜂号则在裁军条约失效后赶工建造，赶及在太平洋战争爆发前服役。在埃塞克斯级于1943年底服役前，约克城级一直是美国海军于太平洋的中坚部队，其中约克城号及大黄蜂号均在此段时间战损沉没，而企业号则参与了太平洋战争大部分的战斗，在战后封存多年，最终拆解。
",33.65节,NULL,NULL,NULL,退役,12000海里/15节
44.99米,CV-11/勇猛号航空母舰,舰船舰艇,2631人,290.6米,NULL,纽波纽斯船厂,{'$oid': '5cc9317a831b973d657f14b2'},,NULL,36380吨,NULL,1943年4月,1943年8月,NULL,NULL,美国,NULL,NULL,10000-50000吨,航空母舰,1941年12月,NULL,,33节,NULL,NULL,NULL,在纽约保存,20000海里/15节 ；服役
33.74米,“巴丹”号航空母舰（CVL-29）/Bataan,舰船舰艇,1569人,189.64米,NULL,纽约造船厂,{'$oid': '5cc9317a831b973d657f14b3'},http://images.huanqiu.com/sarons/2013/12/57a97cd9bc673706b0dd7516b190237c.jpg,NULL,15200吨,NULL,1943年8月1日,1943年11月17日-1950年5月13日,NULL,NULL,美国,NULL,NULL,10000-50000吨,航空母舰,1942年8月31日,NULL,"
巴丹号航空母舰（CVL-29）是一艘隶属于美国海军的航空母舰，为独立级航空母舰的八号舰。她是美军第一艘以巴丹为名的军舰，纪念美军在太平洋战争早段落败投降的巴丹半岛战役。
",31.5节,NULL,NULL,NULL,退役,15节时为12500海里
44.99米,CV-21/拳师号 航空母舰,舰船舰艇,2631人,290.6米,NULL,纽波特纽斯造船厂,{'$oid': '5cc9317a831b973d657f14b4'},http://images.huanqiu.com/sarons/2013/12/3c0d23fc2a0e7e0bc2726daa0c5cf4cd.jpg,NULL,36380吨,NULL,1944年12月14日,1945年4月16日,NULL,NULL,美国,NULL,NULL,10000-50000吨,航空母舰,1943年9月13日,NULL,,33节,NULL,NULL,NULL,1971年3月13日出售拆解,20000海里/15节 ；服役
44.99米,“邦克山”号航空母舰（CV-17）,舰船舰艇,2631人,290.6米,NULL,霍河造船厂,{'$oid': '5cc9317a831b973d657f14b5'},,NULL,36380吨,NULL,1942年12月7日,1943年5月24日,NULL,NULL,美国,NULL,NULL,10000-50000吨,航空母舰,1941年9月15日,NULL,"
邦克山号航空母舰（USS Bunker Hill，舷号CV-17）是一艘隶属于美国海军的航空母舰，为埃塞克斯级航空母舰的九号舰。她是美军第一艘以邦克山为名的军舰，纪念美国独立战争中血腥的邦克山战役（Battle of Bunker hill）；舰上水兵昵称之为假日特快（Holiday Express）。
",33节,NULL,NULL,NULL,退役,20000海里/15节 ；服役
44.99米,CV-16/列克星敦号 航空母舰,舰船舰艇,2631人,290.6米,NULL,霍河造船厂,{'$oid': '5cc9317a831b973d657f14b6'},http://images.huanqiu.com/sarons/2013/12/0848c93d2512939a1696bac4bccba63c.jpg,NULL,36380吨,NULL,1942年9月26日,1943年2月17日,NULL,NULL,美国,NULL,NULL,10000-50000吨,航空母舰,1941年7月15日,NULL,"
列克星敦号航空母舰（USS LexingtonCV-16）是一艘隶属于美国海军的航空母舰，为埃塞克斯级航空母舰的八号舰。她是美军第五艘以列克星敦为名的军舰，纪念列克星敦和康科德战役；该战役为美国独立战争的首场战斗。
",33节,NULL,NULL,NULL,1992年6月15日捐赠博物馆,20000海里/15节 ；服役
44.99米,“富兰克林”号航空母舰(CV-13) ,舰船舰艇,2631人,290.6米,NULL,纽波特纽斯造船厂,{'$oid': '5cc9317b831b973d657f14b7'},http://images.huanqiu.com/sarons/2013/12/e3b77f483194f84a3dcc53c1a002a6f4.jpg,NULL,36380吨,NULL,1943年10月14日,1944年1月31日,NULL,NULL,美国,NULL,NULL,10000-50000吨,航空母舰,1942年12月7日,NULL,"
富兰克林号航空母舰(Franklin)由纽波纽斯船厂建造，是一艘隶属于美国海军的航空母舰。1942年12月7日开工，1943年10月14日下水，1944年1 月31日服役。1944年7月参加了硫磺岛空袭行动。1953年8月8日设计改装为反潜航母，1959年5月设计改装为飞机运送航母。1966年7月被卖出拆毁。
",33节,NULL,NULL,NULL,退役,20000海里/15节； 服役
44.99米,CV-32莱特号航空母舰,舰船舰艇,2631人,290.6米,NULL,纽波特纽斯造船厂,{'$oid': '5cc9317b831b973d657f14b8'},http://images.huanqiu.com/sarons/2013/12/74d68b6d2db2e0a88e12cc2f3a8d0e61.jpg,NULL,36380吨,NULL,1945年8月23日,1946年4月11日,NULL,NULL,美国,NULL,NULL,10000-50000吨,航空母舰,1944年2月21日,NULL,"
莱特号航空母舰(舷号CV-32)是一艘隶属于美国海军的航空母舰，为埃塞克斯级航空母舰的十五号舰，在非官方上亦是长舰体埃塞克斯级的五号舰。她原命名为王冠点(Crown Point)，以纪念美国独立战争的同名要塞，但在建造期间更名;这使之成为美军第三艘以莱特为名的军舰。
",33节,NULL,NULL,NULL,退役,20000海里/15节 ；服役
44.99米,CV-33/奇沙冶号,舰船舰艇,2631人,290.6米,NULL,纽约海军造船厂（NewYork Naval ),{'$oid': '5cc9317b831b973d657f14b9'},http://images.huanqiu.com/sarons/2014/01/474771ce4d8391b7a7677b5b29754429.jpg,NULL,36380吨,NULL,1945年5月,1946年3月,NULL,NULL,美国,NULL,NULL,10000-50000吨,航空母舰,1944年1月,NULL,,33节,NULL,NULL,NULL,1974年被出售拆解,20000海里/15节 ；服役
44.99米,“好人理查德”号航空母舰(CV-31),舰船舰艇,2631人,290.6米,NULL,布鲁克林造船厂,{'$oid': '5cc9317b831b973d657f14ba'},,NULL,36380吨,NULL,1944年4月29日,1944年11月26日,NULL,NULL,美国,NULL,NULL,10000-50000吨,航空母舰,1943年2月1日,NULL,"
好人理查德号航空母舰（英语：USS Bon Homme RichardCV-31）是一艘隶属于美国海军的航空母舰，为埃塞克斯级航空母舰的十四号舰。她是美军第二艘以法文“好人理查德”（Bon Homme Richard）为名的军舰，舰名为美国立国元勋本杰明·富兰克林的笔名，最早用于美国独立战争时期、法国赠送给约翰·保罗·琼斯的一艘军舰。
",33节,NULL,NULL,NULL,退役,20000海里/15节 ；服役
44.99米,CV-12/大黄蜂号,舰船舰艇,2631人,290.6米,NULL,纽波特纽斯造船厂,{'$oid': '5cc9317b831b973d657f14bb'},,NULL,36380吨,NULL,1943年8月30日,1943年11月29日,NULL,NULL,美国,NULL,NULL,10000-50000吨,航空母舰,1942年8月3日,NULL,"
大黄蜂号航空母舰（舷号CV-12）是一艘隶属于美国海军的航空母舰，为埃塞克斯级航空母舰的四号舰。她是美军第八艘以大黄蜂为名的军舰，舰名源自美国独立战争时期大陆海军的一艘单桅纵帆船。
",33节,NULL,NULL,NULL,1998年5月26日捐赠作博物馆舰,20000海里/15节 ；服役
44.99米,CV-40/塔拉瓦号,舰船舰艇,2631人,290.6米,NULL,诺福克造船,{'$oid': '5cc9317b831b973d657f14bc'},,NULL,36380吨,NULL,1945年,NULL,NULL,NULL,美国,NULL,NULL,10000-50000吨,航空母舰,1944年,NULL,,33节,NULL,NULL,NULL,NULL,20000海里/15节 ；服役
35.1米,CVL-48/塞班级/Saipan 航空母舰,舰船舰艇,1721人,208米,NULL,NULL,{'$oid': '5cc9317b831b973d657f14bd'},http://images.huanqiu.com/sarons/2013/12/9969e11b489d278cb4a0879102082885.jpg,NULL,14500吨,NULL,NULL,1975年,NULL,NULL,美国,NULL,NULL,10000-50000吨,航空母舰,1946年,NULL,"
CVL-48航空母舰仿效独立级，以巴尔的摩级重巡洋舰为基础改建的塞班级轻型航空母舰，其外形酷似独立级，但排水量稍大，和“突击者”号相仿。CVL-48于战后建成，在一段时间内被用作飞机运输舰。后来，又利用它的宽大飞行甲板和机库，改建成了指挥舰。
",33节,NULL,NULL,NULL,退役,8000海里/15节
44.99米,CV-15/伦道夫号,舰船舰艇,2631人,290.6米,NULL,NULL,{'$oid': '5cc9317c831b973d657f14be'},,NULL,36380吨,NULL,1944年,1945年,NULL,NULL,美国,NULL,NULL,10000-50000吨,航空母舰,1943年,NULL,,33节,NULL,NULL,NULL,NULL,20000海里/15节 ；服役
86米,CV-66/美国号 航空母舰,舰船舰艇,5480人,326米,NULL,纽波纽斯船厂,{'$oid': '5cc9317c831b973d657f14bf'},,NULL,81780吨,NULL,1964年,1965年,NULL,NULL,美国,NULL,NULL,50000吨以上,航空母舰,1961年,NULL,,30节,NULL,NULL,NULL,退役,4000海里/30节；12000海里/20节
35.1米,CVL-49/赖特号/Wright 航空母舰,舰船舰艇,1721人,208米,NULL,NULL,{'$oid': '5cc9317c831b973d657f14c0'},,NULL,14500吨,NULL,NULL,1947年,NULL,NULL,美国,NULL,NULL,10000-50000吨,航空母舰,1947年,NULL,"
CVL-49仿效独立级，以巴尔的摩级重巡洋舰为基础改建的塞班级轻型航空母舰，其外形酷似独立级，但排水量稍大，和“突击者”号想仿。于1943年9月登记注册，于战后建成，在一段时间内被用作飞机运输舰。后来，又利用它的宽大飞行甲板和机库，改建成了指挥舰。该舰用作指挥舰的时间不长，于1977年退役。
",33节,NULL,NULL,NULL,退役,8000海里/15节
33.3米,CV-22/独立号 航空母舰,舰船舰艇,1321人,189.7米,NULL,纽约造船厂,{'$oid': '5cc9317c831b973d657f14c1'},,NULL,15100吨,NULL,1942年,1943年,NULL,NULL,美国,NULL,NULL,10000-50000吨,航空母舰,1941年,NULL,,31.5节,NULL,NULL,NULL,退役,15节时为12500海里
31.1米,AVG-1/长岛号/LongIsland 航空母舰,舰船舰艇,970人,150米,NULL,NULL,{'$oid': '5cc9317c831b973d657f14c2'},,NULL,7886吨,NULL,NULL,1941年,NULL,NULL,美国,NULL,NULL,5000-10000吨,航空母舰,1941年,NULL,"
1940年10月，美国总统罗斯福批准将一批商船改装成护航航空母舰。即所谓在运输船队前方展开，用舰载机侦察、攻击潜艇，或引导水面舰只实施攻击的小型航空母舰。根据总统的命令，1941年用“莫麦克梅尔”号货船改装而成的长岛号，是美国的第一艘护航航空母舰。二战期间，美国凭借雄厚的工业实力，共建造了124艘护航航空母舰，其中有38艘提供给了英国皇家海军。美国海军护航航空母舰舰种代号最初为AVG，后改为ACV，不久又改为AVE。长岛号于1946年退役，后解体。
",16节,NULL,NULL,NULL,退役,NULL
44.99米,CV-39/张伯伦湖号,舰船舰艇,2631人,290.6米,NULL,费城海军船厂,{'$oid': '5cc9317c831b973d657f14c3'},,NULL,36380吨,NULL,1944年,1945年,NULL,NULL,美国,NULL,NULL,10000-50000吨,航空母舰,1943年,NULL,,33节,NULL,NULL,NULL,退役,20000海里/15节 ；服役
44.99米,CV-10/约克城号,舰船舰艇,2631人,290.6米,NULL,NULL,{'$oid': '5cc9317d831b973d657f14c4'},,NULL,36380吨,NULL,NULL,NULL,NULL,NULL,美国,NULL,NULL,10000-50000吨,航空母舰,1941年,NULL,,33节,NULL,NULL,NULL,退役,20000海里/15节 ；服役
86米,CV-67/肯尼迪号 航空母舰,舰船舰艇,5480人,326米,NULL,纽约造船公司,{'$oid': '5cc9317d831b973d657f14c5'},,NULL,81780吨,NULL,1967年,1968年,NULL,NULL,美国,NULL,NULL,50000吨以上,航空母舰,1964年,NULL,,30节,NULL,NULL,NULL,NULL,4000海里/30节，12000海里/20节
44.99米,CV-20/本宁顿号,舰船舰艇,2631人,290.6米,NULL,布鲁克林造船厂,{'$oid': '5cc9317d831b973d657f14c6'},,NULL,36380吨,NULL,1944年,1945年,NULL,NULL,美国,NULL,NULL,NULL,航空母舰,1942年,NULL,,33节,NULL,NULL,NULL,NULL,20000海里/15节 ；服役
44.99米,CV-34/奥里斯坎尼号,舰船舰艇,2631人,290.6米,NULL,布鲁克林造船厂,{'$oid': '5cc9317d831b973d657f14c7'},,NULL,36380吨,NULL,1945年,NULL,NULL,NULL,美国,NULL,NULL,10000-50000吨,航空母舰,1944年,NULL,,33节,NULL,NULL,NULL,退役,20000海里/15节 ；服役
34.8米,桑加蒙级/Sangamon 航空母舰,舰船舰艇,1080人,168.7米,NULL,NULL,{'$oid': '5cc9317d831b973d657f14c8'},,NULL,24275吨,NULL,NULL,1940年,NULL,NULL,美国,NULL,NULL,10000-50000吨,航空母舰,1939年,NULL,"
桑加蒙级护航航空母舰是美国改装而成的一型航母。1942年用油船改建的护航航空母舰，当时C3货船船体不足，而战事的发展又急需护航航空母航。考虑到根据1936年商船建造计划建造的油船船体较大、航速较快，便将其中4艘改建为桑加蒙级。
",18节,NULL,NULL,NULL,退役,23900海里/15节
34米,博格级护航航空母舰,舰船舰艇,890人,151.2米,NULL,NULL,{'$oid': '5cc9317e831b973d657f14c9'},http://images.huanqiu.com/sarons/2013/12/cb01aa9dffe8dfd7739b6ff4a3591e83.jpg,NULL,15400吨,大西洋,NULL,NULL,NULL,NULL,美国,NULL,NULL,10000-50000吨,航空母舰,NULL,NULL,"
博格级护航航空母舰（Bogue class escort carrier）是美国海军在美国卷入第二次世界大战后大量建造的一个护航航空母舰级别。该级舰只全部是以C3-S-A1货船为船身基础，再于其上加装机库和飞行甲板而成。
",18节,NULL,NULL,NULL,退役,26300海里/15节
20.2米,射手级航母/ARCHER ,舰船舰艇,555人,150米,NULL,NULL,{'$oid': '5cc9317e831b973d657f14ca'},,NULL,9000吨,NULL,NULL,1941年,NULL,NULL,美国,NULL,NULL,5000-10000吨,航空母舰,NULL,NULL,"
1940年10月，美国总统罗斯福批准将一批商船改装成护航航空母舰。即所谓在运输船队前方展开，用舰载机侦察、攻击潜艇，或引导水面舰只实施攻击的小型航空母舰。射手号航空母舰于1941年建成。
",16.5节,NULL,NULL,NULL,退役,NULL
23米,科芒斯曼特湾/Commencementbay 航空母舰,舰船舰艇,1066人,170米,NULL,托德太平洋船厂，西雅图塔科玛造船公司,{'$oid': '5cc9317e831b973d657f14cb'},,NULL,24500吨,NULL,NULL,1945-1971年,NULL,NULL,美国,NULL,NULL,10000-50000吨,航空母舰,1943-1945年,NULL,"
“科芒斯曼特湾”级护航航母以美国联邦海事局的T3型油轮船体为研制基础，与多数早期由其他船舶改装而成的护航航母不同，“特芒斯曼特湾”级最初就设计建造为护航航母。其布局类似“桑加蒙”级护航航母，但后者具有的一些工程缺陷却被改良。到1960年时，该级护航航母全部退役。
",19节,NULL,NULL,NULL,退役,NULL
39.5米,福莱斯特级/Forrestal 航空母舰,舰船舰艇,4676人,331米,NULL,NULL,{'$oid': '5cc9317e831b973d657f14cc'},,NULL,81163吨,NULL,NULL,NULL,NULL,NULL,美国,NULL,NULL,50000吨以上,航空母舰,NULL,NULL,"
福莱斯特级航空母舰（Forrestal-class）是美国海军在第二次世界大战结束后，首批为配合喷射机的诞生而建造的航空母舰。在本级船舰开始发展前，美国海军原本预计建造一系列为数5艘的美国级航空母舰（United States Class），但计划因种种原因而取消，并导致当时支持此计划的国防部长詹姆斯·佛瑞斯特（James Forrestal）自杀。因此事件本级航空母舰的一号舰被命名为佛瑞斯特号，而成为本舰级命名。
",33节,NULL,NULL,NULL,退役,8000海里/节，4000海里/30节
NULL,统治者级/Ruler 航空母舰,舰船舰艇,NULL,NULL,NULL,加拿大船厂,{'$oid': '5cc9317e831b973d657f14cd'},,NULL,NULL,NULL,NULL,NULL,NULL,NULL,美国,NULL,NULL,NULL,航空母舰,NULL,NULL,"
1943年5月到1944年2月英国皇家海军租借的最后一批护航航空母舰，原先属于美国海军威廉亲王级，共26艘，大小和射手级相似，但装备有所改善。由于完工时间较晚，除为船队护航外，还担任了支援登陆作战和辅助航空母舰的任务。
",NULL,NULL,NULL,NULL,退役,NULL
39.5米,CV-59/福莱斯特号 航空母舰,舰船舰艇,4676人,331米,NULL,NULL,{'$oid': '5cc9317e831b973d657f14ce'},http://images.huanqiu.com/sarons/2013/12/8aaec2bc2db6f47bc4a0a88e0a84994c.jpg,NULL,81163吨,NULL,NULL,1955年,NULL,NULL,美国,NULL,NULL,50000吨以上,航空母舰,1952年7月,CV-60 萨拉托加号，CV-61 突击者号，CV-62 独立号,,33节,NULL,NULL,"3座Mk29八联装“北约海麻雀”对空导弹发射装置；火炮",已经退出现役， 转入预备役或担负训练舰任务,8000海里/节，4000海里/30节
41米,CVB-41中途岛/Midway 航空母舰,舰船舰艇,3253人,295米,NULL,纽波特纽斯造船厂,{'$oid': '5cc9317f831b973d657f14cf'},http://images.huanqiu.com/sarons/2013/12/4a043be1f251214f87a2e39cddc9bd70.jpg,NULL,60100吨,NULL,1945年,1945年9月10日,NULL,NULL,美国,NULL,NULL,50000吨以上,航空母舰,1943年,NULL,,33节,NULL,NULL,NULL,2003年7月9日捐赠作博物馆舰,NULL
19.9米,卡萨布兰卡级/Casablanca 航空母舰,舰船舰艇,800人,156.1米,NULL,Henry J. Kaiser公司和波特兰的Oregon S.B. 公司,{'$oid': '5cc9317f831b973d657f14d0'},,NULL,10200吨,NULL,NULL,NULL,NULL,NULL,美国,NULL,NULL,10000-50000吨,航空母舰,NULL,NULL,"
随着战局的发展，美国总统罗斯福强调要多造护航航空母舰。为此，海事委员会提出了批量生产的方案，凭借美国工业的强大实力，只一年时间，美国船厂便造出了50艘护航航空母舰，并命名为卡萨布兰卡级。卡萨布兰卡级可算是美国最著名的一级护航航母，不但在建造数量上远超其他几级，在战争中的表现也可圈可点。因航速和装甲等方面的限制，护航航母一般不直接参加与日军的战斗，多担负对岸轰炸和支援任务。
",20节,NULL,NULL,NULL,退役,11200海里/18节
86米,CV-63/小鹰号 航空母舰,舰船舰艇,5624人,326米,NULL,纽约造船公司（New York Shipbuilding）,{'$oid': '5cc9317f831b973d657f14d1'},http://images.huanqiu.com/sarons/2013/12/51096d9cdda42386b8ad989ab7e9d1cf.jpg,NULL,81985吨,NULL,1960年5月21日,1961年4月29日,NULL,NULL,美国,NULL,NULL,50000吨以上,航空母舰,1956年12月27日,星座号（USS Constellation CV-64），美利坚号（USS America CV-66）及肯尼迪号（USS John F. Kennedy CV-67）,,30节,NULL,NULL,NULL,退役除籍,4000海里/30节，12000海里/20节
41.45米,CVB-42/罗斯福号 航空母舰,舰船舰艇,3583人,295.05米,NULL,纽约布鲁克林造船厂,{'$oid': '5cc9317f831b973d657f14d2'},http://images.huanqiu.com/sarons/2013/12/d969d83f186a66fd7a1c2515b6c1d318.jpg,NULL,60100吨,NULL,1945年4月29日,1945年10月27日,NULL,NULL,美国,NULL,NULL,50000吨以上,航空母舰,1943年12月1日,NULL,,33节,NULL,NULL,NULL,1978年4月11日出售拆解,20000海里/15节； 服役
40.8米,CVN-69/艾森豪威尔号/Eisenhower  航空母舰,舰船舰艇,5680人,332.9米,NULL,纽波特纽斯造船及船坞公司 ,{'$oid': '5cc9317f831b973d657f14d3'},http://images.huanqiu.com/sarons/2013/12/4a3b621ac89d1ce0057cc4c5092b2bed.jpg,NULL,101600吨,NULL,1975年10月11日,1977年10月18日,NULL,NULL,美国,NULL,NULL,50000吨以上,航空母舰,1970年8月15日,NULL,"
德怀特·D·艾森豪威尔号航空母舰（USS Dwight D. Eisenhower CVN-69），或简称为艾森豪威尔号航空母舰，是美国尼米兹级核动力航空母舰的二号舰。舰名承袭自参加过第二次世界大战的美国第34任总统德怀特·艾森豪威尔，因此也与艾森豪威尔总统一样，经常被昵称为“艾克”（Ike）。
",30节,NULL,NULL,NULL,服役中,无限距离；20-25年
40.8米,CVN-71/罗斯福号 航空母舰,舰船舰艇,5680人,332.9米,NULL,纽波特纽斯造船及船坞公司,{'$oid': '5cc93180831b973d657f14d4'},http://images.huanqiu.com/sarons/2013/12/4f685c835bf1c8617c6e0019055dc5a7.jpg,NULL,101600吨,NULL,1984年10月27日,1986年10月25日,NULL,NULL,美国,NULL,NULL,50000吨以上,航空母舰,1981年10月31日,NULL,,30节,NULL,NULL,NULL,在役,无限距离；20-25年
40.8米,CVN-70/卡尔.文森号/Carl Vinson 航空母舰,舰船舰艇,5680人,332.9米,NULL,纽波纽斯船厂,{'$oid': '5cc93180831b973d657f14d5'},,NULL,101600吨,NULL,1980年,1982年,NULL,NULL,美国,NULL,NULL,50000吨以上,航空母舰,1975年,NULL,,30节,NULL,NULL,NULL,现役,无限距离；20-25年
41.45米,CVB-43/珊瑚海/Coral Sea 航空母舰,舰船舰艇,3583人,295米,NULL,纽波特纽斯造船厂,{'$oid': '5cc93180831b973d657f14d6'},http://images.huanqiu.com/sarons/2013/12/98bf0fa96ce4724c7d84695a043a411f.jpg,NULL,60100吨,NULL,1946年4月2日,1947年10月1日,NULL,NULL,美国,NULL,NULL,50000吨以上,航空母舰,1944年7月10日,NULL,,33节,NULL,NULL,NULL,2000年9月8日拆除,20000海里/15节； 服役
40.8米,CVN-72/林肯号/Lincoln 航空母舰,舰船舰艇,5680人,332.9米,NULL,纽波特纽斯造船及船坞公司 ,{'$oid': '5cc93180831b973d657f14d7'},http://images.huanqiu.com/sarons/2013/12/b7f108c9c78542c3fb5ea135d7716c83.jpg,NULL,101600吨,NULL,1988年2月13日,1989年11月11日,NULL,NULL,美国,NULL,NULL,50000吨以上,航空母舰,1984年11月3日,NULL,"
亚伯拉罕·林肯号航空母舰（USS Abraham Lincoln CVN-72），或林肯号航空母舰，是美国尼米兹级核动力航空母舰的五号舰，由纽波特纽斯造船厂（Newport News Shipyard）承造，起造于1984年，1988年下水。林肯号是以带领美国走过南北战争的第16任总统亚伯拉罕·林肯为名，是美国海军第二艘使用这名字的船舰——第一艘以林肯为名的军舰是1960年时下水的华盛顿级核动力弹道潜艇──林肯号（USS Abraham Lincoln SSBN-602）。
",30节,NULL,NULL,NULL,服役中,无限距离；20-25年
86米,CV-64/星座号 航空母舰,舰船舰艇,5480人,326米,NULL,布鲁克林造船厂,{'$oid': '5cc93180831b973d657f14d8'},http://images.huanqiu.com/sarons/2013/12/2d8970946635fe06ee88be33cf40cc85.jpg,NULL,81780吨,NULL,1960年10月8日,1961年10月27日,NULL,NULL,美国,NULL,NULL,50000吨以上,航空母舰,1957年9月14日,小鹰号航空母舰，美利坚号航空母舰,,30节,NULL,NULL,NULL,2003年8月6日退役,4000海里/30节，12000海里/20节
40.8米,CVN-75/杜鲁门号/Truman 航空母舰,舰船舰艇,5680人,332.9米,NULL,纽波特纽斯造船及船坞公司 ,{'$oid': '5cc93180831b973d657f14d9'},http://images.huanqiu.com/sarons/2013/12/e1a7eac8339127ac64c61d0a7dd1214d.jpg,NULL,101600吨,NULL,1996年9月7日,1998年7月25日,NULL,NULL,美国,NULL,NULL,50000吨以上,航空母舰,1993年11月29日,NULL,"
哈利·S·杜鲁门号航空母舰（USS Harry S. Truman CVN-75），或直接称杜鲁门号航空母舰，是美国海军尼米兹级核动力航空母舰的八号舰，1993年11月29日在纽波特纽斯造船及船坞公司铺设龙骨起造，最初命名“美国号”，1995年2月在铺放龙骨之前改名杜鲁门号，1996年9月7日命名，同年9月13日开始正式下水，1998年1月船员开始登舰，1998年6月11日通过造船厂的测试，6月25日完成试航，是世界上最新造的几艘超大型作战用船舰之一。本来造船厂测试和试航计划在1998年5月进行，但是由于一座反应堆在水压试验时产生的噪声使得这些测试被推迟。杜鲁门号是以美国第33任总统哈利·杜鲁门命名。该舰于1998年7月25日编入美国大西洋舰队服役，母港维吉尼亚州诺福克海军基地。
",30节,NULL,NULL,NULL,服役中,无限距离；20-25年
40.8米,CVN-68/尼米兹号 航空母舰,舰船舰艇,5680人,332.8米,NULL,纽波特纽斯造船及船坞公司,{'$oid': '5cc93180831b973d657f14da'},http://images.huanqiu.com/sarons/2013/12/84091c92d6eacc0dbe8f690b2b50370d.jpg,NULL,101600吨,NULL,1972年5月13日,1975年5月3日,NULL,NULL,美国,NULL,NULL,50000吨以上,航空母舰,1968年6月22日,NULL,,30节,NULL,NULL,NULL,在役,无限距离；20-25年
39.5米,CV-61/突击者号 航空母舰,舰船舰艇,4676人,331米,NULL,纽波纽斯船厂,{'$oid': '5cc93180831b973d657f14db'},http://images.huanqiu.com/sarons/2013/12/19a54cc00753cfce9c8e43ac0e56d4ab.jpg,NULL,81163吨,NULL,1956年9月29日,1957年8月10日,NULL,NULL,美国,NULL,NULL,50000吨以上,航空母舰,1954年8月2日,NULL,"
“突击者”号航空母舰1957年10月3日加入美国大西洋第三舰队。次日开进关塔那摩美国海军基地。1958年6月20日调离诺福克，绕过南美洲的合恩角，来到美国西海岸的阿拉梅达港，加入太平洋舰队。
",33节,NULL,NULL,NULL,1947年1月28日被卖出拆毁,8000海里/节，4000海里/30节
40.8米,CVN-73/华盛顿号/George Washington 航空母舰,舰船舰艇,5680人,332.9米,NULL,纽波特纽斯造船及船坞公司,{'$oid': '5cc93181831b973d657f14dc'},,NULL,101600吨,NULL,1990年,1992年,NULL,NULL,美国,NULL,NULL,50000吨以上,航空母舰,1986年,NULL,,30节,NULL,NULL,NULL,现役,无限距离；20-25年
41.45米,CVB-41/中途岛级航空母舰/Midway,舰船舰艇,3583人,295.05米,NULL,纽波特纽斯造船厂,{'$oid': '5cc93181831b973d657f14dd'},,NULL,60100吨,NULL,1945年,1945年,NULL,NULL,美国,NULL,NULL,50000吨以上,航空母舰,1943年,NULL,,33节,NULL,NULL,NULL,退役,20000海里/15节； 服役
40.8米,CVN-76/里根号/Ronald Reagan 航空母舰,舰船舰艇,5680人,332.9米,NULL,纽波特纽斯船厂,{'$oid': '5cc93181831b973d657f14de'},,NULL,101600吨,NULL,2000年,2001年,NULL,NULL,美国,NULL,NULL,50000吨以上,航空母舰,1998年,NULL,,30节,NULL,NULL,NULL,现役,无限距离；20-25年
40.8米,CVN-74/约翰·C·斯坦尼斯号 航空母舰,舰船舰艇,5680人,332.9米,NULL,纽波特纽斯造船及船坞公司,{'$oid': '5cc93181831b973d657f14df'},http://images.huanqiu.com/sarons/2013/12/1bb9fa8fc16ec1d6a6e4ec0adfdfb413.jpg,NULL,101600吨,NULL,1993年11月11日,1995年12月9日,NULL,NULL,美国,NULL,NULL,50000吨以上,航空母舰,1991年3月13日,NULL,"
约翰·C·斯坦尼斯号航空母舰（USS John C. Stennis CVN-74），或直接称斯坦尼斯号航空母舰，是美国尼米兹级核动力航空母舰的七号舰，是以来自密西西比州、著名的美国参议员约翰·C·斯坦尼斯命名的。于1993年下水，1995年12月9日正式服役，母港为华盛顿州布雷默顿，以其为核心的航空母舰战斗群目前是美国海军主力的海外武力单位之一。
",30节,NULL,NULL,NULL,在役,无限距离；20-25年
22米,笠置号/Kasagi ,舰船舰艇,1556人,227.35米,NULL,三菱长崎造船所,{'$oid': '5cc93181831b973d657f14e0'},http://images.huanqiu.com/sarons/2013/12/f2002963b29b9c139c99c13cb0f2e025.jpg,NULL,22400吨,太平洋,NULL,NULL,NULL,NULL,日本,NULL,NULL,10000-50000吨,航空母舰,NULL,NULL,笠置号是日本云龙级中型航空母舰的 4 号舰。在中途岛海战大败后，日本海军决定建造十五艘云龙级，分别从 5001 号舰到 5015 号舰，其中笠置号属于 5004 号舰。十五只计划空母里面，实际开工的也只有五艘，分别是 5001 号舰天城号、5003 号舰葛城号、5004 号舰笠置号、5006 号舰阿苏号、5007 号舰生驹号。跳号的 5002 号舰与 5005 号舰本来预定在横须贺海军工厂建造，但是由于该工厂正在用来改造航母信浓号，所以停止了建造。,34节,NULL,NULL,NULL,NULL,8000海里/18节
18米,祥凤号/Shoho,舰船舰艇,785人,205.5米,NULL,Yokosuka海军船厂,{'$oid': '5cc93181831b973d657f14e1'},http://images.huanqiu.com/sarons/2013/12/6bfb3e2cf0c947da94756d9df45edbf4.jpg,NULL,14200吨,NULL,NULL,NULL,给油舰剑埼号,NULL,日本,8门八九式127毫米口径防空高射炮+12门九六式25毫米高射机炮。,NULL,10000-50000吨,航空母舰,1939年1月15 日,NULL,,28节,NULL,NULL,NULL,NULL,7800海里/18节
26米,翔鹤号/Shokaku 航空母舰,舰船舰艇,1660人,257.5米,NULL,NULL,{'$oid': '5cc93181831b973d657f14e2'},http://images.huanqiu.com/sarons/2013/12/dba016ed3ff13cda038073198ce20ae4.jpg,大凤级,32105吨,太平洋，印度洋,NULL,1941年8月,飞龙级,NULL,美国,NULL,NULL,10000-50000吨,航空母舰,1937年12月,翔鹤号，瑞鹤号,,34.2节,NULL,NULL,NULL,1944年6月19日被击沉（翔鹤）,9700里/19节
22米,云龙号/Unryu,舰船舰艇,1595人,227.35米,NULL,横滨海军造船厂,{'$oid': '5cc93181831b973d657f14e3'},http://images.huanqiu.com/sarons/2013/12/8da4a05a5947a4cb9f2ac42eb4b31816.jpg,NULL,22400吨,NULL,1943年9月25日,1944年12月,NULL,NULL,日本,"127 毫米双联装高射炮 6 座，三联装 25 毫米高炮 21 座，单管 25 毫米高炮 30 座，120 毫米 28 联装防空火箭。",NULL,10000-50000吨,航空母舰,1942年8月1日,NULL,,34节,NULL,NULL,NULL,1944年12月19日被击沉,8000里/18节
21.5米,千岁号/Zuiho,舰船舰艇,784人,185.93米,NULL,吴海军工厂,{'$oid': '5cc93182831b973d657f14e4'},http://images.huanqiu.com/sarons/2013/12/e98ecd5ee56c42bf49565297dd8cc0ae.jpg,NULL,13600吨,太平洋,1936年11月29日,1938年7月25日,NULL,"40口径12.7厘米连装高角炮4座，25毫米3连装机枪10座。",日本,NULL,NULL,10000-50000吨,航空母舰,1934年11月26日,千代田,,29节,NULL,NULL,NULL,（航空母舰时）,11810里/18节
26米,瑞鹤号/Zuikak,舰船舰艇,1660人,257.5米,NULL,川崎重工业神户造船厂,{'$oid': '5cc93182831b973d657f14e5'},http://images.huanqiu.com/sarons/2013/12/b0c4c6b7b774e804e6c7428fdbe95059.jpg,NULL,32105吨,太平洋,1939年11月27日,1941年9月25日,NULL,NULL,日本,NULL,NULL,10000-50000吨,航空母舰,1938年5月25日,翔鹤号航空母舰,,34.2节,NULL,NULL,NULL,1945年8月26日除籍,9700里/18节
22米,葛城/Katsuragi  航空母舰,舰船舰艇,1556人,227.35米,NULL,吴海军工厂,{'$oid': '5cc93182831b973d657f14e6'},,NULL,20400吨,太平洋,1944年10月15日,NULL,NULL,NULL,日本,NULL,NULL,10000-50000吨,航空母舰,1942年12月8日,NULL,葛城号航舰第二次世界大战末期，日本于1941年11月所立案的“战时建造计划”中预定量产的第二号中型航舰，同时也是云龙级航舰的三号舰。葛城号是日本海军建造的航舰中最后完成的一艘航舰，其舰名来自于奈良县的大和葛城山。,34节,NULL,NULL,NULL,1946年11月30日于日立造船厂解体,8000海里/18节
53米,基辅级航空母舰,舰船舰艇,1600人,274米,NULL,NULL,{'$oid': '5cc93182831b973d657f14e7'},http://images.huanqiu.com/sarons/2013/12/ccee4bb83f67b3942892b183544534c8.jpg,库兹涅佐夫级,43500吨,NULL,NULL,1975年,莫斯科级,NULL,苏/俄,NULL,NULL,10000-50000吨,航空母舰,1970年,“基辅”号，“明斯克”号，“新罗西斯克”号，“戈尔什科夫”号,"
基辅级航空母舰，苏联称为Авианесущие крейсера проекта 1143，代号：Кречет（海东青），苏联航空母舰的一个级别。是苏联第一种固定翼舰载机航空母舰，原本苏联海军希望该航母是类似于美国小鹰级航空母舰（即计划1153：奥廖尔，Проект 1153 «Орёл»），然而较小型的基辅级设计被认为更符合成本效益。
",32节,NULL,NULL,NULL,NULL,18节13500海里
18米,凤翔级/Hosho航空母舰,舰船舰艇,550人,168.25米,NULL,浅野造船厂,{'$oid': '5cc93182831b973d657f14e8'},http://images.huanqiu.com/sarons/2013/12/9780ea8e288c999e1de453e97ef1ba2d.jpg,NULL,10600吨,NULL,1921年11月13日,1922年12月22日,NULL,NULL,日本,NULL,NULL,10000-50000吨,航空母舰,1919年12月16日,NULL,"
凤翔级是世界上第一级作为航空母舰来建造的舰艇，只有1艘凤翔号。凤翔号是世界上第一艘专门作为航空母舰来建造的军舰，虽然开工比英美的航空母舰晚，下水却早几个月，因此世界上第一艘真正的航空母舰的桂冠就带了它的头上。二十年代时，为日本海军航空母舰战术和甲板飞行训练积累了经验。
",25节,NULL,NULL,NULL,NULL,10000里/14节， 8000里/15节
21.3米,苍龙号/Soryu 航空母舰,舰船舰艇,1103人,227.5米,NULL,吴港(Kure)海军船厂,{'$oid': '5cc93182831b973d657f14e9'},http://images.huanqiu.com/sarons/2013/12/400127b983acce65163fe46d61d244b0.jpg,NULL,19800吨,NULL,1935年12月23日,1937年12月,NULL,NULL,日本,NULL,NULL,10000-50000吨,航空母舰,1934年11月20日,“飞龙”号航母,,34.5节,NULL,NULL,NULL,1942年6月沉没,7680里/18节
20.42米,神威号/Kamoi ,舰船舰艇,324人,151.18米,NULL,纽约造船公司,{'$oid': '5cc93182831b973d657f14ea'},http://images.huanqiu.com/sarons/2013/12/da5c41478516c1bc4e0067cfd0a85199.jpg,NULL,17000吨,NULL,NULL,NULL,NULL,NULL,日本,NULL,NULL,10000-50000吨,航空母舰,1922  年,NULL,"
神威号（KAMOI）是由纽约造船公司（New York Shipbuilding Corporation）于 1922年制造的供油船，是日本帝国海军在战前最后一艘在海外制造的船只。用于进行电力推进船的研究，是日本海军唯一用电力作动力的船只，由于经济指数不佳而未推广采用。
",15节,NULL,NULL,NULL,NULL,8000海里/7节
22.5米,冲鹰号航空母舰/Chuyo ,舰船舰艇,747人,180.24米,NULL,NULL,{'$oid': '5cc93182831b973d657f14eb'},http://images.huanqiu.com/sarons/2013/12/cd4d5e5e01f8774e1d56d9a077fef916.jpg,NULL,17830吨,NULL,1939年5月20日,1942年11月25日,NULL,NULL,日本,NULL,NULL,50000吨以上,航空母舰,NULL,大鹰号，云鹰号,"
这是日本第一型护航航母，由17000吨级的豪华邮轮改装而来。冲鹰号航空母舰的前身是日本邮船公司的邮轮新田丸，原本想行走欧亚航线但第二次世界大战的欧战爆发后祇能行走北美航线，随着美日关系因中日战争而变得日渐紧张，主要用于训练和飞机运输。
",21节,NULL,NULL,NULL,NULL,8500海里/18节航速
36.3米,信浓号/Shinano,舰船舰艇,2400人,266.1米,NULL,横须贺海军工厂,{'$oid': '5cc93183831b973d657f14ec'},http://images.huanqiu.com/sarons/2013/12/2ceed2f7a8396ddbdf3acc11db212fe9.jpg,NULL,72890吨,NULL,1944年10月8日,1944年11月18日,NULL,NULL,日本,NULL,NULL,50000吨以上,航空母舰,1940年5月4日,NULL,"
“信浓”号原本是二战日本海军“大和”级战列舰的第三号舰，在中途岛海战后的航母增势计划中被列为航母改造舰。1940年由横须贺海军工厂开始建造，1944年11月19日竣工，后由于军舰发生右倾沉没。
",27节,NULL,NULL,NULL,NULL,10000 海里/18 节
26米,翔鹤级/Shokaku,舰船舰艇,1660人,257.5米,NULL,NULL,{'$oid': '5cc93183831b973d657f14ed'},http://images.huanqiu.com/sarons/2013/12/97da0c50a4b2efa8ca764c124dc6c3b5.jpg,大凤级,32105吨,NULL,NULL,NULL,飞龙级,NULL,日本,NULL,NULL,10000-50000吨,航空母舰,NULL,翔鹤、瑞鹤,"
翔鹤级航空母舰（日语：翔鶴型航空母艦）是旧日本海军在太平洋战争爆发前设计建造的航空母舰，在美国海军的艾塞克斯号航空母舰尚未服役前，翔鹤级可称为当时最强的航空母舰之一。同型舰两艘：“翔鹤”号、“瑞鹤”号。两舰均在第二次世界大战太平洋战争期间被美军击沉。
",34.2节,NULL,NULL,NULL,NULL,9700里/19节
29.6米,加贺号/Kaga航空母舰,舰船舰艇,1708人,247米,NULL,NULL,{'$oid': '5cc93183831b973d657f14ee'},http://images.huanqiu.com/sarons/2013/12/89a32efbbe7bec6ebe58982e4e34f622.jpg,NULL,43600吨,NULL,1921年11月17日,1928年3月21日,NULL,NULL,日本,NULL,NULL,10000-50000吨,航空母舰,1920年7月,NULL,"
加贺号(かが/Kaga)航空母舰是旧日本海军设计建造的航空母舰。原始设计是战列舰，作为“八八舰队计划”的一部分，1920年7月开工，由神户川崎船厂(カワサキ/kawasaki)建造。1921年11月17日下水。按照1922年签订的华盛顿海军条约规定，“加贺”号1922年停工，原计划解体。日本将停建的主力舰的“天城”号、“赤城”号改装为航空母舰。1923年日本发生关东大地震，在船厂的“天城”号因龙骨被扭曲而报废，日本遂将原定停建销毁的舰体稍小的战列舰“加贺”号接替“天城”号，改造为航空母舰。
",28节,NULL,NULL,NULL,NULL,10000里/16节
29米,赤城号/Akagi 航空母舰,舰船舰艇,1630人,261米,NULL,广岛县吴市吴海军工厂 ,{'$oid': '5cc93183831b973d657f14ef'},http://images.huanqiu.com/sarons/2013/12/93ad6ce8abc99f36d224483e75171006.jpg,NULL,41300吨,NULL,1925年4月22日,1927年3月25日,NULL,NULL,日本,NULL,NULL,10000-50000吨,航空母舰,1920年12月6日,NULL,"
赤城（あかぎ）是日本海军的航空母舰。赤城号原始建造规划为天城级战列巡洋舰，在华盛顿海军条约规定下预定赤城号与姐妹舰天城号停工将进行航空母舰改造工程，后来因关东大地震的破坏天城号毁坏严重因此报废。本舰为日本帝国海军在信浓号以前第二大的航空母舰，并以第一航空战队旗舰的名号服役了25年，并参加了太平洋战争初期重要的海战，后于中途岛海战中遭到击沉。
",31节,NULL,NULL,NULL,除籍,8200海里/16节
20.32米,龙骧号/Ryujo轻型航空母舰,舰船舰艇,924人,179.9米,NULL,横须贺工厂,{'$oid': '5cc93183831b973d657f14f0'},http://images.huanqiu.com/sarons/2013/12/791c0e92d0b5976fe512e0f61a0bb33c.jpg,NULL,12732吨,NULL,1931年4月2日,NULL,NULL,NULL,日本,NULL,NULL,10000-50000吨,航空母舰,1929年11月26日,NULL,"
龙骧号(Ryujo)是日本海军的航空母舰，横滨三菱造船厂1929年11月26日开工，1931年4月2日下水，1933年5月9日完工。曾参与二战。
",29节,NULL,NULL,NULL,NULL,10000里/14节
21.3米,苍龙级/Soryu 航空母舰,舰船舰艇,1103人,227.5米,NULL,NULL,{'$oid': '5cc93183831b973d657f14f1'},http://images.huanqiu.com/sarons/2013/12/17231de0e8565adc99967c263828dc10.jpg,NULL,19800吨,NULL,1935年12月23日,NULL,NULL,NULL,日本,NULL,NULL,10000-50000吨,航空母舰,1934年11月20日,NULL,"
苍龙级是日本海军的主力航母之一，包括苍龙号（Soryu）和飞龙号（Hiryu）。苍龙号是日本海军第一艘专门建造的大型航母，飞龙号的改动很大，已经基本上可以视作另外一个级别。
",34.5节,NULL,NULL,NULL,NULL,7680里/18节
22米,云龙级/Unryu,舰船舰艇,1595人,227.35米,NULL,NULL,{'$oid': '5cc93183831b973d657f14f2'},http://images.huanqiu.com/sarons/2013/12/544c36b4c17427e0d0986c8076546a39.jpg,NULL,22400吨,NULL,NULL,NULL,NULL,NULL,日本,NULL,NULL,10000-50000吨,航空母舰,1941年8月,NULL,"
云龙级航空母舰为第二次世界大战时，日本海军航空母舰一个级别，也是日本帝国海军最后一款量产的航空母舰。
",34节,NULL,NULL,NULL,NULL,8000里/18节
22.32米,飞龙号/Hiryu航空母舰,舰船舰艇,1103人,227.35米,NULL,横须贺海军工厂,{'$oid': '5cc93183831b973d657f14f3'},http://images.huanqiu.com/sarons/2013/12/b366b6d00e3c931e588506049b36bc0f.jpg,NULL,21900吨,NULL,1937年11月16日,1939年7月5日,NULL,NULL,日本,NULL,NULL,10000-50000吨,航空母舰,1936年7月8日,NULL,"
“飞龙”号(Hiryu)(ひりゅう)航空母舰属“苍龙”级中型舰队航母，与之前建造的带有浓厚实验性的“凤翔”号，以及主力舰改装航母“赤城”、“加贺”不同，“苍龙”级是日本帝国海军设计建造的第一型专用航空母舰。

加贺
",34.5节,NULL,NULL,NULL,NULL,8000里/14节
18.14米,祥凤级/Shoho 航空母舰,舰船舰艇,NULL,205.5米,NULL,横滨海军造船厂,{'$oid': '5cc93184831b973d657f14f4'},,NULL,14200吨,NULL,1936年,1940年,NULL,NULL,日本,NULL,NULL,10000-50000吨,航空母舰,1935年,NULL,,28节,NULL,NULL,NULL,退役,NULL
18米,瑞凤号/Zuiho 航空母舰,舰船舰艇,13100人,205.5米,NULL,横滨海军造船厂,{'$oid': '5cc93184831b973d657f14f5'},,NULL,14200吨,NULL,1936年6月19日,1940年12月27日,NULL,NULL,日本,NULL,NULL,10000-50000吨,航空母舰,1935年6月20日,NULL,"
补给舰华盛顿海军条约参加了瓜岛圣克鲁斯海战，中一枚炸弹而撤出战场。在1944年10月25日莱特湾战斗中被多枚炸弹命中沉没，当时是作为小泽舰队的一员充当诱饵。
",28节,NULL,NULL,NULL,退役,7800海里/18节
19.8米,龙凤号/Ryuho,舰船舰艇,989人,215.65米,NULL,NULL,{'$oid': '5cc93184831b973d657f14f6'},,NULL,16700吨,NULL,NULL,NULL,NULL,NULL,日本,NULL,NULL,10000-50000吨,航空母舰,NULL,NULL,"
龙凤号是第二次世界大战时旧日本海军的一艘轻型航空母舰，其，1934年3月31日至1941年12月20日期间是一艘潜艇母舰，其建造时被内定为航空母舰预备舰。
",26.5节,NULL,NULL,NULL,NULL,8000海里/18节
27.7米,大凤号/Taiho航空母舰,舰船舰艇,2038人,260.6米,NULL,川崎重工神戸川崎造船所,{'$oid': '5cc93184831b973d657f14f7'},http://images.huanqiu.com/sarons/2013/12/6b410eaf4dee5555419b095c395f2767.jpg,NULL,37270吨,NULL,1943年4月7日,1944年3月7日,NULL,NULL,日本,NULL,NULL,10000-50000吨,航空母舰,1941年7月10日,NULL,"
大凤号（Taiho）航空母舰是日本帝国海军设计建造的航空母舰。大凤号的建造于1939年的第四次船舰补充计划（丸四计划）决定，计划中决定建造增建一艘大型空母以维持对美军的航空母舰数量优势。是日本二战时期主力航母翔鹤级的后续舰型设计。
",33.3节,NULL,NULL,NULL,沉没于菲律宾海。,8000海里/18节
15.8米,秋津洲号/Akitsushima 航空母舰,舰船舰艇,545人,114.8米,NULL,NULL,{'$oid': '5cc93184831b973d657f14f8'},http://images.huanqiu.com/sarons/2014/01/414f01b91373d2377fcfef2aa8f8a309.jpg,NULL,5000吨,NULL,NULL,1942年4月29日,NULL,NULL,日本,NULL,NULL,5000-10000吨,航空母舰,NULL,NULL,"
秋津洲号大型水上飞机母舰是秋津洲级水上飞机母舰的一号舰。二号舰“千早”号未建成。为了提高对前线基地的支援能力和对远洋作战舰队的补给能力，日本海军在第四次海军军备补充计划中建造了秋津洲级大型水上飞机母舰。和一般的水上飞机母舰不同，本级舰可搭载大型水上飞机（又称飞行艇）。
",19节,NULL,NULL,NULL,NULL,8000海里/14节
19.7米,日进号/Nisshin 航空母舰,舰船舰艇,689人,188米,NULL,NULL,{'$oid': '5cc93184831b973d657f14f9'},,NULL,12300吨,NULL,1942年2月27日,NULL,NULL,NULL,日本,NULL,NULL,10000-50000吨,航空母舰,NULL,NULL,日本海军1937年度03舰艇补充计划列入1艘日进号水机母舰。该舰是瑞穗的改进型，最初是作为可搭载700颗水雷的大型布雷舰列入预算科目的，开工后的1939年变更舰种为水上飞机母舰。其设计用途是在平时作为布雷舰使用，战时任务除了搭载多架水上飞机执行侦察搜敌活动外，还能搭载12艘袖珍潜艇“甲标的”，并在必要时改装成航母。,28节,NULL,NULL,NULL,NULL,8000海里/16节
14.68米,若宫号/Wakamiya 航空母舰,舰船舰艇,750人,111.25米,NULL,横须贺船厂,{'$oid': '5cc93184831b973d657f14fa'},,NULL,5895吨,NULL,NULL,1931年4月1日,NULL,NULL,日本,NULL,NULL,5000-10000吨,航空母舰,1914年,NULL,,10节,NULL,NULL,NULL,NULL,8000海里/16节
17.68米,能登吕号/Notoro 航空母舰,舰船舰艇,NULL,138.68米,NULL,NULL,{'$oid': '5cc93184831b973d657f14fb'},http://images.huanqiu.com/sarons/2014/01/f878c2df4022432e63775e96df0767a2.jpg,NULL,14050吨,NULL,NULL,1926年5月,NULL,NULL,日本,NULL,NULL,10000-50000吨,航空母舰,NULL,NULL,"
能登吕号1920年竣工时为供油船，1926年5月改为水上飞机母舰。
",12节,NULL,NULL,NULL,NULL,NULL
18.8米,瑞穗号/Nisshin 航空母舰,舰船舰艇,324人,183.6米,NULL,横须贺工厂,{'$oid': '5cc93185831b973d657f14fc'},,NULL,12150吨,NULL,1938年,1939年,NULL,NULL,日本,NULL,NULL,10000-50000吨,航空母舰,1937年,NULL,,22节,NULL,NULL,NULL,退役,8000 海里/16 节
20.8米,千岁级/Zuiho 航空母舰,舰船舰艇,967人,185.93米,NULL,NULL,{'$oid': '5cc93185831b973d657f14fd'},http://images.huanqiu.com/sarons/2014/02/46c566a54835d6fb37ca8ef31fcd2e44.jpg,NULL,13600吨,NULL,NULL,1944年,NULL,NULL,日本,NULL,NULL,10000-50000吨,航空母舰,1943年,NULL,,29节,NULL,NULL,NULL,退役,11810海里/18节
26.7米,隼鹰号/Junyo 航空母舰,舰船舰艇,1187人,219.3米,NULL,三菱长崎造船厂,{'$oid': '5cc93185831b973d657f14fe'},http://images.huanqiu.com/sarons/2014/01/1ed52b8ba14f647293f4f127fc41806f.jpg,NULL,28300吨,NULL,NULL,NULL,NULL,NULL,日本,NULL,NULL,10000-50000吨,航空母舰,1939年3月,NULL,"
太平洋战争开战初期，日本海军为弥补航空母舰的不足，开始把两艘快速邮船改装为航空母舰，其中之一就是隼鹰号。
",25.5节,NULL,NULL,NULL,NULL,12251海里/18节
26.7米,飞鹰号/Hiyo 航空母舰,舰船舰艇,1187人,219.3米,NULL,川畸公司神户船厂,{'$oid': '5cc93185831b973d657f14ff'},,NULL,28300吨,NULL,1941年6月24日,1942年7月31日,NULL,NULL,日本,NULL,NULL,10000-50000吨,航空母舰,1939年11月30日,NULL,"
“飞鹰号”的前身是日本邮轮计划建造的 24,000 吨级高速豪华邮轮“出云丸号”。“出云丸号”是日本建造的最庞大的豪华邮轮，原本是拟用它来跑太平洋航线，但还没有建造完成就被军方给征用，改建成了“飞鹰号”。不过，毕竟飞鹰级是从民用船只改装而来，最高时速只能达到 25 节，无法作为舰队航母使用，并且它的整体防御力也不及正规的航母，很容易因遭受攻击而重创。不过飞鹰级的其他性能倒是和联合舰队的中型航母“苍龙号”相近，也算得上是不错的舰艇了。1940 年（昭和 15 年）开始进行改装，1941 年（昭和 16 年）下水，1942 年（昭和 17 年）7 月 31 日完工并正式改名“飞鹰号”。
",25节,NULL,NULL,NULL,NULL,12251海里/18节
20.8米,千代田号/Chiyoda 航空母舰,舰船舰艇,967人,185.93米,NULL,NULL,{'$oid': '5cc93185831b973d657f1500'},http://images.huanqiu.com/sarons/2014/01/abc5b7b1523637323fa27d0455afaace.jpg,NULL,13600吨,NULL,NULL,NULL,NULL,NULL,日本,NULL,NULL,10000-50000吨,航空母舰,NULL,NULL,"
千代田号航空母舰的前身是千代田号水上飞机母舰，可以载24架水上飞机或12架水上飞机和12艘小型潜艇，也可以用来运送燃油，千代田号和其同型舰千岁号在水上飞机母舰时已参加中日战争，1942年中途岛海战，日本海军一下子失去4艘主力航空母舰，为了补充损失故决定把其他军舰或商船改造成航空母舰，当中包括千岁级水上飞机母舰。1943年2月1日至12月21日，千代田号在横须贺海军工厂进行改工程，其航空母舰设计类似祥凤级轻型航空母舰。
",29节,NULL,NULL,NULL,NULL,11810海里/18节
22.5米,神鹰级/Chiyoda 航空母舰,舰船舰艇,747人,180.24米,NULL,北德意志罗伊德公司,{'$oid': '5cc93185831b973d657f1501'},,NULL,17830吨,NULL,1934年,1939年,NULL,NULL,日本,NULL,NULL,10000-50000吨,航空母舰,NULL,NULL,,21节,NULL,NULL,NULL,退役,8500海里/18节
22.5米,大鹰号/Taiyo 航空母舰,舰船舰艇,747人,180.24米,NULL,三菱公司长崎船厂，Sasebo海军船厂（改装）,{'$oid': '5cc93185831b973d657f1502'},http://images.huanqiu.com/sarons/2014/01/d23370f5f6737bad9e68a0bbf9aa0e46.jpg,NULL,17830吨,NULL,1940年9月19日,1941年9月15日,NULL,NULL,日本,NULL,NULL,10000-50000吨,航空母舰,NULL,NULL,"
大鹰号是日本第一型护航航母，日本海军大鹰级航空母舰
",21节,NULL,NULL,NULL,NULL,8500海里/18节
22.5米,云鹰号/Unyo 航空母舰,舰船舰艇,747人,180.24米,NULL,三菱长崎船厂，吴市海军船厂（改装）,{'$oid': '5cc93186831b973d657f1503'},,NULL,20000吨,NULL,1939年10月31日,1942年5月31日,NULL,NULL,日本,NULL,NULL,10000-50000吨,航空母舰,NULL,NULL,"
",21节,NULL,NULL,NULL,NULL,8500海里/18节
31.7米,克里蒙梭级,舰船舰艇,1338人,265米,NULL,NULL,{'$oid': '5cc93186831b973d657f1504'},http://images.huanqiu.com/sarons/2013/12/2030b0c55e23ca08bf9d005c85ec432a.jpg,NULL,32780吨,NULL,NULL,1961年11月,NULL,NULL,法国,NULL,NULL,10000-50000吨,航空母舰,1955年11月,NULL,"
“克里蒙梭”级航空母舰是法国著名的一级航空母舰。它是法国海军自行建造的第一级航空母舰，也是目前世界唯一能起飞固定翼飞机的中型航空母舰。该级舰共建造2艘，首制舰即“克里蒙梭”号，于1955年11月开工，1961年11月入役。第二艘舰“福熙”号建于 1957年2月，1963年7月服役。
",32节,NULL,NULL,NULL,NULL,NULL
24.4米,阿罗芒什号/Arromanches航空母舰,舰船舰艇,1200人,212米,NULL,泰恩的威克斯埃姆斯特朗造船厂,{'$oid': '5cc93186831b973d657f1505'},http://images.huanqiu.com/sarons/2013/12/ba2a48d70d260843bdcbb812768d7586.jpg,NULL,13600吨,NULL,NULL,1943年3月,NULL,NULL,英国,NULL,NULL,10000-50000吨,航空母舰,1942年6月,NULL,"
该航母是英国于1946年借给法国的，租借期5年。由泰恩的威克斯埃姆斯特朗造船厂于1942年6月开始建成，建造师命名为“巨人”号。1943年3月开始服役。
",25节,NULL,NULL,NULL,NULL,22000千米
26.7米,飞鹰级/Hiyo 航空母舰,舰船舰艇,1187人,219.3米,NULL,NULL,{'$oid': '5cc93186831b973d657f1506'},,NULL,28300吨,NULL,NULL,1942年,NULL,NULL,美国,NULL,NULL,10000-50000吨,航空母舰,NULL,NULL,,25节,NULL,NULL,NULL,退役,12251海里/18节
33.3米,博伊斯-贝莱奥号航空母舰/Boyce Beilai Ao ,舰船舰艇,1569人,261.5米,NULL,NULL,{'$oid': '5cc93186831b973d657f1507'},,NULL,11000吨,NULL,NULL,1943年5月,NULL,NULL,美国,NULL,NULL,10000-50000吨,航空母舰,1941年8月,NULL,"
“博伊斯-贝莱奥”号航空母舰是美国借给法国的，当时的名字是“贝劳伍德”号。该航母始建于1941年8月，由卡姆登纽约造船公司作为轻型巡洋舰建造。
",32节,NULL,11000吨,NULL,NULL,58.5 km/h
22.5米,大鹰级/Taiyo 航空母舰,舰船舰艇,747人,180.24米,NULL,三菱公司长崎船厂,{'$oid': '5cc93187831b973d657f1508'},,NULL,17830吨,NULL,1939年,1942年,NULL,NULL,日本,NULL,NULL,10000-50000吨,航空母舰,NULL,NULL,,21节,NULL,NULL,NULL,退役,8500海里/18节
39米,凯沃尔号/Cavour 航空母舰,舰船舰艇,1200人,244米,NULL,意大利芬坎蒂尼(Fincantieri)公司,{'$oid': '5cc93187831b973d657f1509'},http://images.huanqiu.com/sarons/2014/02/1c770c5ec1913fc673cb72efa6ba6d9a.jpg,NULL,27100吨,NULL,2004年,2008年,NULL,NULL,意大利,NULL,NULL,10000-50000吨,航空母舰,2001年,NULL,"
意大利海军在2002年退役了“维内托”号直升机巡洋舰后，大型舰艇就只剩下“加里波第”号航母了，服役快满20年了，已开始步入“中暮年”期。很难完成从地中海海域东进西出的海上行动及有效保卫自己海洋权益的任务。随着其经济的持续增长和外贸进口的不断增加以及参与世界维和行动数量的日渐增多，意大利对建立一支较强的海上力量表现出了极大的渴求，尤其对航空母舰的需求似乎格外强烈。正是在这种情况下，意大利政府决定拿出8.5亿美元，为海军建造一艘无论是吨位、还是总体性能均优于“加里波第”号的新型航空母舰，以期保持拥有两个轻型航空母舰编队的实力。正是在这种情况下，“凯沃尔”号出世了。
",28节,NULL,NULL,NULL,现役,13000千米
31.7米,拉法耶特号/Lafayette No ,舰船舰艇,1569人,185.9米,NULL,NULL,{'$oid': '5cc93187831b973d657f150a'},http://images.huanqiu.com/sarons/2013/12/796017e04e1a90039fcd5a51d654f801.jpg,NULL,11000吨,NULL,NULL,1943年8月,NULL,NULL,美国,NULL,NULL,10000-50000吨,航空母舰,1942年4月,NULL,"
拉法耶特号航母是美国借给法国的，当时的名字是“兰利”。该航母始建于1942年4月，由卡姆登纽约造船公司作为轻型巡洋舰建造，1943年8月开始服役。后来被改造成为轻型航空母舰。
",32节,NULL,NULL,NULL,NULL,NULL
33.74米,贝劳森林号航空母舰/CVL-24,舰船舰艇,1569人,189.64米,NULL,纽约造船厂,{'$oid': '5cc93187831b973d657f150b'},,NULL,15200吨,NULL,1942年12月6日,1943年3月31日,NULL,NULL,美国,NULL,NULL,10000-50000吨,航空母舰,1941年8月11日,NULL,"
贝劳森林号(航空母舰是一艘隶属于美国海军的航空母舰，为独立级航空母舰的三号舰。她是美军第一艘以贝劳森林为名的军舰，纪念第一次世界大战的贝劳森林战役；该战美国海军陆战队以极高死伤，将德军驱逐出贝劳镇西南的林地，最终阻止德军向巴黎推进。法国海军。
",31.5节,NULL,NULL,NULL,退役,15节时为12500海里
21.8米,拉法叶号/R96/兰利号,舰船舰艇,1569人,189.7米,NULL,NULL,{'$oid': '5cc93187831b973d657f150c'},http://images.huanqiu.com/sarons/2014/02/1c7b8abfe702d60712191256e65a21df.jpg,NULL,15200吨,NULL,NULL,1951年6月2日,NULL,NULL,美国,NULL,NULL,10000-50000吨,航空母舰,NULL,NULL,"
兰利号（英文：USS Langley，CVL-27）为第六艘独立级轻航空母舰，从1943年至1947年在美国海军服役。1951年移交给法国海军，改名为拉法叶号（La Fayette，R96），并服役至1963年。
",31.5节,NULL,NULL,NULL,NULL,15节时为12500海里
21.9米,海鹰级/Kaiyo 轻型航空母舰,舰船舰艇,829人,166.55米,NULL,大阪商船公司,{'$oid': '5cc93187831b973d657f150d'},,NULL,16700吨,NULL,NULL,1939年,NULL,NULL,日本,NULL,NULL,10000-50000吨,航空母舰,NULL,NULL,,23节,NULL,NULL,NULL,退役,7000海里/18节
51.3米,新罗西斯克号,舰船舰艇,1600人,273.1米,NULL,乌克兰黑海尼古拉耶夫造船厂,{'$oid': '5cc93187831b973d657f150e'},http://images.huanqiu.com/sarons/2013/12/4c013fae43f85ae2dd63e91a2aa34a1f.jpg,NULL,43500吨,NULL,1978年12月26日,1982年9月14日,NULL,NULL,苏/俄,NULL,NULL,10000-50000吨,航空母舰,1975年9月30日,NULL,"
新罗西斯克号航空母舰（或：诺沃罗西斯克号，俄语：«Новороссийск»），为基辅级航舰之三号舰，以俄罗斯南部的克拉斯诺达尔边疆区一个港口城市新罗西斯克命名，该城也是苏联仅有的几个英雄城市之一。
",32节,NULL,NULL,NULL,退役,13500海里/18节
35.2米,贝亚恩号航空母舰/Bearn,舰船舰艇,875人,182.6米,NULL,NULL,{'$oid': '5cc93188831b973d657f150f'},,NULL,27951吨,NULL,NULL,NULL,NULL,NULL,法国,NULL,NULL,10000-50000吨,航空母舰,1914年1月10日,NULL,"
贝亚恩号原本是诺曼底级战舰第5号舰，1914年1月10日开始建造，但因为第一次世界大战爆发而令大批工人被征召入伍和要优先制造其他军备，诺曼底级的建造进度缓慢甚至后来完全停工，一战后由于认为诺曼底级的设计已过时再加上1922年2月法国和西方列强所签订的《华盛顿海军条约》，这令法国军方决定把还未完成的诺曼底级战舰报废拆毁，但原本诺曼底级战舰第5号舰却被改造成为贝亚恩号航空母舰，贝亚恩号航空母舰是法国第一艘航空母舰。
",21.5节,NULL,NULL,NULL,NULL,6000海里/10节
29.18米,R38/胜利号/Victorious ,舰船舰艇,1211人,230米,NULL,NULL,{'$oid': '5cc93188831b973d657f1510'},,NULL,28919吨,NULL,1939年9月14日,1942年,NULL,NULL,英国,NULL,NULL,10000-50000吨,航空母舰,1937年5月4日,NULL,"
胜利号攻击航母(Victorious)由Vickers-Armstrong, Tyne 建造。1937年5月4日开工，1939年9月14日下水，1941年5月29日完工。1942年租借给美国。战后用作部队运输舰。1950年3月开始进行了重建。1958年1月14日作为攻击航母再次服役。1969年卖出，同年拆毁。
",30.5节,NULL,NULL,NULL,NULL,11000 海里/14节
27.51米,独角兽号/Unicorn航空母舰,舰船舰艇,NULL,200米,NULL,NULL,{'$oid': '5cc93188831b973d657f1511'},http://images.huanqiu.com/sarons/2013/12/bd134776785e06c23fd4c674e6cf3223.jpg,NULL,20600吨,NULL,1941年11月20日,1943年3月12日,NULL,NULL,英国,NULL,NULL,10000-50000吨,航空母舰,1939年6月26日,NULL,"
独角兽号航空母舰（Unicorn）是英国皇家海军的一艘自1943年开始服役的航空母舰，除了经历了世界大战一直到日本投降外，还参加了韩战。独角兽号没有同型舰，它的设计深受皇家方舟号航空母舰所影响。
",22节,NULL,14990吨,NULL,退役,NULL
24.4米,维卡兰号/VIKRANT航母,舰船舰艇,1075人,213.4米,NULL,NULL,{'$oid': '5cc93188831b973d657f1512'},http://images.huanqiu.com/sarons/2014/02/05579996262486b82751d7769d23de05.jpg,NULL,19500吨,NULL,NULL,1961年,NULL,NULL,英国,NULL,NULL,10000-50000吨,航空母舰,1943年,NULL,,24.5节,NULL,NULL,NULL,退役成为孟买的一间海事博物馆。,6500海里/ 14节
24.4米,5月25日号,舰船舰艇,1500人,211.3米,NULL,NULL,{'$oid': '5cc93188831b973d657f1513'},http://images.huanqiu.com/sarons/2013/12/7caafda7d8f3bb5213ed13e609deb076.jpg,NULL,19896吨,大西洋,NULL,NULL,NULL,NULL,阿根廷,NULL,NULL,10000-50000吨,航空母舰,1942年,NULL,,25节,NULL,NULL,NULL,退役并拆毁,NULL
30.5米,查克里·纳吕贝特号 航空母舰,舰船舰艇,539人,182.56米,NULL,纳凡蒂亚造船厂（巴赞造船厂）,{'$oid': '5cc93188831b973d657f1514'},http://images.huanqiu.com/sarons/2013/12/57b1dd99f972c9669934ed8b75cdb040.jpg,NULL,11486吨,NULL,1996年1月20日,1997年3月27日,NULL,NULL,泰国,NULL,"2 x 0.5 英寸口径机枪；3 x 海对空导弹发射架。",10000-50000吨,航空母舰,1994年6月12日,1 艘,查克里·纳吕贝特号航空母舰（泰语：เรือหลวงจักรีนฤเบศร），是泰国皇家海军所属的航空母舰，代号HTMS Chakri Naruebet R-911，制造国是西班牙，是世界上最小的航空母舰之一。有泰国海军镇山之宝之称。查克里·纳吕贝特号服役后，泰国因而成为东南亚地区中唯一拥有航空母舰的国家。制造商是西班牙巴赞造船厂，与阿斯图里亚斯亲王号航空母舰为同一级航舰。由于泰国财政状况在亚洲金融风暴后并不佳，维持这艘航舰的运作已经非常勉强。,22.5节,NULL,NULL,NULL,在役,10000 海里/12 节；7150 海里/16.5 节
31.7米,圣保罗号/福熙号,舰船舰艇,1338人,265米,NULL,NULL,{'$oid': '5cc93188831b973d657f1515'},http://images.huanqiu.com/sarons/2014/02/91f51cff9895abb6d9b8f0b2b1d53378.jpg,戴高乐号航空母舰,32800吨,NULL,1959年（法国）,2000年10月15日,克里蒙梭号航空母舰,NULL,法国,NULL,NULL,10000-50000吨,航空母舰,NULL,克里蒙梭号航空母舰,圣保罗号航空母舰（São Paulo，A12），是巴西海军的旗舰。原名福熙号航空母舰，是法国克里蒙梭级航空母舰的第二艘，以法国著名将领福熙元帅命名，于2000年11月卖给巴西海军，改名为圣保罗号。,32节,NULL,NULL,NULL,NULL,NULL
29米,R92/不屈号/Indomitable ,舰船舰艇,NULL,205米,NULL,NULL,{'$oid': '5cc93189831b973d657f1516'},,NULL,29700吨,NULL,1940年3月26日,1941年10月10日,NULL,NULL,英国,NULL,NULL,10000-50000吨,航空母舰,1937年11月10日,NULL,"
不屈号属于英国的舰队航母(Indomitable)，是由Vickers-Armstrong, Barrow.建造。1937年11月10日开工，1940年3月26日下水，1941年10月10日服役。
",30.5节,NULL,NULL,NULL,NULL,NULL
51米,维兰玛迪雅号/Vikramaditya,舰船舰艇,1400人,283米,NULL,乌克兰尼古拉耶夫黑海船厂,{'$oid': '5cc93189831b973d657f1517'},http://images.huanqiu.com/sarons/2014/02/6c510e0ec013e2d1641a55e2af77371e.jpg,NULL,45000吨,NULL,1982年4月1日（戈尔什科夫海军元帅号航空母舰）,1987年12月11日（戈尔什科夫海军元帅号航空母舰）,NULL,NULL,印度,NULL,NULL,10000-50000吨,航空母舰,1978年2月17日（戈尔什科夫海军元帅号航空母舰）,NULL,"
2004年，印度与俄罗斯达成了购买“戈尔什科夫”号退役航母的协议，并将该航母命名为“维克拉马蒂亚”号。这份合同总价15亿美元，包括现代化改装和所搭载的“米格－29”舰载机费用，预定2008年交付。“维克拉马蒂亚”号改装可谓命途多舛，改装费用一路攀升至23.4亿美元，交付日期也一再拖延，直到2012年初改装才基本结束。今年7月，“维克拉玛蒂亚”号航母开始交付前的最后海试，预计年底向印度交付。
",32节,NULL,NULL,NULL,试航,NULL
24.4米,米勒斯吉拿斯号,舰船舰艇,1300人,211.8米,NULL,NULL,{'$oid': '5cc93189831b973d657f1518'},http://images.huanqiu.com/sarons/2014/02/e9d574ac5787e639b53a5aadc5c2830c.jpg,NULL,19890吨,NULL,NULL,NULL,NULL,NULL,英国,NULL,NULL,10000-50000吨,航空母舰,NULL,NULL,,25节,NULL,NULL,NULL,2001年退役。,NULL
31.57米,R87/卓越号航空母舰/Illustrious ,舰船舰艇,2000人,230.886米,NULL,NULL,{'$oid': '5cc93189831b973d657f1519'},http://images.huanqiu.com/sarons/2013/12/bfe5a463e246511474707f3778781a20.jpg,NULL,29700吨,NULL,1939年4月5日,1940年5月25日,NULL,NULL,英国,NULL,NULL,10000-50000吨,航空母舰,1937年4月27日,NULL,"
卓越号航空母舰（英语：HMS Illustrious 87）是由英国皇家海军在第二次世界大战期间建造的舰队航空母舰，为光辉级航空母舰（英语：Illustrious-class aircraft carrier）首舰。
",30.5节,NULL,29110吨,NULL,NULL,11000海里/14节
24.8米,R21/墨尔本号/Melbourne,舰船舰艇,860人,211.2米,NULL,维克斯-阿姆斯特朗集团，巴罗因弗内斯造船厂,{'$oid': '5cc93189831b973d657f151a'},http://images.huanqiu.com/sarons/2014/02/dfdad8a9677dc4ec12ff8bb1ad610786.jpg,NULL,20250吨,NULL,1945年2月28日,1955年10月28日,NULL,NULL,英国,NULL,NULL,10000-50000吨,航空母舰,1943年4月15日,NULL,,25节,NULL,NULL,NULL,1982年3月30日退役，1985年被卖予中国广州黄埔造船厂解体。,NULL
27.7米,卓越级航空母舰,舰船舰艇,1516人,206.6米,NULL,斯旺.亨特船厂,{'$oid': '5cc93189831b973d657f151b'},http://images.huanqiu.com/sarons/2014/02/eeebe1904d5c92d51888a92121ec9790.jpg,NULL,20600吨,NULL,NULL,1982年6月,NULL,NULL,英国,NULL,NULL,10000-50000吨,航空母舰,NULL,NULL,"
英国皇家海军无敌级航空母舰大西洋战役格林威治 
",28节,NULL,NULL,NULL,NULL,7000海里/19节
24.4米,巨人级轻型航母,舰船舰艇,NULL,192米,NULL,Vickers-Armstrong Tyne ,{'$oid': '5cc93189831b973d657f151c'},,NULL,18300吨,NULL,NULL,NULL,NULL,NULL,英国,NULL,NULL,10000-50000吨,航空母舰,二战时期,NULL,"
该级航母曾大量建造，性能介于舰队航母和护航航母之间。航母的设计适合所有大船厂，特别是商船船厂和没有航母建造经验的船厂。该级航母的大多数因建造时间太迟，没有在二战中发挥作用，但许多艘在战后出现在国外海军中。
",25节,NULL,NULL,NULL,NULL,NULL
28.9米,皇家方舟号航空母舰,舰船舰艇,NULL,243.8米,NULL,NULL,{'$oid': '5cc93189831b973d657f151d'},,NULL,27720吨,NULL,1937年,1938年,NULL,NULL,英国,NULL,NULL,10000-50000吨,航空母舰,1935年9月,NULL,"
皇家方舟号航空母舰（HMS Ark Royal）是英国海军设计建造的航空母舰。英国海军历史上有三艘用“皇家方舟”命名的航空母舰，1937年命名的是第一艘。
",30节,NULL,NULL,NULL,NULL,NULL
31.5米,B航舰,舰船舰艇,2026人,262.5米,NULL,基尔德意志造船厂,{'$oid': '5cc9318a831b973d657f151e'},http://images.huanqiu.com/sarons/2013/12/f431b546a8d223119f1c3ee810747496.jpg,NULL,33500吨,NULL,NULL,NULL,NULL,NULL,德国,NULL,NULL,10000-50000吨,航空母舰,1938年,齐柏林伯爵号,B航舰（Flugzeugträger B）是德国海军一艘从未完工下水的航空母舰，是当时德国海军制订的Z计划的一部份，与齐柏林伯爵号的姊妹舰。,35节,NULL,NULL,NULL,NULL,8000/19节
31.5米,格拉夫·齐柏林/A航舰 航空母舰,舰船舰艇,1760人,262.5米,NULL,德意志造船厂,{'$oid': '5cc9318a831b973d657f151f'},http://images.huanqiu.com/sarons/2013/12/ecb041dbe91b7899738d3f9de864e4be.jpg,NULL,31367吨,NULL,1938年12月8日,NULL,NULL,NULL,德国,NULL,NULL,10000-50000吨,航空母舰,1936年12月28日,NULL,"
齐柏林伯爵号（Graf Zeppelin）是一艘德国战争海军在第二次世界大战期间所建造的航空母舰，也是历史上德国唯一下水过的一艘航空母舰。1936年12月28日在基尔的德意志造船厂安放龙骨起造的齐柏林伯爵号是德国海军在二战时充满野心的Z计划之一部分，根据当时德国海军元帅埃里希·雷德尔的规划，除了代号A航舰（Flugzeugträger A）的齐柏林伯爵号外，原本它还有一艘姊妹舰“B航舰”（Flugzeugträger B，德国海军在新舰实际下水之前并不会正式赋予舰名，而是以代号称呼之），后者在建造中途停工报废，从未实际下水也未能获得命名。
",33.8节,NULL,NULL,NULL,NULL,8000/19节
27.4米,竞技神号/Hermes 航空母舰,舰船舰艇,1350人,182米,NULL,NULL,{'$oid': '5cc9318a831b973d657f1520'},http://images.huanqiu.com/sarons/2013/12/9889409bc70c2ce87f745edab09cce70.jpg,NULL,13200吨,NULL,NULL,1923年,NULL,NULL,英国,NULL,NULL,10000-50000吨,航空母舰,1918年,NULL,"
竞技神号航空母舰(HMS Hermes)是英国皇家海军设计建造的航空母舰。竞技神号航空母舰是英国海军于1917年订购的，是第一艘专门设计的航空母舰，。
",25节,NULL,NULL,NULL,NULL,6000海里/18节
21.8米,戴达罗号航空母舰,舰船舰艇,1112人,189.9米,NULL,纽约造船厂（卡伯特号）,{'$oid': '5cc9318a831b973d657f1521'},,NULL,16416吨,NULL,1943年4月4日（卡伯特号）,1967年8月30日加入西班牙海军（卡伯特号）,NULL,NULL,美国,NULL,NULL,10000-50000吨,航空母舰,1942年3月16日（卡伯特号）,NULL,,24节,NULL,NULL,NULL,退役拆毁,NULL
37.49米,半人马级航空母舰,舰船舰艇,1350人,198.12米,NULL,NULL,{'$oid': '5cc9318a831b973d657f1522'},,NULL,27800吨,NULL,NULL,NULL,NULL,NULL,英国,NULL,NULL,10000-50000吨,航空母舰,1943年,NULL,"
巨人级的改进型，在二战结束后才完工。据1943年战时计划，原拟建造8艘，称竞技神级，大战结束后，4艘被取消，3艘改称人马座级，余下1艘叫“竞技神”号,竞技神号与其他三艘差别较大，在服役的末期参加了马岛战争。


",28.5节,NULL,NULL,NULL,NULL,6000海里/20节
20.7米,百眼巨人号/Argus 航空母舰,舰船舰艇,401人,173米,NULL,威廉比尔德莫尔公司,{'$oid': '5cc9318a831b973d657f1523'},,NULL,15775吨,NULL,1917年12月2日 ,1918年9月19日,NULL,NULL,英国,NULL,NULL,10000-50000吨,航空母舰,1914年 ,NULL,"
百眼巨人号航空母舰（HMS Argus，“Argus”是希腊神话中的百眼巨人名字）是英国皇家海军一艘自1918年服役至1944年的航空母舰，是世界上第一艘全通式甲板航空母舰。百眼巨人号是英国皇家海军第一艘真正意义上的航空母舰外型的船舰，但因为其起初并非作为航空母舰而设计，而只能说具有现代航舰的雏型（第一艘以航空母舰的设计而建造船只为日本帝国海军的凤翔号航空母舰），由于其全通式甲板的特征令它得到了“熨斗”、“针线盒”（Ditty Box）的绰号。
",20.75节,NULL,NULL,NULL,退役,在16节速度下可航行8090公里
29.18米,光辉级航空母舰,舰船舰艇,1211人,230米,NULL,NULL,{'$oid': '5cc9318a831b973d657f1524'},,NULL,28919吨,NULL,NULL,NULL,NULL,NULL,英国,NULL,NULL,10000-50000吨,航空母舰,1936年,NULL,"
光辉级航空母舰(ILLUSTRIOUS CLASS)是英国海军建造的一型航空母舰。光辉级航空母舰是英国在第二次世界大战前设计的一级新型航空母舰，1936年英国通过建造两艘2万3千吨级航空母舰预算。1937年海军预算中计划建造另外两艘同级航空母舰。同级舰4艘：光辉号，胜利号，可畏号，不挠号。
",30.5节,NULL,NULL,NULL,NULL,11000 海里/14节
